Symbol,Name,Last Sale,Net Change,% Change,Market Cap,Country,IPO Year,Volume,Sector,Industry
A,Agilent Technologies Inc. Common Stock,$111.30,-0.45,-0.403%,31453637882.00,United States,1999,4402459,Industrials,Biotechnology: Laboratory Analytical Instruments
AA,Alcoa Corporation Common Stock ,$56.45,-2.20,-3.751%,14893753436.00,United States,2016,7736991,Industrials,Aluminum
AACB,Artius II Acquisition Inc. Class A Ordinary Shares,$10.34,0.00,0.00%,0.00,United States,2025,12,,
AACBR,Artius II Acquisition Inc. Rights,$0.335,-0.005,-1.471%,0.00,United States,2025,8216,,
AACG,ATA Creativity Global American Depositary Shares,$1.03,0.0515,5.263%,44268302.00,China,2008,50286,Real Estate,Other Consumer Services
AACIU,Armada Acquisition Corp. III Units,$9.96,-0.01,-0.10%,0.00,United States,2026,1838,Finance,Blank Checks
AACOU,Abony Acquisition Corp. I Units,$9.94,0.00,0.00%,0.00,United States,2026,1692,,
AAL,American Airlines Group Inc. Common Stock,$10.43,-0.37,-3.426%,6886976696.00,United States,,58105187,Consumer Discretionary,Air Freight/Delivery Services
AAME,Atlantic American Corporation Common Stock,$2.53,-0.08,-3.065%,51604987.00,United States,,23633,Finance,Life Insurance
AAMI,Acadian Asset Management Inc. Common Stock,$50.83,-1.22,-2.344%,1815778131.00,United Kingdom,2014,568015,Finance,Investment Managers
AAOI,Applied Optoelectronics Inc. Common Stock,$87.54,-14.38,-14.109%,6582904440.00,United States,2013,12129413,Technology,Semiconductors
AAON,AAON Inc. Common Stock,$80.01,-0.04,-0.05%,6520803239.00,United States,,957937,Industrials,Industrial Machinery/Components
AAP,Advance Auto Parts Inc.,$47.04,-1.30,-2.689%,2827104000.00,United States,,2439166,Consumer Discretionary,Auto & Home Supply Stores
AAPG,Ascentage Pharma Group International American Depository Shares,$19.11,-2.9301,-13.294%,1663843586.00,China,2025,17610,Health Care,Biotechnology: Pharmaceutical Preparations
AAPL,Apple Inc. Common Stock,$247.99,-0.97,-0.39%,3640775908600.00,United States,1980,88258573,Technology,Computer Manufacturing
AARD,Aardvark Therapeutics Inc. Common Stock,$4.07,-0.83,-16.939%,88617217.00,United States,2025,437653,Health Care,Biotechnology: Pharmaceutical Preparations
AAT,American Assets Trust Inc. Common Stock,$18.33,-0.57,-3.016%,1125295857.00,United States,2011,901036,Real Estate,Real Estate Investment Trusts
AAUC,Allied Gold Corporation Common Shares,$30.60,-0.42,-1.354%,3851965607.00,,2025,2831239,,
AB,AllianceBernstein Holding L.P.  Units,$37.10,-0.36,-0.961%,3423750016.00,United States,,331749,Finance,Investment Managers
ABAT,American Battery Technology Company Common Stock,$2.90,-0.13,-4.29%,381956811.00,United States,,5078339,Basic Materials,Metal Mining
ABBV,AbbVie Inc. Common Stock,$205.07,-1.16,-0.562%,362598419291.00,United States,2012,27979796,Health Care,Biotechnology: Pharmaceutical Preparations
ABCB,Ameris Bancorp Common Stock,$74.49,-0.14,-0.188%,5056403324.00,United States,1994,1128371,Finance,Major Banks
ABCL,AbCellera Biologics Inc. Common Shares,$3.40,-0.13,-3.683%,1001862809.00,Canada,2020,2448445,Health Care,Biotechnology: Pharmaceutical Preparations
ABEO,Abeona Therapeutics Inc. Common Stock,$4.45,-0.09,-1.982%,253868152.00,United States,,1693470,Health Care,Biotechnology: Pharmaceutical Preparations
ABEV,Ambev S.A. American Depositary Shares (Each representing 1 Common Share),$2.71,-0.09,-3.214%,42714041029.00,Brazil,2013,27591015,Consumer Staples,Beverages (Production/Distribution)
ABG,Asbury Automotive Group Inc Common Stock,$185.08,-3.89,-2.059%,3564255834.00,United States,2002,436148,Consumer Discretionary,Retail-Auto Dealers and Gas Stations
ABLV,Able View Global Inc. Class B Ordinary Shares,$0.6349,0.0249,4.082%,31357661.00,China,,783,Consumer Discretionary,Other Consumer Services
ABLVW,Able View Global Inc. Warrant,$0.0165,0.00,0.00%,814934.00,China,,35,Consumer Discretionary,Other Consumer Services
ABM,ABM Industries Incorporated Common Stock,$37.39,-0.11,-0.293%,2188542140.00,United States,,2195495,Consumer Discretionary,Diversified Commercial Services
ABNB,Airbnb Inc. Class A Common Stock,$128.52,-2.27,-1.736%,78231917882.00,United States,2020,7047209,Consumer Discretionary,Diversified Commercial Services
ABOS,Acumen Pharmaceuticals Inc. Common Stock,$2.67,-0.25,-8.562%,161731045.00,United States,2021,490867,Health Care,Biotechnology: Biological Products (No Diagnostic Substances)
ABR,Arbor Realty Trust Common Stock,$7.51,-0.32,-4.087%,1450296023.00,United States,2004,6256382,Real Estate,Real Estate Investment Trusts
ABR^D,Arbor Realty Trust 6.375% Series D Cumulative Redeemable Preferred Stock Liquidation Preference $25.00 per Share,$17.26,-0.25,-1.428%,,United States,,16302,,
ABR^E,Arbor Realty Trust 6.25% Series E Cumulative Redeemable Preferred Stock,$16.89,-0.31,-1.802%,,United States,,10636,,
ABR^F,Arbor Realty Trust 6.25% Series F Fixed-to-Floating Rate Cumulative Redeemable Preferred Stock Liquidation Preference $25.00 per share,$22.15,-0.02,-0.09%,,United States,,60512,,
ABSI,Absci Corporation Common Stock,$2.96,-0.12,-3.896%,445099732.00,United States,2021,8375174,Health Care,Biotechnology: Commercial Physical & Biological Resarch
ABT,Abbott Laboratories Common Stock,$105.46,-1.73,-1.614%,183675181389.00,United States,,81265276,Health Care,Biotechnology: Pharmaceutical Preparations
ABTC,American Bitcoin Corp. Class A Common Stock,$0.9468,-0.0732,-7.176%,878256408.00,United States,2018,18759302,Technology,EDP Services
ABTS,Abits Group Inc Ordinary Shares,$2.555,-0.025,-0.969%,6055337.00,China,,2370,Technology,Computer Software: Programming Data Processing
ABUS,Arbutus Biopharma Corporation Common Stock,$4.24,-0.13,-2.975%,815453832.00,Canada,,3729044,Health Care,Biotechnology: Pharmaceutical Preparations
ABVC,ABVC BioPharma Inc. Common Stock,$1.22,-0.07,-5.426%,31037297.00,United States,,77580,Health Care,Biotechnology: Pharmaceutical Preparations
ABVE,Above Food Ingredients Inc. Common Stock,$0.70,-0.35,-33.333%,35834294.00,Canada,,8483589,Consumer Staples,Packaged Foods
ABVEW,Above Food Ingredients Inc. Warrants,$0.2307,-0.0793,-25.581%,11809959.00,Canada,,206841,Consumer Staples,Packaged Foods
ABVX,Abivax SA American Depositary Shares,$120.34,-2.685,-2.182%,9451071820.00,France,2023,1373278,Health Care,Biotechnology: Pharmaceutical Preparations
ABX,Abacus Global Management Inc. Class A Common Stock,$8.98,-0.04,-0.443%,866948552.00,United States,,1166753,Finance,Investment Managers
ABXL,Abacus Global Management Inc. 9.875% Fixed Rate Senior Notes due 2028,$25.03,-0.3899,-1.534%,0.00,United States,,20958,,
ACA,Arcosa Inc. Common Stock ,$100.68,-1.49,-1.458%,4937752135.00,United States,2018,656100,Industrials,Metal Fabrications
ACAAU,Averin Capital Acquisition Corp. Units,$10.08,0.01,0.099%,0.00,United States,2026,1725,Finance,Blank Checks
ACAD,ACADIA Pharmaceuticals Inc. Common Stock,$20.74,0.02,0.097%,3536058274.00,United States,1985,3343578,Health Care,Biotechnology: Pharmaceutical Preparations
ACB,Aurora Cannabis Inc. Common Shares,$3.26,-0.12,-3.55%,184872722.00,Canada,,604814,Health Care, Medicinal Chemicals and Botanical Products 
ACCL,Acco Group Holdings Limited Class A Ordinary Shares,$1.3999,-0.0001,-0.007%,19458610.00,Hong Kong,2025,19368,Consumer Discretionary,Professional Services
ACCO,Acco Brands Corporation Common Stock,$2.87,-0.15,-4.967%,258788695.00,United States,,2821239,Consumer Discretionary,Publishing
ACCS,ACCESS Newswire Inc. Common Stock,$7.34,0.595,8.821%,28397183.00,United States,,69575,Consumer Discretionary,Publishing
ACDC,ProFrac Holding Corp. Class A Common Stock,$6.42,-0.15,-2.283%,1161511234.00,United States,2022,1726555,Energy,Oilfield Services/Equipment
ACEL,Accel Entertainment Inc. ,$10.92,-0.15,-1.355%,890712350.00,United States,2017,578659,Consumer Discretionary,Services-Misc. Amusement & Recreation
ACET,Adicet Bio Inc. Common Stock,$6.92,-0.15,-2.122%,66407136.00,United States,2018,96236,Health Care,Biotechnology: Pharmaceutical Preparations
ACFN,Acorn Energy Inc. Common Stock,$18.12,-0.97,-5.081%,45417798.00,United States,,13546,Consumer Discretionary,Military/Government/Technical
ACGL,Arch Capital Group Ltd. Common Stock,$92.30,0.13,0.141%,32840646436.00,Bermuda,,4093155,Finance,Property-Casualty Insurers
ACGLN,Arch Capital Group Ltd. Depositary Shares each Representing a 1/1000th Interest in a 4.550% Non-Cumulative Preferred Share Series G,$16.52,-0.34,-2.017%,5877870846.00,Bermuda,,28286,Finance,Property-Casualty Insurers
ACGLO,Arch Capital Group Ltd. Depositary Shares Each Representing 1/1000th Interest in a Share of 5.45% Non-Cumulative Preferred Shares Series F,$19.79,-0.27,-1.346%,7041347703.00,Bermuda,,39712,Finance,Property-Casualty Insurers
ACH,Accendra Health Inc. Common Stock,$1.96,-0.07,-3.448%,149816153.00,United States,,2232261,Health Care,Medical Specialities
ACHC,Acadia Healthcare Company Inc. Common Stock,$22.73,-0.23,-1.002%,2095973691.00,United States,,3754927,Health Care,Medical Specialities
ACHR,Archer Aviation Inc. Class A Common Stock,$5.76,-0.25,-4.16%,4288543672.00,United States,2020,33991500,Industrials,Aerospace
ACHV,Achieve Life Sciences Inc. Common Shares,$4.00,-0.09,-2.20%,212935952.00,United States,,305528,Health Care,Biotechnology: In Vitro & In Vivo Diagnostic Substances
ACI,Albertsons Companies Inc. Class A Common Stock,$17.29,-0.05,-0.288%,8885557862.00,United States,2020,15817439,Consumer Staples,Food Chains
ACIC,American Coastal Insurance Corporation Common Stock,$11.06,0.00,0.00%,538137627.00,United States,,271561,Finance,Property-Casualty Insurers
ACIU,AC Immune SA Common Stock,$2.85,-0.10,-3.39%,290054683.00,Switzerland,2016,232846,Health Care,Biotechnology: Pharmaceutical Preparations
ACIW,ACI Worldwide Inc. Common Stock,$39.44,-0.24,-0.605%,4011836051.00,United States,,1382785,Technology,Computer Software: Prepackaged Software
ACLS,Axcelis Technologies Inc. Common Stock,$84.43,-2.69,-3.088%,2593589550.00,United States,2000,1112097,Technology,Industrial Machinery/Components
ACLX,Arcellx Inc. Common Stock,$114.77,0.44,0.385%,6711728023.00,United States,2022,3174121,Health Care,Biotechnology: Biological Products (No Diagnostic Substances)
ACM,AECOM Common Stock,$88.58,-1.74,-1.926%,11452386314.00,United States,2007,2285519,Consumer Discretionary,Military/Government/Technical
ACMR,ACM Research Inc. Class A Common Stock,$43.55,-3.05,-6.545%,2862436719.00,United States,2017,2227738,Technology,Industrial Machinery/Components
ACN,Accenture plc Class A Ordinary Shares (Ireland),$199.99,-3.56,-1.749%,132079904075.00,Ireland,2001,44327191,Real Estate,Real Estate
ACNB,ACNB Corporation Common Stock,$46.00,-0.015,-0.033%,476261092.00,United States,,126572,Finance,Major Banks
ACNT,Ascent Industries Co. Common Stock,$12.12,-0.34,-2.729%,114774218.00,United States,,262570,Industrials,Steel/Iron Ore
ACOG,Alpha Cognition Inc. Common Stock,$5.71,-0.13,-2.226%,124147414.00,Canada,,10711,,
ACON,Aclarion Inc. Common Stock,$3.20,-0.06,-1.84%,7303587.00,United States,2022,79133,Health Care,Medical Specialities
ACONW,Aclarion Inc. Warrant,$0.0364,0.0032,9.639%,83078.00,United States,2022,4000,Health Care,Medical Specialities
ACP,abrdn Income Credit Strategies Fund Common Shares,$5.21,-0.08,-1.512%,0.00,United States,2011,439264,Finance,Investment Managers
ACP^A,abrdn Income Credit Strategies Fund 5.250% Series A Perpetual Preferred Stock,$20.10,-0.43,-2.094%,,United States,,2679,,
ACR,ACRES Commercial Realty Corp. Common Stock,$19.00,0.18,0.956%,135490919.00,United States,,71185,Real Estate,Real Estate Investment Trusts
ACR^C,ACRES Commercial Realty Corp. 8.625% Fixed-to-Floating Series C Cumulative Redeemable Preferred Stock ,$24.79,-0.19,-0.761%,,United States,,11979,,
ACR^D,ACRES Commercial Realty Corp. 7.875% Series D Cumulative Redeemable Preferred Stock,$21.78,-0.07,-0.32%,,United States,,3733,,
ACRE,Ares Commercial Real Estate Corporation Common Stock,$4.70,-0.13,-2.692%,260228058.00,United States,2012,830129,Real Estate,Real Estate Investment Trusts
ACRS,Aclaris Therapeutics Inc. Common Stock,$3.69,-0.05,-1.337%,444996247.00,United States,2015,2195789,Health Care,Biotechnology: Pharmaceutical Preparations
ACRV,Acrivon Therapeutics Inc. Common Stock,$1.66,-0.04,-2.353%,52381509.00,United States,2022,450898,Health Care,Biotechnology: Pharmaceutical Preparations
ACT,Enact Holdings Inc. Common Stock,$40.21,-0.43,-1.058%,5690272471.00,United States,2021,997402,Finance,Specialty Insurers
ACTG,Acacia Research Corporation (Acacia Tech) Common Stock,$4.85,-0.07,-1.423%,467906025.00,United States,,599543,Miscellaneous,Multi-Sector Companies
ACTU,Actuate Therapeutics Inc. Common stock,$2.35,-0.15,-6.00%,54621821.00,United States,2024,123666,Health Care,Biotechnology: Pharmaceutical Preparations
ACU,Acme United Corporation. Common Stock,$43.41,-0.55,-1.251%,165315047.00,United States,1988,22009,Consumer Discretionary,Industrial Machinery/Components
ACV,Virtus Diversified Income & Convertible Fund Common Shares of Beneficial Interest,$25.17,-0.22,-0.866%,260835552.00,United States,2015,31311,Finance,Finance/Investors Services
ACVA,ACV Auctions Inc. Class A Common Stock,$4.71,-0.02,-0.423%,819877142.00,United States,2025,4094078,Real Estate,Real Estate
ACXP,Acurx Pharmaceuticals Inc. Common Stock,$5.60,-1.03,-15.535%,15988140.00,United States,2021,996868,Health Care,Biotechnology: Pharmaceutical Preparations
AD,Array Digital Infrastructure Inc. Common Shares,$45.42,-1.37,-2.928%,3925502031.00,United States,1988,564553,Telecommunications,Telecommunications Equipment
ADAC,American Drive Acquisition Company Class A Ordinary Shares,$9.89,-0.03,-0.302%,0.00,United States,2026,1140,,
ADACU,American Drive Acquisition Company Units,$9.98,0.02,0.201%,0.00,United States,2025,1860,Finance,Blank Checks
ADACW,American Drive Acquisition Company Warrant,$0.386,0.0566,17.183%,0.00,United States,2026,9249,,
ADAG,Adagene Inc. American Depositary Shares,$3.63,-0.06,-1.626%,171086510.00,China,2021,141437,Health Care,Biotechnology: Pharmaceutical Preparations
ADAM,Adamas Trust Inc. Common Stock,$7.35,-0.55,-6.962%,664986406.00,United States,,3058131,Technology,Computer Software: Prepackaged Software
ADAMG,Adamas Trust Inc. 9.125% Senior Notes Due 2030,$24.25,-0.17,-0.696%,0.00,United States,,61176,Real Estate,Real Estate Investment Trusts
ADAMH,Adamas Trust Inc. 9.875% Senior Notes Due 2030,$24.79,-0.22,-0.88%,0.00,United States,,51591,Real Estate,Real Estate Investment Trusts
ADAMI,Adamas Trust Inc. 9.125% Senior Notes Due 2029,$24.25,-0.41,-1.663%,2196551638.00,United States,,9580,Real Estate,Real Estate Investment Trusts
ADAML,Adamas Trust Inc. 6.875% Series F Fixed-to-Floating Rate Cumulative Redeemable Preferred Stock $0.01 par value per share,$23.39,-0.19,-0.806%,2116194836.00,United States,,36487,Real Estate,Real Estate Investment Trusts
ADAMM,Adamas Trust Inc. 7.875% Series E Fixed-to-Floating Rate Cumulative Redeemable Preferred Stock,$24.46,-0.319,-1.287%,2213002381.00,United States,,29743,Real Estate,Real Estate Investment Trusts
ADAMN,Adamas Trust Inc. 8.00% Series D Fixed-to-Floating Rate Cumulative Redeemable Preferred Stock,$22.25,-0.01,-0.045%,2013054087.00,United States,,16113,Real Estate,Real Estate Investment Trusts
ADAMO,Adamas Trust Inc. 9.250% Senior Notes Due 2031,$24.508,-0.182,-0.737%,0.00,United States,,20356,Real Estate,Real Estate Investment Trusts
ADAMZ,Adamas Trust Inc. 7.000% Series G Cumulative Redeemable Preferred Stock $0.01 par value per share,$19.02,-0.17,-0.886%,1720821966.00,United States,,3880,Real Estate,Real Estate Investment Trusts
ADBE,Adobe Inc. Common Stock,$248.15,2.16,0.878%,101865575000.00,United States,1986,10457803,Technology,Computer Software: Prepackaged Software
ADC,Agree Realty Corporation Common Stock,$76.15,-2.52,-3.203%,9140154969.00,United States,,2980807,Real Estate,Real Estate Investment Trusts
ADC^A,Agree Realty Corporation Depositary Shares each representing 1/1000th of a 4.250% Series A Cumulative Redeemable Preferred Stock,$17.20,-0.20,-1.149%,,United States,,15676,,
ADCT,ADC Therapeutics SA Common Shares,$3.86,-0.18,-4.455%,490391214.00,Switzerland,2020,2421503,Health Care,Biotechnology: Pharmaceutical Preparations
ADEA,Adeia Inc. Common Stock,$23.21,-0.24,-1.023%,2531108687.00,United States,2003,2368028,Technology,Computer Software: Prepackaged Software
ADGM,Adagio Medical Holdings Inc Common Stock,$1.13,0.10,9.709%,23932990.00,United States,,153388,Health Care,Medical/Dental Instruments
ADI,Analog Devices Inc. Common Stock,$309.43,-1.01,-0.325%,151065012301.00,United States,,7019528,Technology,Semiconductors
ADIL,Adial Pharmaceuticals Inc Common Stock,$2.00,0.13,6.952%,2855940.00,United States,2018,177904,Health Care,Biotechnology: Pharmaceutical Preparations
ADM,Archer-Daniels-Midland Company Common Stock,$66.17,-2.47,-3.598%,31841126017.00,United States,,16668970,Consumer Staples,Packaged Foods
ADMA,ADMA Biologics Inc Common Stock,$14.32,-0.70,-4.66%,3410439400.00,United States,,10047905,Health Care,Biotechnology: Biological Products (No Diagnostic Substances)
ADNT,Adient plc Ordinary Shares ,$19.58,-0.20,-1.011%,1533697543.00,United States,2016,2277049,Consumer Discretionary,Auto Parts:O.E.M.
ADP,Automatic Data Processing Inc. Common Stock,$208.69,-1.97,-0.935%,84027852323.00,United States,,19083797,Industrials,Diversified Commercial Services
ADPT,Adaptive Biotechnologies Corporation Common Stock,$13.58,0.08,0.593%,2091069598.00,United States,2019,2360420,Health Care,Biotechnology: Biological Products (No Diagnostic Substances)
ADSE,ADS-TEC ENERGY PLC Ordinary Shares,$10.99,-0.01,-0.091%,660746671.00,Ireland,,2123,Consumer Discretionary,Industrial Specialties
ADSEW,ADS-TEC ENERGY PLC Warrant,$0.4999,-0.0653,-11.553%,30055256.00,Ireland,,5876,Consumer Discretionary,Industrial Specialties
ADSK,Autodesk Inc. Common Stock,$247.99,0.34,0.137%,52325890000.00,United States,,4418443,Technology,Computer Software: Prepackaged Software
ADT,ADT Inc. Common Stock,$6.51,-0.08,-1.214%,5338993159.00,United States,2018,16436014,Consumer Discretionary,Diversified Commercial Services
ADTN,ADTRAN Holdings Inc. Common Stock,$11.46,-0.44,-3.697%,924359600.00,United States,1994,1735038,Utilities,Telecommunications Equipment
ADTX,Aditxt Inc. Common Stock,$1.30,0.05,4.00%,673213.00,United States,2020,84292,Health Care,Biotechnology: Pharmaceutical Preparations
ADUR,Aduro Clean Technologies Inc. Common Stock,$10.83,-0.485,-4.286%,360411267.00,Canada,,242937,Industrials,Major Chemicals
ADUS,Addus HomeCare Corporation Common Stock,$99.28,-0.74,-0.74%,1838493945.00,United States,2009,340102,Health Care,Medical/Nursing Services
ADV,Advantage Solutions Inc. Class A Common Stock,$0.769,-0.0256,-3.222%,251853414.00,United States,2019,1644478,Real Estate,Real Estate
ADVB,Advanced Biomed Inc. Common Stock,$4.15,-0.045,-1.073%,5662824.00,Taiwan,2025,18988,Health Care,Medical Specialities
ADX,Adams Diversified Equity Fund Inc.,$22.08,-0.29,-1.296%,0.00,United States,,417567,Finance,Investment Managers
ADXN,Addex Therapeutics Ltd American Depositary Shares,$5.66,-0.17,-2.916%,9162787.00,Switzerland,,891,Health Care,Biotechnology: Pharmaceutical Preparations
AEAQ,Activate Energy Acquisition Corp. Class A Ordinary Share,$9.92,0.02,0.202%,0.00,Cayman Islands,2026,5065,,
AEAQU,Activate Energy Acquisition Corp. Unit,$10.08,0.00,0.00%,0.00,Cayman Islands,2025,109,,
AEAQW,Activate Energy Acquisition Corp. Warrant,$0.35,0.00,0.00%,0.00,Cayman Islands,2026,500,,
AEBI,Aebi Schmidt Holding AG Common Stock ,$9.91,-1.39,-12.301%,769009895.00,Switzerland,,854570,Industrials,Auto Manufacturing
AEC,Anfield Energy Inc. Common Shares,$5.16,-0.50,-8.834%,81929257.00,Canada,,71584,Basic Materials,Metal Mining
AEE,Ameren Corporation Common Stock,$106.06,-3.50,-3.195%,29317584061.00,United States,,3376134,Utilities,Power Generation
AEF,abrdn Emerging Markets ex-China Fund Inc. Common Stock,$7.46,-0.22,-2.865%,800924250.00,United States,,137967,Finance,Finance/Investors Services
AEFC,Aegon Funding Company LLC 5.10% Subordinated Notes due 2049,$19.48,-0.16,-0.815%,0.00,United States,2019,137958,,
AEG,Aegon Ltd. New York Registry Shares,$6.81,-0.12,-1.732%,13662121430.00,Netherlands,,6678606,Finance,Life Insurance
AEHL,Antelope Enterprise Holdings Limited Class A Ordinary Shares,$1.58,-0.08,-4.819%,5971789.00,China,,86950,Industrials,Building Materials
AEHR,Aehr Test Systems Common Stock,$34.52,-3.24,-8.581%,1057255846.00,United States,1997,1753198,Industrials,Electrical Products
AEI,Alset Inc. Common Stock (TX),$1.89,0.03,1.613%,73858361.00,United States,2020,20927,Finance,Real Estate
AEIS,Advanced Energy Industries Inc. Common Stock,$317.21,-10.59,-3.231%,12005860829.00,United States,1995,1012178,Technology,Industrial Machinery/Components
AEM,Agnico Eagle Mines Limited Common Stock,$179.13,-5.65,-3.058%,89749433144.00,Canada,,7617433,Basic Materials,Precious Metals
AEMD,Aethlon Medical Inc. Common Stock,$2.16,-0.05,-2.262%,2840638.00,United States,,39304,Health Care,Medical/Dental Instruments
AENT,Alliance Entertainment Holding Corporation Class A Common Stock,$6.59,-0.21,-3.088%,335809068.00,United States,,26291,Consumer Discretionary,Durable Goods
AENTW,Alliance Entertainment Holding Corporation Warrant,$0.6701,0.0001,0.015%,34146534.00,United States,,80150,Consumer Discretionary,Durable Goods
AEO,American Eagle Outfitters Inc. Common Stock,$17.22,-0.28,-1.60%,2918996743.00,United States,,7425142,Consumer Discretionary,Clothing/Shoe/Accessory Stores
AEON,AEON Biopharma Inc. Class A Common Stock,$1.07,-0.06,-5.31%,27074272.00,United States,,64655,Health Care,Biotechnology: Pharmaceutical Preparations
AEP,American Electric Power Company Inc. Common Stock,$125.66,-3.06,-2.377%,68304186897.00,United States,,8610715,Utilities,Electric Utilities: Central
AER,AerCap Holdings N.V. Ordinary Shares,$131.60,-1.77,-1.327%,23562156052.00,Netherlands,2006,2031059,Consumer Discretionary,Diversified Commercial Services
AERO,Grupo Aeromexico S.A.B. de C.V. American Depositary Shares (each representing ten (10) Common Shares),$12.36,-0.95,-7.137%,1803366135.00,,2025,543118,Consumer Discretionary,Air Freight/Delivery Services
AERT,Aeries Technology Inc. Class A Ordinary Share,$0.301,0.0134,4.659%,15113125.00,United States,2021,531220,Consumer Discretionary,Professional Services
AERTW,Aeries Technology Inc. Warrant,$0.0156,-0.0017,-9.827%,783272.00,United States,2021,8391,Consumer Discretionary,Professional Services
AES,The AES Corporation Common Stock,$14.10,-0.05,-0.353%,10047079926.00,United States,,22338400,Utilities,Electric Utilities: Central
AESI,Atlas Energy Solutions Inc. Common Stock,$13.48,-0.20,-1.462%,1678551222.00,United States,2023,4556851,Industrials,Mining & Quarrying of Nonmetallic Minerals (No Fuels)
AEVA,Aeva Technologies Inc. Common Stock,$14.11,-1.10,-7.232%,847727502.00,United States,,1518812,Consumer Discretionary,Auto Parts:O.E.M.
AEXA,American Exceptionalism Acquisition Corp. A Class A Ordinary Shares,$11.10,-0.05,-0.448%,0.00,,2025,35852,,
AEYE,AudioEye Inc. Common Stock,$5.55,-0.11,-1.943%,69352689.00,United States,,228557,Technology,Computer Software: Prepackaged Software
AFB,AllianceBernstein National Municipal Income Fund Inc,$10.66,-0.09,-0.837%,0.00,United States,2002,142961,Finance,Trusts Except Educational Religious and Charitable
AFBI,Affinity Bancshares Inc. Common Stock (MD),$19.48,0.38,1.99%,120144887.00,United States,2017,3963,Finance,Banks
AFCG,Advanced Flower Capital Inc. Common Stock,$2.50,-0.24,-8.759%,58822110.00,United States,2021,864580,Finance,Real Estate
AFG,American Financial Group Inc. Common Stock,$124.18,-0.29,-0.233%,10344049082.00,United States,,2706071,Finance,Property-Casualty Insurers
AFGB,American Financial Group Inc. 5.875% Subordinated Debentures due 2059,$21.205,-0.1251,-0.586%,1766351754.00,United States,2019,7592,Finance,Property-Casualty Insurers
AFGC,American Financial Group Inc. 5.125% Subordinated Debentures due 2059,$18.25,-0.15,-0.815%,1520203702.00,United States,2019,8891,Finance,Property-Casualty Insurers
AFGD,American Financial Group Inc. 5.625% Subordinated Debentures due 2060,$20.07,-0.23,-1.133%,1671807578.00,United States,2020,4605,Finance,Property-Casualty Insurers
AFGE,American Financial Group Inc. 4.500% Subordinated Debentures due 2060,$16.80,-0.10,-0.592%,1399420394.00,United States,2020,23404,Finance,Property-Casualty Insurers
AFJK,Aimei Health Technology Co. Ltd Ordinary Share,$27.50,1.20,4.563%,0.00,United States,2024,4523,,
AFJKR,Aimei Health Technology Co. Ltd Right,$0.3497,0.0114,3.37%,0.00,United States,2024,134375,,
AFJKU,Aimei Health Technology Co. Ltd Unit,$27.61,0.00,0.00%,0.00,United States,2023,101,,
AFL,AFLAC Incorporated Common Stock,$106.22,-0.95,-0.886%,54848763191.00,United States,,6760734,Finance,Accident &Health Insurance
AFRI,Forafric Global PLC Ordinary Shares,$9.64,0.07,0.731%,259331347.00,Gibraltar,,36405,Consumer Staples,Packaged Foods
AFRIW,Forafric Global PLC Warrants,$0.6699,0.0199,3.062%,18021376.00,Gibraltar,,700,Consumer Staples,Packaged Foods
AFRM,Affirm Holdings Inc. Class A Common Stock,$43.81,-0.62,-1.395%,14593577620.00,United States,2021,5379501,Finance,Finance: Consumer Services
AFYA,Afya Limited Class A Common Shares,$14.69,-0.13,-0.877%,1327811722.00,Brazil,2019,105318,Real Estate,Other Consumer Services
AG,First Majestic Silver Corp. Ordinary Shares (Canada),$18.27,-0.68,-3.588%,9009618270.00,Canada,,24649775,Basic Materials,Precious Metals
AGAE,Allied Gaming & Entertainment Inc. Common Stock,$0.301,0.011,3.793%,11349786.00,United States,2017,653285,Consumer Discretionary,Services-Misc. Amusement & Recreation
AGBK,AGI Inc Class A Common Shares,$8.97,-0.37,-3.961%,1434572728.00,,2026,575749,Finance,Commercial Banks
AGCC,Agencia Comercial Spirits Ltd Class A Ordinary Shares,$14.05,-0.84,-5.641%,479301700.00,Taiwan,2025,527821,Consumer Staples,Beverages (Production/Distribution)
AGCO,AGCO Corporation Common Stock,$109.26,-1.67,-1.505%,7910840718.00,United States,,1733356,Industrials,Industrial Machinery/Components
AGD,abrdn Global Dynamic Dividend Fund Common Shares of Beneficial Interest,$11.42,-0.50,-4.195%,0.00,United States,2006,93846,Finance,Trusts Except Educational Religious and Charitable
AGEN,Agenus Inc. Common Stock,$3.71,-0.10,-2.625%,142457893.00,United States,2000,382286,Health Care,Biotechnology: Biological Products (No Diagnostic Substances)
AGH,Aureus Greenway Holdings Inc. Common Stock,$4.75,-0.31,-6.126%,71517411.00,United States,2025,487333,Consumer Discretionary,Hotels/Resorts
AGI,Alamos Gold Inc. Class A Common Shares,$38.27,-1.35,-3.407%,16068838101.00,Canada,2015,8855053,Basic Materials,Precious Metals
AGIG,Abundia Global Impact Group Inc. Common stock,$1.47,-0.08,-5.161%,55354733.00,United States,,375245,Energy,Oil & Gas Production
AGIO,Agios Pharmaceuticals Inc. Common Stock,$27.86,-0.06,-0.215%,1632377912.00,United States,2013,1618703,Health Care,Biotechnology: Pharmaceutical Preparations
AGL,agilon health inc. Common Stock,$0.4263,-0.0457,-9.682%,176858978.00,United States,2021,4061721,Health Care,Misc Health and Biotechnology Services
AGM,Federal Agricultural Mortgage Corporation Common Stock,$140.24,1.24,0.892%,1522583015.00,United States,,629581,Finance,Finance Companies
AGM^D,Federal Agricultural Mortgage Corporation 5.700% Non-Cumulative Preferred Stock Series D,$21.125,-0.025,-0.118%,,United States,,2996,,
AGM^E,Federal Agricultural Mortgage Corporation 5.750% Non-Cumulative Preferred Stock Series E,$21.34,-0.4001,-1.84%,,United States,,196,,
AGM^F,Federal Agricultural Mortgage Corporation 5.250% Non-Cumulative Preferred Stock Series F,$19.31,-0.05,-0.258%,,United States,,11359,,
AGM^G,Federal Agricultural Mortgage Corporation 4.875% Non-Cumulative Preferred Stock Series G,$17.80,-0.20,-1.111%,,United States,,9002,,
AGM^H,Federal Agricultural Mortgage Corporation 6.500% Non-Cumulative Preferred Stock Series H,$24.70,0.05,0.203%,,United States,,816,,
AGMB,AgomAb Therapeutics NV American Depositary Shares,$12.19,-0.51,-4.016%,594101336.00,Belgium,2026,179548,Health Care,Biotechnology: Biological Products (No Diagnostic Substances)
AGMH,AGM Group Holdings Inc. Class A Ordinary Shares,$1.06,-0.12,-10.169%,3708867.00,Hong Kong,2018,50342,Technology,EDP Services
AGNC,AGNC Investment Corp. Common Stock,$9.75,-0.54,-5.248%,10810514033.00,United States,2008,54022060,Real Estate,Real Estate Investment Trusts
AGNCL,AGNC Investment Corp. Depositary Shares Each Representing a 1/1000th Interest in a Share of 7.75% Series G Fixed-Rate Reset Cumulative Redeemable Preferred Stock,$24.97,-0.07,-0.28%,27686003630.00,United States,,51076,Real Estate,Real Estate Investment Trusts
AGNCM,AGNC Investment Corp. Depositary Shares rep 6.875% Series D Fixed-to-Floating Cumulative Redeemable Preferred Stock,$24.42,-0.20,-0.812%,27076179761.00,United States,,25743,Real Estate,Real Estate Investment Trusts
AGNCN,AGNC Investment Corp. Depositary Shares Each Representing a 1/1000th Interest in a Share of 7.00% Series C Fixed-To-Floating Rate Cumulative Redeemable Preferred Stock,$25.34,-0.25,-0.977%,28096248778.00,United States,,35101,Real Estate,Real Estate Investment Trusts
AGNCO,AGNC Investment Corp. Depositary Shares each representing a 1/1000th interest in a share of 6.50% Series E Fixed-to-Floating Cumulative Redeemable Preferred Stock,$25.14,-0.16,-0.632%,27874494644.00,United States,,39157,Real Estate,Real Estate Investment Trusts
AGNCP,AGNC Investment Corp. Depositary Shares Each Representing a 1/1000th Interest in a Share of 6.125% Series F Fixed-to-Floating Rate Cumulative Redeemable Preferred Stock,$24.68,-0.09,-0.363%,27364460136.00,United States,,43284,Real Estate,Real Estate Investment Trusts
AGNCZ,AGNC Investment Corp. Depositary Shares Each Representing a 1/1000th Interest in a Share of 8.75% Series H Fixed-Rate Cumulative Redeemable Preferred Stock,$24.95,-0.47,-1.849%,27663828217.00,United States,,167373,,
AGO,Assured Guaranty Ltd. Common Stock,$80.81,-1.22,-1.487%,3625270098.00,Bermuda,2004,689684,Finance,Property-Casualty Insurers
AGPU,Axe Compute Inc. Common Stock,$1.74,0.30,20.833%,5904718.00,United States,,41467,Health Care,Industrial Specialties
AGRO,Adecoagro S.A. Common Shares,$14.11,-0.50,-3.422%,1996081747.00,Luxembourg,2011,3165458,Consumer Staples,Farming/Seeds/Milling
AGRZ,Agroz Inc. Ordinary Shares,$0.4769,-0.0231,-4.62%,9739960.00,Malaysia,2025,1238505,Consumer Staples,Farming/Seeds/Milling
AGX,Argan Inc. Common Stock,$473.85,-6.05,-1.261%,6573915329.00,United States,,2581781,Consumer Discretionary,Engineering & Construction
AGYS,Agilysys Inc. Common Stock (DE),$70.81,1.25,1.797%,1990344970.00,United States,,557488,Technology,EDP Services
AHCO,AdaptHealth Corp. Common Stock,$9.91,-0.17,-1.687%,1346915827.00,United States,2018,2888668,Health Care,Medical/Nursing Services
AHG,Akso Health Group ADS,$2.36,-0.06,-2.479%,1302392378.00,China,2017,177566,Real Estate,Real Estate
AHL^D,Aspen Insurance Holdings Limited 5.625% Perpetual Non-Cumulative Preference Shares,$20.48,-0.11,-0.534%,,Bermuda,,10455,,
AHL^E,Aspen Insurance Holdings Limited Depositary Shares each representing a 1/1000th interest in a share of 5.625% Perpetual Non-Cumulative Preference Shares,$20.45,-0.20,-0.969%,,Bermuda,,7637,,
AHL^F,Aspen Insurance Holdings Limited Depositary Shares each representing a 1/1000th Interest in a 7.00% Perpetual Non-Cumulative Preference Share,$23.67,-0.34,-1.416%,,Bermuda,,5892,,
AHMA,Ambitions Enterprise Management Co. L.L.C Class A Ordinary Shares,$4.545,-0.045,-0.98%,134077500.00,United Arab Emirates,2025,7694,Consumer Discretionary,Services-Misc. Amusement & Recreation
AHR,American Healthcare REIT Inc. Common Stock,$48.11,-3.01,-5.888%,9046053156.00,United States,2024,7716876,Real Estate,Real Estate Investment Trusts
AHRT,AH Realty Trust Inc. Common Stock,$5.71,-0.31,-5.15%,457808894.00,United States,2013,16693999,Finance,Real Estate
AHRT^A,AH Realty Trust Inc. 6.75% Series A Cumulative Redeemable Perpetual Preferred Stock,$21.93,-0.05,-0.227%,,United States,,4007,,
AHT,Ashford Hospitality Trust Inc Common Stock,$2.97,-0.05,-1.656%,19042250.00,United States,2003,55576,Real Estate,Real Estate Investment Trusts
AHT^D,Ashford Hospitality Trust Inc 8.45% Series D Cumulative Preferred Stock,$8.00,0.05,0.629%,,United States,,3049,,
AHT^F,Ashford Hospitality Trust Inc 7.375% Series F Cumulative Preferred Stock,$6.47,0.00,0.00%,,United States,,21,,
AHT^G,Ashford Hospitality Trust Inc 7.375% Series G Cumulative Preferred Stock,$6.2501,0.0701,1.134%,,United States,,4076,,
AHT^H,Ashford Hospitality Trust Inc 7.50% Series H Cumulative Preferred Stock,$6.50,-0.05,-0.763%,,United States,,1119,,
AHT^I,Ashford Hospitality Trust Inc 7.50% Series I Cumulative Preferred Stock,$6.25,0.0499,0.805%,,United States,,2588,,
AI,C3.ai Inc. Class A Common Stock,$8.47,-0.20,-2.307%,1230616650.00,United States,2020,7025452,Technology,Computer Software: Prepackaged Software
AIB,BlockchAIn Digital Infrastructure Inc Common Shares,$1.53,-0.92,-37.551%,44715101.00,,2026,2526192,Finance,Investment Bankers/Brokers/Service
AIDX,20/20 Biolabs Inc. Common Stock,$2.0221,0.1421,7.559%,21115654.00,United States,,151755,Health Care,Precision Instruments
AIFF,Firefly Neuroscience Inc. Common Stock,$1.53,-0.65,-29.817%,21747545.00,United States,,1702938,Technology,Computer Software: Prepackaged Software
AIFU,AIFU Inc. Class A Ordinary Share,$1.69,-0.11,-6.111%,208628996.00,China,2007,2697,Finance,Specialty Insurers
AIG,American International Group Inc. New Common Stock,$74.39,0.50,0.677%,39914673331.00,United States,,6120261,Finance,Life Insurance
AIHS,Senmiao Technology Limited Common Stock,$1.51,-0.02,-1.307%,6881808.00,China,2018,9482,Finance,Finance: Consumer Services
AII,American Integrity Insurance Group Inc. Common Stock,$18.78,-0.28,-1.469%,367693789.00,United States,2025,594612,Finance,Property-Casualty Insurers
AIIA,AI Infrastructure Acquisition Corp. Class A Ordinary Shares,$10.03,0.01,0.10%,0.00,,2025,143,Finance,Blank Checks
AIIO,Robo.ai Inc. Class B Ordinary Shares,$0.105,-0.0077,-6.832%,38886586.00,United Arab Emirates,,2214642,Industrials,Auto Manufacturing
AIIOW,Robo.ai Inc. Warrant,$0.0247,-0.0036,-12.721%,9147606.00,United Arab Emirates,,60115,Industrials,Auto Manufacturing
AIM,AIM ImmunoTech Inc. Common Stock,$0.9589,0.0409,4.455%,3819819.00,,,1692917,Health Care,Biotechnology: Biological Products (No Diagnostic Substances)
AIMD,Ainos Inc. Common Stock,$1.47,0.02,1.379%,10264532.00,United States,,61988,Health Care,Biotechnology: Pharmaceutical Preparations
AIMDW,Ainos Inc. Warrants,$0.08,-0.0267,-25.023%,558614.00,United States,,6000,Health Care,Biotechnology: Pharmaceutical Preparations
AIN,Albany International Corporation Common Stock,$49.04,-2.17,-4.237%,1387832000.00,United States,,856377,Consumer Discretionary,Textiles
AIO,Virtus Artificial Intelligence & Technology Opportunities Fund Common Shares of Beneficial Interest,$21.24,-0.36,-1.667%,729402245.00,,2019,90970,Finance,Finance/Investors Services
AIOS,AIOS Tech Inc. Class A Common Shares,$0.602,-0.1536,-20.328%,2888612.00,China,2016,128377,Industrials,Metal Fabrications
AIOT,PowerFleet Inc. Common Stock,$2.79,-0.14,-4.778%,374270903.00,United States,,4895340,Telecommunications,Telecommunications Equipment
AIP,Arteris Inc. Common Stock,$15.14,-0.82,-5.138%,688374332.00,United States,2021,494500,Technology,Semiconductors
AIR,AAR Corp. Common Stock,$101.33,-7.88,-7.215%,4009882236.00,United States,,1343555,Industrials,Aerospace
AIRE,reAlpha Tech Corp. Common Stock,$0.3024,-0.0106,-3.387%,39872210.00,United States,,1511696,Finance,Real Estate
AIRG,Airgain Inc. Common Stock,$4.77,0.83,21.066%,58307965.00,United States,2016,454006,Technology,Radio And Television Broadcasting And Communications Equipment
AIRI,Air Industries Group Common Stock,$3.22,-0.13,-3.881%,15378002.00,United States,,84184,Industrials,Military/Government/Technical
AIRJ,AirJoule Technologies Corporation Class A Common Stock,$3.07,-0.12,-3.762%,186286697.00,United States,2022,1298206,Industrials,Industrial Machinery/Components
AIRJW,AirJoule Technologies Corporation Warrant,$0.6416,-0.0983,-13.286%,38932099.00,United States,2022,2036,Industrials,Industrial Machinery/Components
AIRO,AIRO Group Holdings Inc. Common Stock,$9.18,-0.78,-7.831%,287369196.00,United States,2025,2169822,Industrials,Aerospace
AIRS,AirSculpt Technologies Inc. Common Stock,$2.65,-0.07,-2.574%,165457176.00,United States,2021,4803473,Health Care,Medical/Nursing Services
AIRT,Air T Inc. Common Stock,$22.14,-1.36,-5.787%,59836427.00,United States,,6252,Consumer Discretionary,Air Freight/Delivery Services
AIRTP,Air T Inc. Air T Funding Alpha Income Trust Preferred Securities,$19.46,-0.04,-0.205%,52593355.00,United States,,647,Consumer Discretionary,Air Freight/Delivery Services
AISP,Airship AI Holdings Inc. Class A Common Stock,$2.28,-0.02,-0.87%,78368529.00,United States,2021,554378,Technology,Computer Software: Prepackaged Software
AISPW,Airship AI Holdings Inc. Warrants,$0.766,-0.014,-1.795%,26329076.00,United States,2021,13831,Technology,Computer Software: Prepackaged Software
AIT,Applied Industrial Technologies Inc. Common Stock,$253.77,-2.81,-1.095%,9466240199.00,United States,,1096770,Consumer Discretionary,Industrial Specialties
AIV,Apartment Investment and Management Company Common Stock,$4.05,-0.13,-3.11%,582674820.00,United States,1994,4281178,Real Estate,Real Estate Investment Trusts
AIXC,AIxCrypto Holdings Inc. Common Stock,$1.26,0.02,1.613%,29335166.00,United States,2015,106421,Health Care,Biotechnology: Pharmaceutical Preparations
AIXI,XIAO-I Corporation American Depositary Shares,$0.1252,-0.0126,-9.144%,1560034.00,China,2023,2127168,Technology,Computer Software: Prepackaged Software
AIZ,Assurant Inc. Common Stock,$212.81,0.95,0.448%,10576607841.00,United States,2004,526300,Finance,Property-Casualty Insurers
AIZN,Assurant Inc. 5.25% Subordinated Notes due 2061,$19.85,-0.30,-1.489%,1001615338.00,United States,2020,14750,Finance,Property-Casualty Insurers
AJG,Arthur J. Gallagher & Co. Common Stock,$214.82,5.14,2.451%,55230222000.00,United States,,3845751,Finance,Specialty Insurers
AKA,a.k.a. Brands Holding Corp. Common Stock,$9.15,0.16,1.78%,98972119.00,,2021,4635,Consumer Discretionary,Catalog/Specialty Distribution
AKAM,Akamai Technologies Inc. Common Stock,$110.48,0.48,0.436%,16021143074.00,United States,1999,13110857,Real Estate,Real Estate
AKAN,Akanda Corp. Common Shares,$0.774,-0.0309,-3.839%,1861379.00,United Kingdom,2022,71389,Health Care, Medicinal Chemicals and Botanical Products 
AKBA,Akebia Therapeutics Inc. Common Stock,$1.42,0.00,0.00%,380388519.00,United States,2014,7622054,Health Care,Biotechnology: Pharmaceutical Preparations
AKO/A,Embotelladora Andina S.A.,$22.55,0.00,0.00%,,Chile,,214,,
AKO/B,Embotelladora Andina S.A.,$27.00,-0.10,-0.369%,,Chile,,2061,,
AKR,Acadia Realty Trust Common Stock,$19.39,-0.87,-4.294%,2540853733.00,United States,,2266489,Real Estate,Real Estate Investment Trusts
AKTS,Aktis Oncology Inc. Common stock,$17.70,-0.28,-1.557%,943356015.00,United States,2026,3904308,Health Care,Biotechnology: Pharmaceutical Preparations
AKTX,Akari Therapeutics plc ADS,$0.1301,-0.0155,-10.646%,5956154.00,United Kingdom,,345400,Health Care,Biotechnology: Pharmaceutical Preparations
AL,Air Lease Corporation Class A Common Stock,$64.61,0.03,0.046%,7238607711.00,United States,2011,2496557,Consumer Discretionary,Diversified Commercial Services
ALAB,Astera Labs Inc. Common Stock,$116.04,-10.12,-8.022%,19751690928.00,United States,2024,8682883,Technology,Semiconductors
ALAR,Alarum Technologies Ltd. American Depositary Share,$6.30,0.23,3.789%,43684824.00,Israel,2018,72563,Technology,Computer Software: Prepackaged Software
ALB,Albemarle Corporation Common Stock,$156.70,-6.56,-4.018%,18435844006.00,United States,,2936055,Industrials,Major Chemicals
ALB^A,Albemarle Corporation Depositary Shares each representing a 1/20th of 7.25% Series A Mandatory Convertible Preferred Stock,$63.72,-2.45,-3.703%,,United States,,43836,,
ALBT,Avalon GloboCare Corp. Common Stock,$0.5704,0.0254,4.661%,3573408.00,United States,,216957,Health Care,Biotechnology: Biological Products (No Diagnostic Substances)
ALC,Alcon Inc. Ordinary Shares,$73.65,-1.36,-1.813%,36802905000.00,Switzerland,2019,1755893,Health Care,Ophthalmic Goods
ALCO,Alico Inc. Common Stock,$38.47,0.71,1.88%,294551172.00,United States,,93508,,
ALCY,Alchemy Investments Acquisition Corp 1 Class A Ordinary Shares,$11.83,0.00,0.00%,0.00,United States,2023,1257,Finance,Blank Checks
ALCYU,Alchemy Investments Acquisition Corp 1 Units,$13.50,0.00,0.00%,0.00,United States,2023,30,Finance,Blank Checks
ALCYW,Alchemy Investments Acquisition Corp 1 Warrants,$0.18,0.0295,19.601%,0.00,United States,2023,391,Finance,Blank Checks
ALDFU,Aldel Financial II Inc. Units,$10.65,-0.01,-0.094%,0.00,United States,2024,106,Finance,Blank Checks
ALDFW,Aldel Financial II Inc. Warrants,$0.3441,0.00,0.00%,0.00,United States,2024,84,Finance,Blank Checks
ALDX,Aldeyra Therapeutics Inc. Common Stock,$1.81,-0.02,-1.093%,108930835.00,United States,2014,10635049,Health Care,Biotechnology: Pharmaceutical Preparations
ALEC,Alector Inc. Common Stock,$2.05,-0.01,-0.485%,226243291.00,United States,2019,1924568,Health Care,Biotechnology: Biological Products (No Diagnostic Substances)
ALF,Centurion Acquisition Corp. Class A Ordinary Shares,$10.78,-0.02,-0.185%,0.00,United States,2024,87723,,
ALFUU,Centurion Acquisition Corp. Unit,$11.00,0.21,1.946%,0.00,United States,2024,700,Finance,Blank Checks
ALG,Alamo Group Inc. Common Stock,$159.80,-3.37,-2.065%,1936982781.00,United States,,349509,Industrials,Industrial Machinery/Components
ALGM,Allegro MicroSystems Inc. Common Stock,$29.95,-0.96,-3.106%,5549461557.00,United States,2020,2351168,Technology,Semiconductors
ALGN,Align Technology Inc. Common Stock,$173.18,-3.07,-1.742%,12344639620.00,United States,2001,2108536,Health Care,Industrial Specialties
ALGS,Aligos Therapeutics Inc. Common Stock,$6.81,-0.53,-7.221%,42138966.00,United States,2020,58237,Health Care,Biotechnology: Biological Products (No Diagnostic Substances)
ALGT,Allegiant Travel Company Common Stock,$77.05,-2.18,-2.751%,1421749253.00,United States,2006,506916,Consumer Discretionary,Air Freight/Delivery Services
ALH,Alliance Laundry Holdings Inc. Common Stock,$19.34,-0.14,-0.719%,3828251175.00,United States,2025,1585090,Industrials,Industrial Machinery/Components
ALHC,Alignment Healthcare Inc. Common Stock,$17.34,-0.82,-4.515%,3542501189.00,United States,2021,5397871,Health Care,Medical Specialities
ALIS,Calisa Acquisition Corp Ordinary shares,$10.01,0.00,0.00%,0.00,United States,2025,25,,
ALISR,Calisa Acquisition Corp Right,$0.5371,-0.0129,-2.345%,0.00,United States,2025,23308,Finance,Blank Checks
ALISU,Calisa Acquisition Corp Units,$10.51,0.01,0.095%,0.00,United States,2025,212,,
ALIT,Alight Inc. Class A Common Stock,$0.6823,0.0143,2.141%,364691247.00,United States,2021,31095999,Real Estate,Real Estate
ALK,Alaska Air Group Inc. Common Stock,$36.91,-1.02,-2.689%,4231415920.00,United States,,4808290,Consumer Discretionary,Air Freight/Delivery Services
ALKS,Alkermes plc Ordinary Shares,$28.15,-0.25,-0.88%,4691195642.00,Ireland,1991,4665302,Health Care,Biotechnology: Pharmaceutical Preparations
ALKT,Alkami Technology Inc. Common Stock,$16.82,-0.11,-0.65%,1785411782.00,United States,2021,1242254,Technology,Computer Software: Prepackaged Software
ALL,Allstate Corporation (The) Common Stock,$205.62,1.55,0.76%,53365759832.00,United States,,3378886,Finance,Property-Casualty Insurers
ALL^B,Allstate Corporation (The) 5.100% Fixed-to-Floating Rate Subordinated Debentures due 2053,$25.99,-0.15,-0.574%,,United States,,27922,,
ALL^H,Allstate Corporation (The) Depositary Shares each representing a 1/1000th interest in a share of Fixed Rate Noncumulative Perpetual Preferred Stock Series H,$20.28,-0.34,-1.649%,,United States,,70553,,
ALL^I,Allstate Corporation (The) Depositary Shares each representing a 1/1000th interest in a share of Fixed Rate Noncumulative Perpetual Preferred Stock Series I,$18.95,-0.39,-2.017%,,United States,,13087,,
ALL^J,Allstate Corporation (The) Depositary Shares each representing a 1/1000th interest in a share of Fixed Rate Noncumulative Perpetual Preferred Stock Series J,$26.17,-0.15,-0.57%,,United States,,39359,,
ALLE,Allegion plc Ordinary Shares,$142.49,-1.34,-0.932%,12274870015.00,United States,2013,1290974,Consumer Discretionary,Diversified Commercial Services
ALLO,Allogene Therapeutics Inc. Common Stock,$2.07,-0.15,-6.757%,504620294.00,United States,2018,20747618,Health Care,Biotechnology: Biological Products (No Diagnostic Substances)
ALLR,Allarity Therapeutics Inc. Common Stock,$1.08,-0.02,-1.818%,17367458.00,United States,,177205,Health Care,Biotechnology: Pharmaceutical Preparations
ALLT,Allot Ltd. Ordinary Shares,$6.39,-0.19,-2.888%,253637081.00,Israel,2006,403096,Telecommunications,Computer Communications Equipment
ALLY,Ally Financial Inc. Common Stock,$38.43,0.34,0.893%,11833298117.00,United States,2014,5266148,Finance,Major Banks
ALM,Almonty Industries Inc. Common Shares,$16.20,-0.98,-5.704%,4567399342.00,Canada,,8253563,Basic Materials,Other Metals and Minerals
ALMS,Alumis Inc. Common Stock,$25.06,-0.32,-1.261%,2616098679.00,United States,2024,4028783,Health Care,Biotechnology: Pharmaceutical Preparations
ALMU,Aeluma Inc. Common Stock,$13.27,-0.79,-5.619%,239514291.00,United States,,737936,Technology,Semiconductors
ALNT,Allient Inc. Common Stock,$60.34,-1.00,-1.63%,1022162557.00,United States,,249444,Industrials,Electrical Products
ALNY,Alnylam Pharmaceuticals Inc. Common Stock,$312.17,1.07,0.344%,41400966862.00,United States,2004,2050745,Health Care,Biotechnology: Pharmaceutical Preparations
ALOT,AstroNova Inc. Common Stock,$8.29,-0.49,-5.581%,63322527.00,United States,1983,19039,Technology,Computer peripheral equipment
ALOV,Aldabra 4 Liquidity Opportunity Vehicle Inc. Class A Ordinary Shares,$9.83,0.01,0.102%,0.00,United States,2026,106,,
ALOVU,Aldabra 4 Liquidity Opportunity Vehicle Inc. Units,$9.97,0.00,0.00%,0.00,United States,2026,17,Finance,Blank Checks
ALOVW,Aldabra 4 Liquidity Opportunity Vehicle Inc. Warrants,$0.35,0.05,16.667%,0.00,United States,2026,6200,,
ALOY,REalloys Inc. Common Stock,$12.09,-2.09,-14.739%,0.00,United States,,1589712,,
ALPS,ALPS Group Inc Ordinary Share,$0.9619,-0.0381,-3.81%,160060474.00,Malaysia,,25164,,
ALRM,Alarm.com Holdings Inc. Common Stock,$44.37,-1.94,-4.189%,2203687430.00,United States,2015,963789,Technology,Computer Software: Prepackaged Software
ALRS,Alerus Financial Corporation Common Stock,$23.37,-0.06,-0.256%,593625133.00,United States,2019,289611,Finance,Major Banks
ALSN,Allison Transmission Holdings Inc. Common Stock,$110.70,-1.49,-1.328%,9166579034.00,United States,2012,2152734,Consumer Discretionary,Auto Parts:O.E.M.
ALT,Altimmune Inc. Common Stock,$3.34,-0.08,-2.339%,434551291.00,United States,,12499886,Health Care,Biotechnology: Pharmaceutical Preparations
ALTG,Alta Equipment Group Inc. Class A Common Stock,$5.38,-0.16,-2.888%,173594211.00,United States,2019,281801,Industrials,Industrial Machinery/Components
ALTG^A,Alta Equipment Group Inc. Depositary Shares (each representing 1/1000th in a share of 10% Series A Cumulative Perpetual Preferred Stock),$24.91,-0.2399,-0.954%,,United States,,1694,,
ALTI,AlTi Global Inc. Class A Common Stock,$3.28,-0.035,-1.056%,481023063.00,United States,2021,433177,Finance,Investment Managers
ALTO,Alto Ingredients Inc. Common Stock,$4.16,-0.36,-7.965%,321537000.00,United States,,1886580,Industrials,Major Chemicals
ALTS,ALT5 Sigma Corporation Common Stock,$1.36,-0.07,-4.895%,171821209.00,United States,,2771019,Finance,Finance: Consumer Services
ALUB,Alussa Energy Acquisition Corp. II Class A Ordinary Shares,$10.00,0.00,0.00%,0.00,,2026,105587,,
ALV,Autoliv Inc. Common Stock,$100.34,-1.40,-1.376%,7496051514.00,Sweden,,3164214,Consumer Discretionary,Auto Parts:O.E.M.
ALVO,Alvotech Ordinary Shares,$3.53,-0.05,-1.397%,1065374040.00,Luxembourg,,1261665,Health Care,Biotechnology: Biological Products (No Diagnostic Substances)
ALVOW,Alvotech Warrant,$0.2505,-0.0795,-24.091%,75602322.00,Luxembourg,,1111,Health Care,Biotechnology: Biological Products (No Diagnostic Substances)
ALX,Alexander's Inc. Common Stock,$239.39,-5.45,-2.226%,1222634153.00,United States,,76180,Real Estate,Real Estate Investment Trusts
ALXO,ALX Oncology Holdings Inc. Common Stock,$2.18,-0.01,-0.457%,286906046.00,United States,2020,1268469,Health Care,Biotechnology: Pharmaceutical Preparations
ALZN,Alzamend Neuro Inc. Common Stock,$1.83,-0.06,-3.175%,6962676.00,United States,2021,123151,Health Care,Biotechnology: Pharmaceutical Preparations
AM,Antero Midstream Corporation Common Stock,$22.65,-0.42,-1.821%,10715284650.00,United States,2017,6467681,Utilities,Natural Gas Distribution
AMAL,Amalgamated Financial Corp. Common Stock (DE),$37.43,-0.33,-0.874%,1116512795.00,United States,2018,214296,Finance,Major Banks
AMAT,Applied Materials Inc. Common Stock,$357.06,-0.15,-0.042%,283366339111.00,United States,1972,17577844,Technology,Semiconductors
AMBA,Ambarella Inc. Ordinary Shares,$54.02,-1.84,-3.294%,2325587254.00,United States,2012,1667520,Technology,Semiconductors
AMBO,Ambow Education Holding Ltd. American Depository Shares (each representing twenty (20) Class A Ordinary Shares),$2.03,-0.07,-3.333%,5806454.00,China,,5861,Real Estate,Other Consumer Services
AMBP,Ardagh Metal Packaging S.A. Ordinary Shares,$3.92,-0.11,-2.73%,2342982377.00,,,2396492,Industrials,Containers/Packaging
AMBQ,Ambiq Micro Inc. Common Stock,$24.24,-1.67,-6.445%,515407630.00,United States,2025,2164928,Technology,Semiconductors
AMBR,Amber International Holding Limited American Depositary Shares,$2.26,-0.14,-5.833%,211723411.00,Hong Kong,2017,69171,Finance,Finance: Consumer Services
AMC,AMC Entertainment Holdings Inc. Class A Common Stock,$0.9807,-0.0493,-4.786%,547187199.00,United States,2013,28830226,Consumer Discretionary,Movies/Entertainment
AMCI,AMC Robotics Corporation Common Stock,$6.86,-0.92,-11.825%,155004334.00,United States,2023,203888,Consumer Discretionary,Home Furnishings
AMCR,Amcor plc Ordinary Shares,$38.28,-0.41,-1.06%,17687109013.00,United Kingdom,2019,46524133,Consumer Discretionary,Miscellaneous manufacturing industries
AMCX,AMC Networks Inc. Class A Common Stock,$6.81,0.17,2.56%,290882892.00,United States,,873531,Telecommunications,Cable & Other Pay Television Services
AMD,Advanced Micro Devices Inc. Common Stock,$201.33,-3.94,-1.919%,328250615021.00,United States,,37180553,Technology,Semiconductors
AME,AMETEK Inc.,$209.37,-2.13,-1.007%,47959428870.00,United States,,2249081,Industrials,Industrial Machinery/Components
AMG,Affiliated Managers Group Inc. Common Stock,$278.17,-0.50,-0.179%,7422891344.00,United States,,675569,Finance,Investment Managers
AMGN,Amgen Inc. Common Stock,$347.80,-2.12,-0.606%,187487737365.00,United States,1983,9168824,Health Care,Biotechnology: Biological Products (No Diagnostic Substances)
AMH,American Homes 4 Rent Common Shares of Beneficial Interest,$27.38,-0.76,-2.701%,9960194711.00,United States,2013,6124215,Real Estate,Real Estate Investment Trusts
AMH^G,American Homes 4 Rent Series G cumulative redeemable perpetual preferred shares of beneficial interest,$22.31,-0.09,-0.402%,,United States,,11905,,
AMH^H,American Homes 4 Rent Series H cumulative redeemable perpetual Preferred Shares of Beneficial Interest,$23.38,-0.0814,-0.347%,,United States,,5023,,
AMIX,Autonomix Medical Inc. Common Stock,$0.459,0.043,10.337%,5236889.00,United States,2024,273209,Health Care,Medical/Dental Instruments
AMKR,Amkor Technology Inc. Common Stock,$45.81,-2.32,-4.82%,11329228176.00,United States,1998,5400766,Technology,Semiconductors
AMLX,Amylyx Pharmaceuticals Inc. Common Stock,$13.81,-0.24,-1.708%,1526515197.00,United States,2022,1572058,Health Care,Biotechnology: Pharmaceutical Preparations
AMN,AMN Healthcare Services Inc,$18.01,-0.30,-1.638%,696198954.00,United States,,1295396,Consumer Discretionary,Professional Services
AMOD,Alpha Modus Holdings Inc. Class A Common Stock,$0.3555,-0.0067,-1.85%,14916765.00,United States,,490269,Miscellaneous,Multi-Sector Companies
AMODW,Alpha Modus Holdings Inc. Warrant,$0.05,-0.0053,-9.584%,2097998.00,United States,,5474,Miscellaneous,Multi-Sector Companies
AMP,Ameriprise Financial Inc. Common Stock,$438.94,4.88,1.124%,40022108943.00,United States,,1824384,Finance,Investment Managers
AMPG,Amplitech Group Inc. Common Stock,$2.63,0.04,1.544%,66226816.00,United States,,596282,Telecommunications,Telecommunications Equipment
AMPGR,Amplitech Group Inc. Series A Right,$0.11,-0.01,-8.333%,2769943.00,United States,,1032,Telecommunications,Telecommunications Equipment
AMPGZ,Amplitech Group Inc. Series B Right,$0.14,0.0099,7.61%,3525382.00,United States,,10753,Telecommunications,Telecommunications Equipment
AMPH,Amphastar Pharmaceuticals Inc. Common Stock,$19.50,-0.04,-0.205%,884718335.00,United States,2014,1133239,Health Care,Biotechnology: Pharmaceutical Preparations
AMPL,Amplitude Inc. Class A Common Stock,$7.01,-0.20,-2.774%,937424097.00,United States,,2612384,Technology,Computer Software: Prepackaged Software
AMPX,Amprius Technologies Inc. Common Stock,$18.20,-0.91,-4.762%,2493745873.00,United States,2022,9404933,Miscellaneous,Industrial Machinery/Components
AMPY,Amplify Energy Corp. Common Stock,$6.52,0.20,3.165%,269048159.00,United States,2016,1197937,Energy,Oil & Gas Production
AMR,Alpha Metallurgical Resources Inc. Common Stock,$193.69,-5.23,-2.629%,2477815158.00,United States,2018,391201,Energy,Coal Mining
AMRC,Ameresco Inc. Class A Common Stock,$26.66,-0.17,-0.634%,1409782746.00,United States,2010,1313848,Consumer Discretionary,Engineering & Construction
AMRN,Amarin Corporation plc,$14.49,-0.51,-3.40%,295079055.00,Ireland,,82221,Health Care,Biotechnology: Pharmaceutical Preparations
AMRX,Amneal Pharmaceuticals Inc. Class A Common Stock,$11.83,-0.51,-4.133%,3722062265.00,United States,,5614529,Health Care,Biotechnology: Pharmaceutical Preparations
AMRZ,Amrize Ltd Ordinary Shares,$52.56,-1.58,-2.918%,29089338360.00,Switzerland,2025,3746836,Industrials,Building Materials
AMS,American Shared Hospital Services Common Stock,$2.01,-0.02,-0.985%,13151430.00,United States,1988,6472,Health Care,Medical Specialities
AMSC,American Superconductor Corporation Common Stock,$28.74,-1.93,-6.293%,1368377071.00,United States,1991,1246077,Consumer Discretionary,Metal Fabrications
AMSF,AMERISAFE Inc. Common Stock,$32.29,-0.15,-0.462%,606886707.00,United States,2005,799622,Finance,Property-Casualty Insurers
AMST,Amesite Inc. Common Stock,$1.86,-0.04,-2.105%,8505246.00,United States,2020,57381,Technology,Computer Software: Prepackaged Software
AMT,American Tower Corporation (REIT) Common Stock,$176.79,-5.97,-3.267%,82399135328.00,United States,,6367217,Real Estate,Real Estate Investment Trusts
AMTB,Amerant Bancorp Inc. Class A Common Stock,$20.71,-0.07,-0.337%,833182892.00,United States,,399265,Finance,Major Banks
AMTD,AMTD IDEA Group American Depositary Shares each representing six (6) Class A Ordinary Shares,$1.01,-0.015,-1.463%,93771134.00,,,7887,Finance,Finance: Consumer Services
AMTM,Amentum Holdings Inc. Common Stock,$26.80,-0.40,-1.471%,6537462717.00,United States,2024,3636193,Real Estate,Real Estate
AMTX,Aemetis Inc. (DE) Common Stock,$2.60,-0.04,-1.515%,173242815.00,United States,,1853163,Industrials,Major Chemicals
AMWD,American Woodmark Corporation Common Stock,$37.25,0.38,1.031%,542717414.00,United States,1986,522433,Basic Materials,Forest Products
AMWL,American Well Corporation Class A Common Stock,$5.73,0.20,3.617%,94841860.00,United States,2020,97500,Real Estate,Real Estate
AMX,America Movil S.A.B. de C.V. American Depositary Shares (each representing the right to receive twenty (20) Series B Shares,$23.33,-0.52,-2.18%,70853210000.00,Mexico,2023,2092146,Telecommunications,Telecommunications Equipment
AMZE,Amaze Holdings Inc. Common Stock,$0.235,-0.0193,-7.589%,8376736.00,,2021,3498091,Consumer Staples,Beverages (Production/Distribution)
AMZN,Amazon.com Inc. Common Stock,$205.37,-3.39,-1.624%,2204630699072.00,United States,1997,63620536,Consumer Discretionary,Catalog/Specialty Distribution
AN,AutoNation Inc. Common Stock,$181.46,-3.27,-1.77%,6228702871.00,United States,,739674,Consumer Discretionary,Retail-Auto Dealers and Gas Stations
ANAB,AnaptysBio Inc. Common Stock,$62.365,-2.355,-3.639%,1792884923.00,United States,2017,1464801,Health Care,Biotechnology: Pharmaceutical Preparations
ANDE,Andersons Inc. (The) Common Stock,$66.44,-2.12,-3.092%,2262511550.00,United States,,1157312,Industrials,Farming/Seeds/Milling
ANDG,Andersen Group Inc. Class A Common Stock,$27.90,-0.68,-2.379%,3095574750.00,,2025,1031969,Real Estate,Real Estate
ANET,Arista Networks Inc. Common Stock,$131.22,-5.04,-3.699%,164882904025.00,United States,,11347824,Telecommunications,Computer Communications Equipment
ANF,Abercrombie & Fitch Company Common Stock,$87.98,-0.76,-0.856%,4034547777.00,United States,,1895832,Consumer Discretionary,Clothing/Shoe/Accessory Stores
ANG^D,American National Group Inc. Depositary Shares each representing a 1/1000th interest in a share of 7.375% Fixed-Rate Non-Cumulative Preferred Stock Series D,$24.01,-0.26,-1.071%,,United States,,28631,,
ANGH,Anghami Inc. Ordinary Shares,$2.80,-0.40,-12.50%,25381675.00,United Arab Emirates,,5520,Consumer Discretionary,Telecommunications Equipment
ANGI,Angi Inc. Class A Common Stock,$7.56,-0.07,-0.917%,303191895.00,United States,,8897054,Consumer Discretionary,Advertising
ANGO,AngioDynamics Inc. Common Stock,$10.41,-0.22,-2.07%,429072988.00,United States,2004,1103156,Health Care,Medical/Dental Instruments
ANGX,Angel Studios Inc. Class A Common Stock,$3.16,0.12,3.947%,535646130.00,,2025,850919,Consumer Discretionary,Movies/Entertainment
ANIK,Anika Therapeutics Inc. Common Stock,$13.85,-0.33,-2.327%,185600401.00,United States,,212028,Health Care,Medical/Dental Instruments
ANIP,ANI Pharmaceuticals Inc.,$74.67,-0.15,-0.20%,1676951405.00,United States,,571445,Health Care,Biotechnology: Pharmaceutical Preparations
ANIX,Anixa Biosciences Inc. Common Stock,$2.65,-0.12,-4.332%,88848824.00,United States,,107569,Health Care,Biotechnology: Pharmaceutical Preparations
ANL,Adlai Nortye Ltd. American Depositary Shares,$7.40,0.04,0.543%,406740763.00,Cayman Islands,2023,251923,Health Care,Biotechnology: Pharmaceutical Preparations
ANNA,AleAnna Inc. Class A Common Stock,$7.07,3.28,86.544%,471245767.00,United States,,114416723,Energy,Oil & Gas Production
ANNAW,AleAnna Inc. Warrant,$0.7323,0.3614,97.439%,48810930.00,United States,,1875075,Energy,Oil & Gas Production
ANNX,Annexon Inc. Common Stock,$5.11,-0.38,-6.922%,611323628.00,United States,2020,10011416,Health Care,Biotechnology: Pharmaceutical Preparations
ANPA,Rich Sparkle Holdings Limited Ordinary Shares,$8.52,-0.17,-1.956%,106500000.00,Hong Kong,2025,10150,Consumer Discretionary,Other Consumer Services
ANRO,Alto Neuroscience Inc. Common Stock,$21.47,-0.57,-2.586%,685870229.00,United States,2024,423608,Health Care,Biotechnology: Pharmaceutical Preparations
ANSC,Agriculture & Natural Solutions Acquisition Corporation Class A Ordinary Shares,$11.28,0.00,0.00%,0.00,United States,2024,11354,,
ANSCW,Agriculture & Natural Solutions Acquisition Corporation Warrant,$0.2099,-0.0101,-4.591%,0.00,United States,2024,8905,,
ANTA,Antalpha Platform Holding Company Class A Ordinary Shares,$7.38,-0.03,-0.405%,174853418.00,Singapore,2025,376,Finance,Investment Bankers/Brokers/Service
ANTX,AN2 Therapeutics Inc. Common Stock,$4.00,0.09,2.302%,143764780.00,United States,2022,267398,Health Care,Biotechnology: Pharmaceutical Preparations
ANVS,Annovis Bio Inc. Common Stock,$2.60,-0.07,-2.622%,73723681.00,United States,2020,746083,Health Care,Biotechnology: Pharmaceutical Preparations
ANY,Sphere 3D Corp. Common Shares,$1.41,-0.14,-9.032%,4755813.00,Canada,,141893,Finance,Finance: Consumer Services
AOD,abrdn Total Dynamic Dividend Fund Common Shares of Beneficial Interest,$9.39,-0.22,-2.289%,0.00,United States,2007,471074,Finance,Investment Managers
AOMD,Angel Oak Mortgage REIT Inc. 9.750% Senior Notes due 2030,$24.60,-0.25,-1.006%,0.00,United States,2025,19077,Finance,Real Estate
AOMN,Angel Oak Mortgage REIT Inc. 9.500% Senior Notes due 2029,$24.58,-0.4118,-1.648%,0.00,United States,2024,34113,Finance,Real Estate
AOMR,Angel Oak Mortgage REIT Inc. Common Stock,$8.10,-0.30,-3.571%,201808641.00,United States,2021,725595,Finance,Real Estate
AON,Aon plc Class A Ordinary Shares (Ireland),$325.63,8.64,2.726%,69767691532.00,United States,,2408097,Finance,Specialty Insurers
AORT,Artivion Inc. Common Stock,$35.31,-1.22,-3.34%,1690780403.00,United States,,758356,Health Care,Medical/Dental Instruments
AOS,A.O. Smith Corporation Common Stock,$64.09,-0.45,-0.697%,8863000781.00,United States,,2863718,Consumer Discretionary,Consumer Electronics/Appliances
AOSL,Alpha and Omega Semiconductor Limited Common Shares,$20.82,-0.81,-3.745%,619620377.00,Bermuda,2010,501225,Technology,Semiconductors
AOUT,American Outdoor Brands Inc. Common Stock ,$8.08,-0.04,-0.493%,101773741.00,United States,,60440,Consumer Discretionary,Recreational Games/Products/Toys
AP,Ampco-Pittsburgh Corporation Common Stock,$6.86,-0.04,-0.58%,139439029.00,United States,,370511,Industrials,Fluid Controls
APA,APA Corporation Common Stock,$39.11,1.05,2.759%,13815665226.00,United States,,23877270,Energy,Oil & Gas Production
APAC,StoneBridge Acquisition II Corporation Class A Ordinary Shares,$10.05,0.00,0.00%,0.00,United States,2025,52,,
APACR,StoneBridge Acquisition II Corporation Rights,$0.1401,0.00,0.00%,0.00,United States,2025,12,,
APACU,StoneBridge Acquisition II Corporation Units,$10.20,0.00,0.00%,0.00,United States,2025,6,Finance,Blank Checks
APAD,A Paradise Acquisition Corp. Class A Ordinary Shares,$10.16,0.005,0.049%,0.00,Singapore,2025,38402,,
APADR,A Paradise Acquisition Corp. Rights,$0.40,0.00,0.00%,0.00,Singapore,2025,150110,,
APAM,Artisan Partners Asset Management Inc. Class A Common Stock,$35.90,-0.17,-0.471%,2893043144.00,United States,2013,3037402,Finance,Investment Managers
APC,ARKO Petroleum Corp. Class A Common Stock,$18.29,-0.045,-0.245%,843372220.00,United States,2026,971819,Energy,Oil Refining/Marketing
APD,Air Products and Chemicals Inc. Common Stock,$281.01,-3.14,-1.105%,62568564808.00,United States,,2422362,Basic Materials,Major Chemicals
APEI,American Public Education Inc. Common Stock,$53.89,-0.63,-1.156%,990521858.00,United States,2007,613074,Real Estate,Other Consumer Services
APG,APi Group Corporation Common Stock,$39.50,-1.69,-4.103%,17042515437.00,United States,2020,8487816,Consumer Discretionary,Engineering & Construction
APGE,Apogee Therapeutics Inc. Common Stock,$66.04,-2.46,-3.591%,4588805712.00,United States,2023,2846744,Health Care,Biotechnology: Biological Products (No Diagnostic Substances)
APH,Amphenol Corporation Common Stock,$126.74,-3.91,-2.993%,155790700228.00,United States,,14275227,Technology,Electrical Products
API,Agora Inc. American Depositary Shares,$3.50,-0.06,-1.685%,327287594.00,China,2020,388852,Technology,Computer Software: Prepackaged Software
APLD,Applied Digital Corporation Common Stock,$25.93,-0.77,-2.884%,7249660390.00,United States,2022,17409471,Finance,Finance: Consumer Services
APLE,Apple Hospitality REIT Inc. Common Shares,$11.59,-0.24,-2.029%,2731285724.00,United States,2015,5645307,Real Estate,Real Estate Investment Trusts
APLM,Apollomics Inc. Class A Ordinary Shares,$18.49,-0.6101,-3.194%,39699971.00,United States,,2590,Health Care,Biotechnology: Pharmaceutical Preparations
APLMW,Apollomics Inc. Warrant,$0.012,-0.0014,-10.448%,25765.00,United States,,18118,Health Care,Biotechnology: Pharmaceutical Preparations
APLS,Apellis Pharmaceuticals Inc. Common Stock,$17.21,-0.76,-4.229%,2199952734.00,United States,2017,5601960,Health Care,Biotechnology: Pharmaceutical Preparations
APM,Aptorum Group Limited Class A Ordinary Shares,$1.08,0.1428,15.237%,7715258.00,Hong Kong,2018,208986,Health Care,Biotechnology: Pharmaceutical Preparations
APO,Apollo Global Management Inc. (New) Common Stock,$112.00,0.63,0.566%,64763701856.00,United States,,8316219,Finance,Investment Managers
APO^A,Apollo Global Management Inc. 6.75% Series A Mandatory Convertible Preferred Stock,$59.01,0.15,0.255%,,United States,,156982,,
APOG,Apogee Enterprises Inc. Common Stock,$31.73,-0.92,-2.818%,682515981.00,United States,,1467157,Consumer Discretionary,Auto Parts:O.E.M.
APOS,Apollo Global Management Inc. 7.625% Fixed-Rate Resettable Junior Subordinated Notes due 2053,$25.56,-0.04,-0.156%,14557295967.00,United States,1987,110450,Finance,Investment Managers
APP,Applovin Corporation Class A Common Stock,$442.39,2.47,0.561%,149208414420.00,United States,2021,4763244,Technology,Computer Software: Programming Data Processing
APPF,AppFolio Inc. Class A Common Stock,$166.10,-0.70,-0.42%,5977927041.00,United States,2015,843024,Technology,Computer Software: Prepackaged Software
APPN,Appian Corporation Class A Common Stock,$25.32,-0.55,-2.126%,1872660718.00,United States,2017,1043268,Technology,Computer Software: Prepackaged Software
APPS,Digital Turbine Inc. Common Stock,$3.12,-0.12,-3.704%,374087791.00,United States,,3007403,Miscellaneous,Multi-Sector Companies
APRE,Aprea Therapeutics Inc. Common stock,$0.7622,-0.0013,-0.17%,8729059.00,United States,2019,89899,Health Care,Biotechnology: Pharmaceutical Preparations
APT,Alpha Pro Tech Ltd. Common Stock,$4.50,-0.11,-2.386%,45834422.00,Canada,2000,98493,Health Care,Industrial Specialties
APTV,Aptiv PLC Ordinary Shares,$68.10,-1.07,-1.547%,14514924233.00,United Kingdom,,7502420,Consumer Discretionary,Auto Parts:O.E.M.
APUS,Apimeds Pharmaceuticals US Inc. Common Stock,$2.06,0.11,5.641%,25906525.00,,2025,273697,Health Care,Biotechnology: Pharmaceutical Preparations
APVO,Aptevo Therapeutics Inc. Common Stock,$4.56,0.06,1.333%,3498268.00,United States,,29869,Health Care,Biotechnology: Pharmaceutical Preparations
APWC,Asia Pacific Wire & Cable Corporation Ltd. Ordinary Shares (Bermuda),$1.385,-0.0449,-3.14%,28553474.00,Taiwan,,3980,Industrials,Telecommunications Equipment
APXT,Apex Treasury Corporation Class A Ordinary Share,$9.94,-0.02,-0.201%,0.00,United States,2025,1048,Technology,Computer Software: Prepackaged Software
APXTU,Apex Treasury Corporation Units,$10.10,0.00,0.00%,0.00,United States,2025,160,Finance,Blank Checks
APXTW,Apex Treasury Corporation Warrants,$0.24,0.01,4.348%,0.00,United States,2025,109,Finance,Blank Checks
APYX,Apyx Medical Corporation Common Stock,$3.48,-0.05,-1.416%,145565706.00,United States,,231858,Health Care,Medical/Dental Instruments
AQB,AquaBounty Technologies Inc. Common Stock,$0.95,0.0299,3.25%,3683810.00,United States,,55664,Consumer Staples,Meat/Poultry/Fish
AQMS,Aqua Metals Inc. Common Stock,$4.30,0.05,1.176%,41071558.00,United States,2015,43598,Industrials,Metal Fabrications
AQN,Algonquin Power & Utilities Corp. Common Shares,$6.26,-0.18,-2.795%,4812010806.00,United States,2016,13505025,Utilities,Electric Utilities: Central
AQNB,Algonquin Power & Utilities Corp. 6.20% Fixed-to-Floating Subordinated Notes Series 2019-A due July 1 2079,$25.59,-0.03,-0.117%,19653759776.00,United States,2019,629524,Utilities,Electric Utilities: Central
AQST,Aquestive Therapeutics Inc. Common Stock,$3.98,-0.08,-1.97%,485739295.00,United States,2018,2652103,Health Care,Biotechnology: Pharmaceutical Preparations
AR,Antero Resources Corporation Common Stock,$43.09,-0.21,-0.485%,13294342250.00,United States,2013,9034306,Energy,Oil & Gas Production
ARAI,Arrive AI Inc. Common Stock,$0.80,-0.03,-3.614%,27386470.00,United States,,278908,Consumer Discretionary,Diversified Commercial Services
ARAY,Accuray Incorporated Common Stock,$0.3922,-0.0383,-8.897%,46586547.00,United States,2007,1546283,Health Care,Medical/Dental Instruments
ARBB,ARB IOT Group Limited Ordinary Shares,$5.165,0.905,21.244%,9117547.00,Malaysia,2023,28738,Technology,EDP Services
ARBE,Arbe Robotics Ltd. Ordinary Shares,$0.6829,-0.0471,-6.452%,82193504.00,Israel,,2651333,Technology,EDP Services
ARBEW,Arbe Robotics Ltd. Warrant,$0.0527,-0.0113,-17.656%,6342946.00,Israel,,16425,Technology,EDP Services
ARBK,Argo Blockchain plc American Depositary Shares,$2.9072,0.0122,0.421%,38839238.00,United Kingdom,2021,6871,Finance,Finance: Consumer Services
ARCB,ArcBest Corporation Common Stock,$87.58,-1.68,-1.882%,1952666427.00,United States,,659765,Industrials,Trucking Freight/Courier Services
ARCC,Ares Capital Corporation Common Stock,$17.96,-0.23,-1.264%,12895690296.00,United States,2004,8276992,Finance,Finance: Consumer Services
ARCI,Archimedes Tech SPAC Partners III Co. Ordinary Share,$9.85,-0.05,-0.505%,0.00,United States,2026,418389,,
ARCIU,Archimedes Tech SPAC Partners III Co. Units,$10.03,0.00,0.00%,0.00,United States,2026,138,Finance,Blank Checks
ARCIW,Archimedes Tech SPAC Partners III Co. Warrant,$0.58,0.08,16.00%,0.00,United States,2026,62501,,
ARCO,Arcos Dorados Holdings Inc. Class A Shares,$7.68,0.01,0.13%,1617892278.00,Argentina,2011,2381773,Consumer Discretionary,Restaurants
ARCT,Arcturus Therapeutics Holdings Inc. Common Stock,$6.63,-0.09,-1.339%,188444947.00,Israel,2013,752061,Health Care,Biotechnology: Pharmaceutical Preparations
ARDC,Ares Dynamic Credit Allocation Fund Inc. Common Shares,$12.03,-0.02,-0.166%,275666716.00,United States,2012,117052,Finance,Investment Managers
ARDT,Ardent Health Inc. Common Stock,$8.47,-0.23,-2.644%,1210382278.00,United States,2024,763614,Health Care,Hospital/Nursing Management
ARDX,Ardelyx Inc. Common Stock,$5.31,-0.19,-3.455%,1302263837.00,United States,2014,8464771,Health Care,Biotechnology: Pharmaceutical Preparations
ARE,Alexandria Real Estate Equities Inc. Common Stock,$47.39,-2.13,-4.301%,8212704108.00,United States,,4609264,Real Estate,Real Estate Investment Trusts
AREB,American Rebel Holdings Inc. Common Stock,$0.0646,-0.0275,-29.859%,686961.00,United States,,7117607,Industrials,Plastic Products
AREBW,American Rebel Holdings Inc. Warrants,$0.0193,0.0049,34.028%,205238.00,United States,,264394,Industrials,Plastic Products
AREC,American Resources Corporation Class A Common Stock,$2.59,-0.21,-7.50%,276937871.00,United States,,4527831,Energy,Coal Mining
AREN,The Arena Group Holdings Inc. Common Stock,$2.73,0.18,7.059%,129955617.00,United States,2022,173179,Technology,EDP Services
ARES,Ares Management Corporation Class A Common Stock,$105.87,-2.12,-1.963%,34881268926.00,United States,2014,11590916,Finance,Investment Managers
ARES^B,Ares Management Corporation 6.75% Series B Mandatory Convertible Preferred Stock,$35.94,-0.91,-2.469%,,United States,,68846,,
ARGX,argenx SE American Depositary Shares,$663.93,-20.57,-3.005%,40493659688.00,Netherlands,2017,397274,Health Care,Biotechnology: Biological Products (No Diagnostic Substances)
ARHS,Arhaus Inc. Class A Common Stock,$6.78,-0.31,-4.372%,732331123.00,United States,2021,1406148,Consumer Discretionary,Other Specialty Stores
ARI,Apollo Commercial Real Estate Finance Inc,$10.06,-0.34,-3.269%,1404365769.00,United States,2009,3919076,Real Estate,Real Estate Investment Trusts
ARIS,Aris Mining Corporation Common Shares,$16.11,-0.63,-3.763%,3323493000.00,,2023,14335536,,
ARKO,ARKO Corp. Common Stock,$5.01,-0.18,-3.468%,555565538.00,United States,,2746122,Consumer Staples,Food Chains
ARKR,Ark Restaurants Corp. Common Stock,$6.90,0.03,0.437%,24882483.00,United States,,1108,Consumer Discretionary,Restaurants
ARL,American Realty Investors Inc. Common Stock,$15.19,0.13,0.863%,245349533.00,United States,,18464,Real Estate,Other Consumer Services
ARLO,Arlo Technologies Inc. Common Stock,$14.35,-0.50,-3.367%,1533375220.00,United States,2018,2366116,Consumer Staples,Consumer Electronics/Appliances
ARLP,Alliance Resource Partners L.P. Common Units representing Limited Partners Interests,$27.95,-0.48,-1.688%,3596013488.00,United States,1999,429408,Energy,Coal Mining
ARM,Arm Holdings plc American Depositary Shares,$132.35,2.53,1.949%,140193590268.00,United Kingdom,2023,12428321,Technology,Semiconductors
ARMK,Aramark Common Stock,$38.88,-0.28,-0.715%,10219063641.00,United States,2013,4000904,Consumer Discretionary,Restaurants
ARMP,Armata Pharmaceuticals Inc. Common Stock,$8.39,0.10,1.206%,305453933.00,United States,,57407,Health Care,Biotechnology: Biological Products (No Diagnostic Substances)
AROC,Archrock Inc. Common Stock,$35.53,-0.79,-2.175%,6215827187.00,United States,,3554810,Utilities,Natural Gas Distribution
AROW,Arrow Financial Corporation Common Stock,$32.16,0.07,0.218%,531014439.00,United States,,135917,Finance,Major Banks
ARQ,Arq Inc. Common Stock,$1.99,-0.08,-3.865%,85270009.00,United States,,731107,Industrials,Major Chemicals
ARQQ,Arqit Quantum Inc. Ordinary Shares,$13.60,-0.27,-1.947%,212865282.00,United Kingdom,,201605,Technology,Computer Software: Prepackaged Software
ARQQW,Arqit Quantum Inc. Warrants,$0.1397,0.0027,1.971%,2186565.00,United Kingdom,,1254,Technology,Computer Software: Prepackaged Software
ARQT,Arcutis Biotherapeutics Inc. Common Stock,$22.21,-0.70,-3.055%,2754781414.00,United States,2020,4095403,Health Care,Biotechnology: Pharmaceutical Preparations
ARR,ARMOUR Residential REIT Inc.,$15.48,-1.09,-6.578%,1848078562.00,United States,,7677062,Real Estate,Real Estate Investment Trusts
ARR^C,ARMOUR Residential REIT Inc. 7% Series C Cumulative Redeemable Preferred Stock (liquidation preference $25.00 per share),$20.1301,-0.4699,-2.281%,,United States,,21534,,
ARRY,Array Technologies Inc. Common Stock,$6.70,-0.27,-3.874%,1024088246.00,United States,2020,6197712,Consumer Discretionary,Miscellaneous manufacturing industries
ARTC,Art Technology Acquisition Corp. Class A Ordinary Shares,$9.80,0.00,0.00%,0.00,United States,2026,120,Finance,Blank Checks
ARTCU,Art Technology Acquisition Corp. Units,$9.90,0.00,0.00%,0.00,United States,2026,25,,
ARTCW,Art Technology Acquisition Corp. Warrants,$0.3879,-0.0121,-3.025%,0.00,United States,2026,108367,,
ARTL,Artelo Biosciences Inc. Common Stock,$7.97,0.81,11.313%,5644816.00,United States,,12005814,Health Care,Biotechnology: Pharmaceutical Preparations
ARTNA,Artesian Resources Corporation Class A Common Stock,$30.50,-1.095,-3.466%,314710651.00,United States,,1217310,Utilities,Water Supply
ARTV,Artiva Biotherapeutics Inc. Common Stock,$5.32,-0.20,-3.623%,131492695.00,United States,2024,89097,Health Care,Biotechnology: Biological Products (No Diagnostic Substances)
ARTW,Art's-Way Manufacturing Co. Inc. Common Stock,$2.20,0.03,1.382%,11404985.00,United States,,24546,Industrials,Industrial Machinery/Components
ARVN,Arvinas Inc. Common Stock,$10.94,-0.23,-2.059%,699733307.00,United States,2018,2200622,Health Care,Biotechnology: Pharmaceutical Preparations
ARW,Arrow Electronics Inc. Common Stock,$136.64,-3.93,-2.796%,6980413586.00,United States,,669485,Technology,Electronic Components
ARWR,Arrowhead Pharmaceuticals Inc. Common Stock,$56.33,-0.63,-1.106%,7888013263.00,United States,,6215399,Health Care,Biotechnology: Pharmaceutical Preparations
ARX,Accelerant Holdings Class A Common Shares,$12.95,0.77,6.322%,2876972052.00,,2025,2545638,Finance,Specialty Insurers
AS,Amer Sports Inc. Ordinary Shares,$30.74,-1.93,-5.908%,17142695476.00,,2024,5351004,Consumer Discretionary,Apparel
ASA,ASA  Gold and Precious Metals Limited,$54.86,-1.99,-3.50%,1014901771.00,United States,,104870,Industrials,Precious Metals
ASAN,Asana Inc. Class A Common Stock,$6.65,-0.03,-0.449%,1583285652.00,United States,2020,8293496,Technology,Computer Software: Prepackaged Software
ASB,Associated Banc-Corp Common Stock,$24.43,-0.07,-0.286%,4039099115.00,United States,,4782891,Finance,Major Banks
ASB^E,Associated Banc-Corp Depositary Shares each representing a 1/40th interest in a share of 5.875% Non-Cumulative Perpetual Preferred Stock Series E,$20.75,-0.10,-0.48%,,United States,,6472,,
ASB^F,Associated Banc-Corp Depositary Shares each representing a 1/40th interest in a share of Associated Banc-Corp 5.625% Non-Cumulative Perpetual Preferred Stock Series F,$20.27,-0.04,-0.197%,,United States,,3919,,
ASBA,Associated Banc-Corp 6.625% Fixed-Rate Reset Subordinated Notes due 2033,$24.375,-0.245,-0.995%,3678207366.00,United States,2023,16214,Finance,Major Banks
ASBP,Aspire Biopharma Holdings Inc. Common Stock,$0.7181,0.0606,9.217%,3607836.00,United States,2022,267671,Health Care,Biotechnology: Pharmaceutical Preparations
ASBPW,Aspire Biopharma Holdings Inc. Warrant,$0.0225,0.0035,18.421%,113043.00,United States,2022,28128,Health Care,Biotechnology: Pharmaceutical Preparations
ASC,Ardmore Shipping Corporation Common Stock,$14.65,-0.30,-2.007%,597758295.00,,2013,633534,Consumer Discretionary,Marine Transportation
ASG,Liberty All-Star Growth Fund Inc.,$4.72,-0.12,-2.479%,0.00,United States,,285609,Finance,Investment Managers
ASGI,abrdn Global Infrastructure Income Fund Common Shares of Beneficial Interest,$22.80,-0.59,-2.522%,0.00,United States,2020,172694,Finance,Investment Managers
ASGN,ASGN Incorporated Common Stock,$36.08,0.71,2.007%,1490104000.00,United States,1992,8368842,Consumer Discretionary,Professional Services
ASH,Ashland Inc. Common Stock,$48.81,-1.38,-2.75%,2233662305.00,United States,,918640,Consumer Discretionary,Specialty Chemicals
ASIC,Ategrity Specialty Insurance Company Holdings Common Stock,$19.36,-0.29,-1.476%,930570809.00,,2025,402862,Finance,Property-Casualty Insurers
ASIX,AdvanSix Inc. Common Stock ,$20.25,-0.80,-3.80%,544176468.00,United States,2016,2031569,Industrials,Major Chemicals
ASLE,AerSale Corporation Common Stock,$6.16,-0.12,-1.911%,291008348.00,United States,2019,867647,Consumer Discretionary,Industrial Specialties
ASM,Avino Silver & Gold Mines Ltd. Common Shares (Canada),$5.35,-0.31,-5.477%,898498522.00,Canada,,7405292,Basic Materials,Metal Mining
ASMB,Assembly Biosciences Inc. Common Stock,$28.46,0.95,3.453%,450155804.00,United States,2010,83930,Health Care,Biotechnology: Pharmaceutical Preparations
ASML,ASML Holding N.V. New York Registry Shares,$1317.25,-49.14,-3.596%,507691419221.00,Netherlands,1995,2641774,Technology,Industrial Machinery/Components
ASND,Ascendis Pharma A/S American Depositary Shares,$221.88,-1.94,-0.867%,13751547287.00,Denmark,2015,432921,Health Care,Biotechnology: Pharmaceutical Preparations
ASNS,Actelis Networks Inc. Common Stock,$0.3081,0.0179,6.168%,8234208.00,United States,2022,6518694,Telecommunications,Telecommunications Equipment
ASO,Academy Sports and Outdoors Inc. Common Stock,$51.98,-0.94,-1.776%,3346652199.00,United States,2020,1870956,Consumer Discretionary,Other Specialty Stores
ASPC,A SPAC III Acquisition Corp. Class A Ordinary Shares,$10.89,-0.11,-1.00%,0.00,China,2025,3931,Finance,Blank Checks
ASPCR,A SPAC III Acquisition Corp. Right,$0.188,0.00,0.00%,0.00,China,2025,68,Finance,Blank Checks
ASPCU,A SPAC III Acquisition Corp. Unit,$10.75,0.00,0.00%,0.00,China,2024,106,Finance,Blank Checks
ASPI,ASP Isotopes Inc. Common Stock,$4.215,-0.155,-3.547%,467191114.00,United States,2022,7600835,Industrials,Major Chemicals
ASPN,Aspen Aerogels Inc. Common Stock,$3.06,-0.17,-5.263%,253446345.00,United States,2014,1968895,Consumer Discretionary,RETAIL: Building Materials
ASPS,Altisource Portfolio Solutions S.A. Common Stock,$6.45,0.245,3.948%,72731722.00,Luxembourg,,42043,Consumer Discretionary,Other Consumer Services
ASPSW,Altisource Portfolio Solutions S.A. Net Settle Stakeholder Warrants,$0.41,0.032,8.466%,4623257.00,Luxembourg,,5318,Consumer Discretionary,Other Consumer Services
ASPSZ,Altisource Portfolio Solutions S.A. Cash Exercise Stakeholder Warrants,$0.2124,-0.0074,-3.367%,2395073.00,Luxembourg,,1322,Consumer Discretionary,Other Consumer Services
ASR,Grupo Aeroportuario del Sureste S.A. de C.V. Common Stock,$317.49,-9.13,-2.795%,9524700000.00,Mexico,,37471,Consumer Discretionary,Aerospace
ASRT,Assertio Holdings Inc. Common Stock,$13.37,-0.35,-2.551%,86171803.00,United States,,76307,Health Care,Biotechnology: Pharmaceutical Preparations
ASRV,AmeriServ Financial Inc. Common Stock,$3.66,-0.15,-3.937%,62089217.00,United States,,13047,Finance,Major Banks
ASST,Strive Inc. Class A Common Stock,$10.02,-0.24,-2.339%,669113406.00,United States,2023,8358130,Technology,Computer Software: Prepackaged Software
ASTC,Astrotech Corporation (DE) Common Stock,$2.43,0.044,1.844%,4274256.00,United States,,3282,Industrials,Biotechnology: Laboratory Analytical Instruments
ASTE,Astec Industries Inc. Common Stock,$49.84,-1.665,-3.233%,1142317649.00,United States,1986,844104,Industrials,Construction/Ag Equipment/Trucks
ASTH,Astrana Health Inc. Common Stock,$24.23,0.05,0.207%,1347275180.00,United States,,920461,Consumer Discretionary,Professional Services
ASTI,Ascent Solar Technologies Inc. Common Stock,$4.66,-0.42,-8.268%,35850242.00,United States,,712962,Technology,Semiconductors
ASTL,Algoma Steel Group Inc. Common Shares,$3.57,-0.07,-1.923%,374613673.00,Canada,,7909243,Industrials,Steel/Iron Ore
ASTLW,Algoma Steel Group Inc. Warrant,$0.08,0.00,0.00%,8394704.00,Canada,,21105,Industrials,Steel/Iron Ore
ASTS,AST SpaceMobile Inc. Class A Common Stock,$89.93,-4.16,-4.421%,34354629454.00,United States,2019,16222993,Consumer Discretionary,Telecommunications Equipment
ASUR,Asure Software Inc Common Stock,$8.37,0.20,2.448%,237484973.00,United States,,355269,Technology,EDP Services
ASX,ASE Technology Holding Co. Ltd. American Depositary Shares (each representing Two Common Shares) ,$21.31,-0.59,-2.694%,47057653407.00,Taiwan,2018,7612562,Technology,Semiconductors
ASYS,Amtech Systems Inc. Common Stock,$10.94,-0.63,-5.445%,157063359.00,United States,,102626,Technology,Industrial Machinery/Components
ATAI,AtaiBeckley Inc. Common Stock,$3.49,-0.08,-2.241%,1267618961.00,Germany,2008,17831603,Health Care,Biotechnology: Pharmaceutical Preparations
ATAT,Atour Lifestyle Holdings Limited American Depositary Shares,$36.88,-1.10,-2.896%,5096297873.00,China,2022,1652646,Consumer Discretionary,Hotels/Resorts
ATCH,AtlasClear Holdings Inc. Common Stock,$0.198,0.00,0.00%,29639114.00,,2024,1800529,Finance,Finance: Consumer Services
ATCX,Atlas Critical Minerals Corporation Common Stock,$4.88,-0.32,-6.154%,24387532.00,Brazil,,33592,Basic Materials,Precious Metals
ATEC,Alphatec Holdings Inc. Common Stock,$12.37,-0.35,-2.752%,1872281389.00,United States,2006,2395144,Health Care,Medical/Dental Instruments
ATEN,A10 Networks Inc. Common Stock,$21.46,-0.54,-2.455%,1539218157.00,United States,2014,4576564,Telecommunications,Computer Communications Equipment
ATER,Aterian Inc. Common Stock,$0.60,0.01,1.695%,6016228.00,United States,2019,112343,Consumer Discretionary,Home Furnishings
ATEX,Anterix Inc. Common Stock,$39.34,-0.63,-1.576%,736951853.00,United States,2015,313246,Telecommunications,Telecommunications Equipment
ATGL,Alpha Technology Group Limited Class A Ordinary Shares,$17.30,-0.50,-2.809%,284801250.00,China,2023,781,Technology,EDP Services
ATH^A,Athene Holding Ltd. Depositary Shares Each Representing a 1/1000th Interest in a 6.35% Fixed-to-Floating Rate Perpetual Non-Cumulative Preference Share Series A,$23.60,-0.16,-0.673%,,Bermuda,,71487,,
ATH^B,Athene Holding Ltd. Depositary Shares Each Representing a 1/1000th Interest in a 5.625% Fixed Rate Perpetual Non- Cumulative Preference Share Series B par value $1.00 per share,$18.28,-0.17,-0.921%,,Bermuda,,123534,,
ATH^D,Athene Holding Ltd. Depositary Shares Each Representing a 1/1000th Interest in a 4.875% Fixed-Rate Perpetual Non-Cumulative Preference Share Series D,$15.99,-0.38,-2.321%,,Bermuda,,22527,,
ATH^E,Athene Holding Ltd. Depositary Shares Each Representing a 1/1000th Interest in a 7.750% Fixed-Rate Reset Perpetual Non-Cumulative Preference Share Series E,$25.00,0.00,0.00%,,Bermuda,,72335,,
ATHE,Alterity Therapeutics Limited American Depositary Shares,$3.29,-0.16,-4.638%,50494644.00,Australia,,10523,Health Care,Biotechnology: Pharmaceutical Preparations
ATHM,Autohome Inc. American Depositary Shares each representing four class A ordinary shares.,$18.02,-0.38,-2.065%,2134356105.00,China,2013,2285729,Technology,EDP Services
ATHR,Aether Holdings Inc. Common Stock,$2.34,-0.36,-13.333%,28355151.00,United States,2025,28163,Technology,Computer Software: Prepackaged Software
ATHS,Athene Holding Ltd. 7.250% Fixed-Rate Reset Junior Subordinated Debentures due 2064,$24.17,-0.33,-1.347%,4925966850.00,Bermuda,2024,64308,Finance,Life Insurance
ATI,ATI Inc. Common Stock,$141.80,-5.74,-3.89%,19417567198.00,United States,,3399980,Industrials,Steel/Iron Ore
ATII,Archimedes Tech SPAC Partners II Co. Ordinary Shares,$10.44,0.00,0.00%,0.00,United States,2025,422082,,
ATIIW,Archimedes Tech SPAC Partners II Co. Warrant,$0.65,0.001,0.154%,0.00,United States,2025,125000,Finance,Blank Checks
ATKR,Atkore Inc. Common Stock,$56.12,-0.67,-1.18%,1894085861.00,United States,2016,589275,Miscellaneous,Industrial Machinery/Components
ATLC,Atlanticus Holdings Corporation Common Stock,$54.67,0.83,1.542%,815644527.00,United States,1995,97500,Finance,Finance: Consumer Services
ATLCL,Atlanticus Holdings Corporation 6.125% Senior Notes due 2026,$24.98,-0.01,-0.04%,377833716.00,United States,,221642,Finance,Finance: Consumer Services
ATLCP,Atlanticus Holdings Corporation 7.625% Series B Cumulative Perpetual Preferred Stock no par value per share,$23.50,-0.30,-1.261%,350606300.00,United States,,3693,Finance,Finance: Consumer Services
ATLCZ,Atlanticus Holdings Corporation 9.25% Senior Notes due 2029,$25.10,-0.06,-0.238%,379648770.00,United States,,48026,Finance,Finance: Consumer Services
ATLN,Atlantic International Corp. Common Stock,$4.45,0.07,1.598%,260438422.00,United States,2024,906986,Industrials,Biotechnology: Laboratory Analytical Instruments
ATLO,Ames National Corporation Common Stock,$26.70,-0.31,-1.148%,236487774.00,United States,,70450,Finance,Major Banks
ATLX,Atlas Lithium Corporation Common Stock,$4.04,-0.42,-9.417%,109628333.00,United States,,573823,Industrials,Mining & Quarrying of Nonmetallic Minerals (No Fuels)
ATMU,Atmus Filtration Technologies Inc. Common Stock,$55.73,-0.77,-1.363%,4542473776.00,United States,2023,1480958,Consumer Discretionary,Auto Parts:O.E.M.
ATNI,ATN International Inc. Common Stock,$26.17,-0.26,-0.984%,402170380.00,United States,,131122,Telecommunications,Telecommunications Equipment
ATNM,Actinium Pharmaceuticals Inc. (Delaware) Common Stock,$1.11,0.02,1.835%,34627439.00,United States,,177545,Health Care,Biotechnology: Pharmaceutical Preparations
ATO,Atmos Energy Corporation Common Stock,$180.49,-4.41,-2.385%,29860075364.00,United States,,3328297,Utilities,Oil/Gas Transmission
ATOM,Atomera Incorporated Common Stock,$4.25,-0.11,-2.523%,164572618.00,United States,2016,1286094,Technology,Semiconductors
ATON,AlphaTON Capital Corp. Common Stock,$0.3539,0.0109,3.178%,8293501.00,Canada,,444072,Energy,Oil & Gas Production
ATOS,Atossa Therapeutics Inc. Common Stock,$5.33,0.20,3.899%,45898911.00,United States,2012,159509,Health Care,Biotechnology: Pharmaceutical Preparations
ATPC,Agape ATP Corporation Common Stock,$2.19,-0.20,-8.368%,2191183.00,Malaysia,,56602,Health Care,Medical/Nursing Services
ATR,AptarGroup Inc. Common Stock,$121.06,-2.91,-2.347%,7793810719.00,United States,,1481578,Industrials,Plastic Products
ATRA,Atara Biotherapeutics Inc. Common Stock,$4.91,-0.21,-4.102%,40154540.00,United States,2014,62808,Health Care,Biotechnology: Biological Products (No Diagnostic Substances)
ATRC,AtriCure Inc. Common Stock,$29.175,0.145,0.499%,1453203862.00,United States,2005,933421,Health Care,Medical/Dental Instruments
ATRO,Astronics Corporation Common Stock,$63.75,-4.65,-6.798%,2275312406.00,United States,,1489002,Industrials,Military/Government/Technical
ATS,ATS Corporation Common Shares,$30.16,-0.89,-2.866%,2957484412.00,Canada,2023,193251,Industrials,Industrial Machinery/Components
ATXG,Addentax Group Corp. Common Stock,$0.3224,0.0084,2.675%,3777028.00,China,,1451339,Consumer Discretionary,Professional Services
ATYR,aTyr Pharma Inc. Common Stock,$0.8083,-0.0193,-2.332%,79254795.00,United States,2015,876318,Health Care,Biotechnology: Biological Products (No Diagnostic Substances)
AU,AngloGold Ashanti PLC Ordinary Shares,$79.99,-5.70,-6.652%,40277128889.00,South Africa,,6970695,Basic Materials,Precious Metals
AUB,Atlantic Union Bankshares Corporation Common Stock,$34.27,0.10,0.293%,4887037949.00,United States,,2382979,Finance,Major Banks
AUB^A,Atlantic Union Bankshares Corporation Depositary Shares each representing a 1/400th ownership interest in a share of 6.875% Perpetual Non-Cumulative Preferred Stock Series A,$24.46,-0.02,-0.082%,,United States,,7311,,
AUBN,Auburn National Bancorporation Inc. Common Stock,$21.01,-3.85,-15.487%,73402616.00,United States,,62308,Finance,Major Banks
AUDC,AudioCodes Ltd. Common Stock,$8.33,-0.14,-1.653%,245510865.00,Israel,1999,115958,Utilities,Telecommunications Equipment
AUGO,Aura Minerals Inc. Common Shares,$61.07,-5.40,-8.124%,5101452281.00,United States,,2888626,,
AUID,authID Inc. Common Stock,$1.36,-0.05,-3.546%,18283486.00,United States,,183646,Technology,Computer Software: Prepackaged Software
AUNA,Auna SA Class A Ordinary Shares,$5.64,-0.15,-2.591%,417433123.00,Peru,2024,524740,Health Care,Medical/Nursing Services
AUPH,Aurinia Pharmaceuticals Inc Ordinary Shares,$14.02,-0.05,-0.355%,1864253126.00,Canada,,1259474,Health Care,Biotechnology: Pharmaceutical Preparations
AUR,Aurora Innovation Inc. Class A Common Stock,$4.13,-0.05,-1.196%,8048598689.00,United States,2021,30981488,Technology,EDP Services
AURA,Aura Biosciences Inc. Common Stock,$6.55,-0.03,-0.456%,415946412.00,United States,2021,441398,Health Care,Biotechnology: Biological Products (No Diagnostic Substances)
AURE,Aurelion Inc. Class A Ordinary Shares,$1.79,0.04,2.286%,61931909.00,Hong Kong,2023,11917,Finance,Finance: Consumer Services
AUROW,Aurora Innovation Inc. Warrant,$0.1961,-0.0129,-6.172%,382162277.00,United States,2021,58612,Technology,EDP Services
AUST,Austin Gold Corp. Common Shares,$1.29,-0.11,-7.857%,17663971.00,,2022,152981,Basic Materials,Precious Metals
AUTL,Autolus Therapeutics plc American Depositary Share,$1.37,-0.06,-4.196%,364616302.00,United Kingdom,2018,1659198,Health Care,Biotechnology: Biological Products (No Diagnostic Substances)
AUUD,Auddia Inc. Common Stock,$0.828,0.0328,4.125%,3193056.00,United States,2021,173344,Technology,EDP Services
AVA,Avista Corporation Common Stock,$38.37,-1.17,-2.959%,3155980271.00,United States,,2129843,Utilities,Power Generation
AVAH,Aveanna Healthcare Holdings Inc. Common Stock,$6.52,0.18,2.839%,1362102217.00,United States,2021,3931454,Health Care,Medical/Nursing Services
AVAL,Grupo Aval Acciones y Valores S.A. ADR (Each representing 20 preferred shares),$4.14,-0.07,-1.663%,4914899482.00,,2014,109171,Finance,Commercial Banks
AVAV,AeroVironment Inc. Common Stock,$197.72,-13.63,-6.449%,9872949096.00,United States,2007,2046153,Industrials,Aerospace
AVB,AvalonBay Communities Inc. Common Stock,$161.37,-3.87,-2.342%,22605270038.00,United States,,1646872,Real Estate,Real Estate Investment Trusts
AVBC,Avidia Bancorp Inc. Common Stock,$18.84,-0.23,-1.206%,378236550.00,,2025,54487,Finance,Banks
AVBH,Avidbank Holdings Inc. Common stock,$27.00,-0.19,-0.699%,296507709.00,United States,,176651,Finance,Commercial Banks
AVBP,ArriVent BioPharma Inc. Common Stock,$22.02,-0.84,-3.675%,973319716.00,United States,2024,1300424,Health Care,Biotechnology: Pharmaceutical Preparations
AVD,American Vanguard Corporation Common Stock ($0.10 Par Value),$2.36,-0.25,-9.579%,67353366.00,United States,1998,982840,Industrials,Agricultural Chemicals
AVGO,Broadcom Inc. Common Stock,$310.51,-9.33,-2.917%,1470161817814.00,United States,2009,43285415,Technology,Semiconductors
AVIR,Atea Pharmaceuticals Inc. Common Stock,$5.66,-0.34,-5.667%,450943990.00,United States,2020,950186,Health Care,Biotechnology: Pharmaceutical Preparations
AVK,Advent Convertible and Income Fund,$11.42,-0.52,-4.355%,0.00,United States,2003,292784,Finance,Trusts Except Educational Religious and Charitable
AVNS,Avanos Medical Inc. Common Stock,$13.05,-0.41,-3.046%,606926203.00,United States,2014,806802,Health Care,Industrial Specialties
AVNT,Avient Corporation Common Stock,$31.91,-0.13,-0.406%,2923745070.00,United States,,1593417,Industrials,Major Chemicals
AVNW,Aviat Networks Inc. Common Stock,$25.07,-0.82,-3.167%,323460912.00,United States,,108842,Technology,Radio And Television Broadcasting And Communications Equipment
AVO,Mission Produce Inc. Common Stock,$12.22,-0.32,-2.552%,865742568.00,United States,2020,968734,Consumer Staples,Farming/Seeds/Milling
AVPT,AvePoint Inc. Class A Common Stock,$10.30,-0.14,-1.341%,2224374734.00,United States,2019,1892932,Technology,Computer Software: Prepackaged Software
AVR,Anteris Technologies Global Corp. Common Stock,$5.60,-0.29,-4.924%,544499502.00,United States,2024,6215945,Health Care,Industrial Specialties
AVT,Avnet Inc. Common Stock,$58.45,-1.51,-2.518%,4784890421.00,United States,,1420226,Technology,Electronic Components
AVTR,Avantor Inc. Common Stock,$7.51,-0.10,-1.314%,5122240049.00,United States,2019,12425166,Industrials,Biotechnology: Laboratory Analytical Instruments
AVTX,Avalo Therapeutics Inc. Common Stock,$13.42,-0.80,-5.626%,248441199.00,United States,2015,477515,Health Care,Biotechnology: Pharmaceutical Preparations
AVX,Avax One Technology Ltd. Common Shares,$0.69,-0.0529,-7.121%,64247382.00,Canada,2021,129565,Finance,Finance: Consumer Services
AVXL,Anavex Life Sciences Corp. Common Stock,$4.06,-0.14,-3.333%,376247337.00,United States,,2766594,Health Care,Biotechnology: Biological Products (No Diagnostic Substances)
AVY,Avery Dennison Corporation Common Stock,$161.16,-1.83,-1.123%,12395948716.00,United States,,997581,Consumer Discretionary,Containers/Packaging
AWF,Alliancebernstein Global High Income Fund,$10.03,-0.02,-0.199%,0.00,United States,1993,417086,Finance,Trusts Except Educational Religious and Charitable
AWI,Armstrong World Industries Inc Common Stock,$163.86,-1.53,-0.925%,7018787269.00,United States,,1138603,Industrials,Plastic Products
AWK,American Water Works Company Inc. Common Stock,$135.79,-1.31,-0.956%,26517072829.00,United States,2008,4091518,Utilities,Water Supply
AWP,abrdn Global Premier Properties Fund Common Shares of Beneficial Interest,$11.41,-0.37,-3.141%,0.00,United States,2007,154106,Finance,Trusts Except Educational Religious and Charitable
AWR,American States Water Company Common Stock,$72.40,-0.43,-0.59%,2829570828.00,United States,,1021654,Utilities,Water Supply
AWRE,Aware Inc. Common Stock,$1.21,-0.05,-3.968%,26138120.00,United States,1996,71858,Technology,Computer Software: Prepackaged Software
AWX,Avalon Holdings Corporation Common Stock,$2.58,-0.03,-1.149%,10060532.00,United States,1998,18966,Utilities,Environmental Services
AX,Axos Financial Inc. Common Stock,$82.93,-0.09,-0.108%,4700327190.00,United States,2018,1059041,Finance,Savings Institutions
AXG,Solowin Holdings Class A Ordinary Share,$3.53,-0.04,-1.12%,667007009.00,Hong Kong,2023,478386,Finance,Investment Bankers/Brokers/Service
AXGN,Axogen Inc. Common Stock,$30.78,-0.38,-1.22%,1597410652.00,United States,,1641946,Health Care,Biotechnology: Electromedical & Electrotherapeutic Apparatus
AXIA,AXIA Energia American Depositary Shares (Each representing one Common Share),$10.50,-0.59,-5.32%,29740129713.00,Brazil,2016,3377361,Utilities,Electric Utilities: Central
AXIA^,AXIA Energia AXIA Energia American Depositary Shares (Each representing one Preferred Class B1 Share),$11.90,-0.30,-2.459%,,Brazil,,7657,,
AXIA^C,AXIA Energia American Depositary Shares each representing one Preferred Class C Share,$10.03,-0.74,-6.871%,,Brazil,,503477,,
AXIL,AXIL Brands Inc. Common Stock,$5.84,0.27,4.847%,39727867.00,,2024,16826,Consumer Discretionary,Package Goods/Cosmetics
AXIN,Axiom Intelligence Acquisition Corp 1 Class A Ordinary Shares,$10.15,0.0001,0.001%,0.00,United Kingdom,2025,70833,Finance,Blank Checks
AXINR,Axiom Intelligence Acquisition Corp 1 Right,$0.20,0.02,11.111%,0.00,United Kingdom,2025,1356,Finance,Blank Checks
AXINU,Axiom Intelligence Acquisition Corp 1 Units,$10.36,0.05,0.485%,0.00,United Kingdom,2025,6517,Finance,Blank Checks
AXON,Axon Enterprise Inc. Common Stock,$496.27,-5.91,-1.177%,39898954172.00,United States,2001,1003583,Industrials,Ordnance And Accessories
AXP,American Express Company Common Stock,$295.50,0.57,0.193%,202894438478.00,United States,,7111834,Finance,Finance: Consumer Services
AXR,AMREP Corporation Common Stock,$27.00,-1.14,-4.051%,143240373.00,United States,,10469,Real Estate,Homebuilding
AXS,Axis Capital Holdings Limited Common Stock,$99.57,0.15,0.151%,7364788546.00,Bermuda,2003,766400,Finance,Property-Casualty Insurers
AXS^E,Axis Capital Holdings Limited Depositary Shares each representing 1/100th interest in a share of a 5.50% Series E Preferred Shares,$20.15,-0.13,-0.641%,,Bermuda,,85668,,
AXSM,Axsome Therapeutics Inc. Common Stock,$156.92,-1.96,-1.234%,8026974110.00,United States,2015,849314,Health Care,Biotechnology: Pharmaceutical Preparations
AXTA,Axalta Coating Systems Ltd. Common Shares,$25.44,-0.66,-2.529%,5428233084.00,United States,2014,6396805,Consumer Discretionary,Paints/Coatings
AXTI,AXT Inc Common Stock,$54.24,-3.85,-6.628%,3014312010.00,United States,1998,10823469,Technology,Semiconductors
AYI,Acuity Inc. Common Stock,$267.87,0.07,0.026%,8213596287.00,United States,,617098,Consumer Discretionary,Building Products
AYTU,Aytu BioPharma Inc.  Common Stock,$2.61,0.02,0.772%,28013673.00,United States,,79832,Health Care,Biotechnology: Pharmaceutical Preparations
AZ,A2Z Cust2Mate Solutions Corp. Common Shares,$5.75,0.17,3.047%,256133796.00,Canada,,449602,Industrials,Industrial Machinery/Components
AZI,Autozi Internet Technology (Global) Ltd. Class A Ordinary Shares,$0.3045,0.0245,8.75%,13856066.00,China,2024,1045466,Consumer Discretionary,Automotive Aftermarket
AZN,AstraZeneca PLC Ordinary Shares,$183.60,-5.33,-2.821%,569426539097.00,United Kingdom,2026,2067975,Health Care,Biotechnology: Pharmaceutical Preparations
AZO,AutoZone Inc. Common Stock,$3282.90,-58.68,-1.756%,54390499561.00,United States,,292539,Consumer Discretionary,Auto & Home Supply Stores
AZTA,Azenta Inc.,$20.19,-0.44,-2.133%,929982271.00,United States,,1512104,Technology,Industrial Machinery/Components
AZTR,Azitra Inc Common Stock,$0.2828,0.1067,60.591%,4579221.00,,2023,512167020,Health Care,Biotechnology: Pharmaceutical Preparations
AZZ,AZZ Inc.,$118.98,-2.28,-1.88%,3552227141.00,United States,,569131,Industrials,Industrial Specialties
B,Barrick Mining Corporation Common Shares,$37.14,-1.14,-2.978%,62222885070.00,Canada,,29135707,Basic Materials,Precious Metals
BA,Boeing Company (The) Common Stock,$195.12,-6.06,-3.012%,153333908597.00,United States,,12898399,Industrials,Aerospace
BA^A,Boeing Company (The) Depositary Shares each representing a 1/20th interest in a share of 6.00% Series A Mandatory Convertible Preferred Stock par value $1.00,$63.68,-1.55,-2.376%,,United States,,605573,,
BABA,Alibaba Group Holding Limited American Depositary Shares each representing eight Ordinary share,$122.41,-2.49,-1.994%,282678899188.00,China,2014,15436585,Real Estate,Real Estate
BAC,Bank of America Corporation Common Stock,$47.16,0.15,0.319%,338452331137.00,United States,,78018742,Finance,Major Banks
BAC^B,Bank of America Corporation Depositary Shares each representing a 1/1000th interest in a share of 6.000% Non-Cumulative Preferred Stock Series GG,$24.72,-0.24,-0.962%,,United States,,92817,,
BAC^E,Bank of America Corporation Depositary Sh repstg 1/1000th Perp Pfd Ser E,$19.00,-0.3716,-1.918%,,United States,,23267,,
BAC^K,Bank of America Corporation Depositary Shares each representing a 1/1000th interest in a share of 5.875% Non- Cumulative Preferred Stock Series HH,$24.46,-0.29,-1.172%,,United States,,66997,,
BAC^L,Bank of America Corporation Non Cumulative Perpetual Conv Pfd Ser L,$1194.99,-9.91,-0.822%,,United States,,14284,,
BAC^M,Bank of America Corporation Depositary Shares each representing a 1/1000th interest in a share of 5.375% Non-Cumulative Preferred Stock Series KK,$21.59,-0.30,-1.37%,,United States,,84970,,
BAC^N,Bank of America Corporation Depositary shares each representing 1/1000th interest in a share of 5.000% Non-Cumulative Preferred Stock Series LL,$20.28,-0.32,-1.553%,,United States,,75865,,
BAC^O,Bank of America Corporation Depositary shares each representing 1/1000th interest in a share of 4.375% Non-Cumulative Preferred Stock Series NN,$17.44,-0.38,-2.132%,,United States,,49258,,
BAC^P,Bank of America Corporation Depositary Shares each representing a 1/1000th interest in a share of 4.125% Non-Cumulative Preferred Stock Series PP,$16.60,-0.33,-1.949%,,United States,,60933,,
BAC^Q,Bank of America Corporation Depositary shares each representing 1/1000th interest in a share of 4.250% Non-Cumulative Preferred Stock Series QQ,$16.86,-0.32,-1.863%,,United States,,234272,,
BAC^S,Bank of America Corporation Depositary shares each representing 1/1000th interest in a share of 4.750% Non-Cumulative Preferred Stock Series SS,$19.05,-0.38,-1.956%,,United States,,39943,,
BACC,Blue Acquisition Corp. Class A Ordinary Shares,$10.19,0.01,0.098%,0.00,United States,2025,43530,Finance,Blank Checks
BACCR,Blue Acquisition Corp. Right ,$0.235,0.00,0.00%,0.00,United States,2025,13499,Finance,Blank Checks
BAER,Bridger Aerospace Group Holdings Inc. Common Stock,$1.93,-0.06,-3.015%,107932006.00,United States,,476448,Industrials,Aerospace
BAERW,Bridger Aerospace Group Holdings Inc. Warrant,$0.388,-0.0619,-13.759%,21698248.00,United States,,111554,Industrials,Aerospace
BAFN,BayFirst Financial Corp. Common Stock,$5.86,-0.02,-0.34%,24084618.00,United States,,15685,Finance,Major Banks
BAH,Booz Allen Hamilton Holding Corporation Common Stock,$79.95,-0.88,-1.089%,9641521401.00,United States,2010,9122947,Consumer Discretionary,Professional Services
BAK,Braskem SA ADR,$3.88,-0.72,-15.652%,1752474370.00,Brazil,,5228640,Industrials,Major Chemicals
BALL,Ball Corporation Common Stock,$57.06,-1.93,-3.272%,15186693489.00,United States,,4388684,Industrials,Containers/Packaging
BALY,Bally's Corporation Common Stock,$12.04,-0.17,-1.392%,591912117.00,United States,2024,93854,Consumer Discretionary,Hotels/Resorts
BAM,Brookfield Asset Management Inc Class A Limited Voting Shares,$42.90,-0.57,-1.311%,70277444523.00,,2022,5766902,Consumer Discretionary,Other Consumer Services
BANC,Banc of California Inc. Common Stock,$16.83,0.01,0.059%,2523886042.00,United States,,5586356,Finance,Major Banks
BANC^F,Banc of California Inc. Depositary Shares each representing a 1/40th interest in a share of 7.75% non-cumulative perpetual preferred stock Series F,$24.8899,-0.2201,-0.877%,,United States,,45850,,
BAND,Bandwidth Inc. Class A Common Stock,$15.46,0.05,0.324%,485241814.00,United States,2017,477766,Technology,Computer Software: Prepackaged Software
BANF,BancFirst Corporation Common Stock,$104.90,0.70,0.672%,3518880780.00,United States,1993,613218,Finance,Major Banks
BANFP,BancFirst Corporation - BFC Capital Trust II Cumulative Trust Preferred Securities,$25.5501,-0.6899,-2.629%,857080608.00,United States,,1882,Finance,Major Banks
BANL,CBL International Limited Class B Ordinary Shares,$0.6756,-0.0144,-2.087%,18579000.00,Malaysia,2023,260061,Energy,Oil Refining/Marketing
BANR,Banner Corporation Common Stock,$58.07,-0.40,-0.684%,1980062498.00,United States,,1570282,Finance,Major Banks
BANX,ArrowMark Financial Corp. Common Stock,$19.13,-0.23,-1.188%,135873235.00,United States,,31588,Finance,Trusts Except Educational Religious and Charitable
BAOS,Baosheng Media Group Holdings Limited Ordinary shares,$2.59,0.26,11.159%,3974321.00,China,2021,30237,Real Estate,Real Estate
BAP,Credicorp Ltd. Common Stock,$321.64,-6.68,-2.035%,30357128440.00,Peru,,526163,Finance,Commercial Banks
BARK,BARK Inc. Class A Common Stock,$0.6563,-0.1666,-20.245%,113430570.00,United States,2020,7700975,Consumer Discretionary,Other Specialty Stores
BATL,Battalion Oil Corporation Common Stock,$12.75,-0.26,-1.998%,209821178.00,United States,,4782435,Energy,Oil & Gas Production
BATRA,Atlanta Braves Holdings Inc. Series A Common Stock,$46.03,-0.84,-1.792%,3371942656.00,United States,,111601,Consumer Discretionary,Services-Misc. Amusement & Recreation
BATRK,Atlanta Braves Holdings Inc. Series C Common Stock,$41.48,-0.98,-2.308%,3038630922.00,United States,,390344,Consumer Discretionary,Services-Misc. Amusement & Recreation
BAX,Baxter International Inc. Common Stock,$16.15,-0.51,-3.061%,8317250000.00,United States,,19143678,Health Care,Medical/Dental Instruments
BAYA,Bayview Acquisition Corp Ordinary Shares,$11.95,0.00,0.00%,0.00,United States,2023,202,,
BAYAR,Bayview Acquisition Corp Right,$0.22,-0.005,-2.222%,0.00,United States,2023,60965,,
BB,BlackBerry Limited Common Stock,$3.22,-0.08,-2.424%,1899800000.00,Canada,,27413461,Technology,Computer Software: Prepackaged Software
BBAI,BigBear.ai Inc. Common Stock,$3.58,-0.15,-4.021%,1704282546.00,United States,2021,32411657,Technology,Computer Software: Prepackaged Software
BBAR,Banco BBVA Argentina S.A. ADS,$13.40,-0.41,-2.969%,2736771686.00,Argentina,,649892,Finance,Commercial Banks
BBBY,Bed Bath & Beyond Inc. Common Stock,$4.67,-0.11,-2.301%,323793502.00,United States,,1131401,Consumer Discretionary,Catalog/Specialty Distribution
BBCP,Concrete Pumping Holdings Inc. Common Stock,$6.79,-0.07,-1.02%,342966336.00,United States,2017,193629,Consumer Discretionary,Engineering & Construction
BBCQ,Bleichroeder Acquisition Corp. II Class A Ordinary Shares,$10.04,-0.02,-0.199%,0.00,United States,2026,227554,,
BBCQU,Bleichroeder Acquisition Corp. II Units,$10.35,-0.06,-0.576%,0.00,United States,2026,3669,,
BBCQW,Bleichroeder Acquisition Corp. II Warrants,$0.95,-0.045,-4.523%,0.00,United States,2026,107439,,
BBD,Banco Bradesco Sa American Depositary Shares,$3.41,-0.13,-3.672%,36289800477.00,Brazil,,33196230,Finance,Major Banks
BBDC,Barings BDC Inc. Common Stock,$8.13,-0.25,-2.983%,851266967.00,United States,,1392831,Finance,Diversified Financial Services
BBDO,Banco Bradesco Sa American Depositary Shares (each representing one Common Share),$3.07,-0.07,-2.229%,32671462600.00,Brazil,,54691,Finance,Major Banks
BBGI,Beasley Broadcast Group Inc. Class A Common Stock,$3.72,0.02,0.541%,6710858.00,United States,2000,24445,Consumer Discretionary,Broadcasting
BBIO,BridgeBio Pharma Inc. Common Stock,$68.54,-1.53,-2.184%,13287361178.00,United States,2019,2906371,Health Care,Biotechnology: Pharmaceutical Preparations
BBLG,Bone Biologics Corp Common Stock,$1.16,0.00,0.00%,2082502.00,United States,,5567,Health Care,Industrial Specialties
BBLGW,Bone Biologics Corp Warrants,$20.35,0.35,1.75%,36533541.00,United States,,473,Health Care,Industrial Specialties
BBN,BlackRock Taxable Municipal Bond Trust Common Shares of Beneficial Interest,$15.81,-0.20,-1.249%,0.00,United States,2010,447865,Finance,Finance Companies
BBNX,Beta Bionics Inc. Common Stock,$10.70,-0.10,-0.926%,474888962.00,United States,2025,1714171,Health Care,Medical/Dental Instruments
BBOT,BridgeBio Oncology Therapeutics Inc. Common Stock  ,$8.68,-0.37,-4.088%,694684904.00,United States,2024,193418,Health Care,Biotechnology: Pharmaceutical Preparations
BBSI,Barrett Business Services Inc. Common Stock,$27.94,0.06,0.215%,704174335.00,United States,1993,343186,Consumer Discretionary,Professional Services
BBT,Beacon Financial Corporation Common stock,$28.80,-0.09,-0.312%,2413903277.00,United States,,1896636,Finance,Banks
BBU,Brookfield Business Partners L.P. Limited Partnership Units ,$29.78,-0.18,-0.601%,6261911476.00,,2016,37252,Consumer Discretionary,Engineering & Construction
BBUC,Brookfield Business Corporation Class A Exchangeable Subordinate Voting Shares,$29.73,-0.39,-1.295%,2852024260.00,,2022,454481,Consumer Discretionary,Engineering & Construction
BBVA,Banco Bilbao Vizcaya Argentaria S.A. Common Stock,$20.54,-0.40,-1.91%,117262217098.00,Spain,,3083080,Finance,Commercial Banks
BBW,Build-A-Bear Workshop Inc. Common Stock,$40.92,0.10,0.245%,529742913.00,United States,2004,661537,Consumer Discretionary,Recreational Games/Products/Toys
BBWI,Bath & Body Works Inc.,$19.41,-0.92,-4.525%,3904016084.00,United States,,5523065,Consumer Discretionary,Clothing/Shoe/Accessory Stores
BBY,Best Buy Co. Inc. Common Stock,$62.80,-1.39,-2.165%,13158804468.00,United States,,9930102,Consumer Discretionary,Consumer Electronics/Video Chains
BC,Brunswick Corporation Common Stock,$70.47,-0.71,-0.997%,4570048702.00,United States,,1745310,Industrials,Industrial Machinery/Components
BC^C,Brunswick Corporation 6.375% Notes due 2049,$23.50,-0.97,-3.964%,,United States,,47507,,
BCAB,BioAtla Inc. Common Stock,$0.1686,0.0123,7.869%,10700085.00,United States,2020,911094,Health Care,Biotechnology: Biological Products (No Diagnostic Substances)
BCAL,California BanCorp Common Stock,$17.32,-0.28,-1.591%,559901319.00,United States,,737931,Finance,Major Banks
BCAR,D. Boral ARC Acquisition I Corp. Class A Ordinary Shares,$10.11,0.01,0.099%,0.00,United States,2025,116522,Finance,Blank Checks
BCARW,D. Boral ARC Acquisition I Corp. Warrant,$0.65,-0.02,-2.985%,0.00,United States,2025,2936,Finance,Blank Checks
BCAT,BlackRock Capital Allocation Term Trust Common Shares of Beneficial Interest,$14.25,-0.35,-2.397%,1540923750.00,United States,2020,736727,Finance,Finance/Investors Services
BCAX,Bicara Therapeutics Inc. Common Stock,$18.41,-0.38,-2.022%,1005415702.00,United States,2024,1190899,Health Care,Biotechnology: Pharmaceutical Preparations
BCBP,BCB Bancorp Inc. (NJ) Common Stock,$8.25,0.07,0.856%,143211181.00,United States,2005,163946,Finance,Savings Institutions
BCC,Boise Cascade L.L.C. Common Stock,$68.30,-1.56,-2.233%,2448985563.00,United States,2013,1237911,Consumer Discretionary,RETAIL: Building Materials
BCDA,BioCardia Inc. Common Stock,$1.20,0.00,0.00%,12735281.00,United States,,37963,Health Care,Biotechnology: Biological Products (No Diagnostic Substances)
BCE,BCE Inc. Common Stock,$25.79,0.06,0.233%,24049840820.00,Canada,,5339634,Telecommunications,Telecommunications Equipment
BCG,Binah Capital Group Inc. Common Stock,$2.20,0.04,1.852%,36525412.00,United States,,10886,Finance,Finance: Consumer Services
BCGWW,Binah Capital Group Inc. Warrants,$0.154,0.014,10.00%,2556779.00,United States,,9800,Finance,Finance: Consumer Services
BCH,Banco De Chile ADS,$37.28,-1.70,-4.361%,18829583936.00,Chile,,587847,Finance,Commercial Banks
BCHT,Birchtech Corp. Common Stock,$2.14,0.00,0.00%,41635767.00,,2026,30045,Industrials,Industrial Machinery/Components
BCIC,BCP Investment Corporation Common Stock,$7.34,-0.13,-1.74%,90917049.00,United States,2006,148341,Finance,Finance: Consumer Services
BCML,BayCom Corp Common Stock,$28.82,0.17,0.593%,314406516.00,United States,2018,81609,Finance,Major Banks
BCO,Brinks Company (The) Common Stock,$97.68,-2.83,-2.816%,4019777861.00,United States,,1279859,Industrials,Integrated Freight & Logistics
BCPC,Balchem Corporation Common Stock,$162.01,-2.28,-1.388%,5188433758.00,United States,,513338,Industrials,Major Chemicals
BCRX,BioCryst Pharmaceuticals Inc. Common Stock,$9.70,-0.11,-1.121%,2432766014.00,United States,1994,13129799,Health Care,Biotechnology: Biological Products (No Diagnostic Substances)
BCS,Barclays PLC Common Stock,$20.07,-0.73,-3.51%,69773817333.00,United Kingdom,,13441964,Finance,Commercial Banks
BCSF,Bain Capital Specialty Finance Inc. Common Stock,$12.12,-0.18,-1.463%,786206305.00,United States,2018,818423,Finance,Finance/Investors Services
BCSS,Bain Capital GSS Investment Corp. Class A Ordinary Shares,$10.09,-0.03,-0.296%,0.00,,2025,123056,,
BCTX,BriaCell Therapeutics Corp. Common Shares,$4.18,-0.34,-7.522%,30307036.00,Canada,,191114,Health Care,Biotechnology: Pharmaceutical Preparations
BCTXL,BriaCell Therapeutics Corp. Warrant expiring 2031,$1.04,0.01,0.971%,7540506.00,Canada,,1738,,
BCTXZ,BriaCell Therapeutics Corp. Warrant expiring 2030,$0.114,-0.016,-12.308%,826556.00,Canada,,8243,Health Care,Biotechnology: Pharmaceutical Preparations
BCV,Bancroft Fund Ltd.,$21.58,-0.48,-2.176%,0.00,United States,1972,17447,Finance,Finance/Investors Services
BCV^A,Bancroft Fund Limited 5.375% Series A Cumulative Preferred Shares,$21.608,-0.012,-0.056%,,United States,,1367,,
BCX,BlackRock Resources Common Shares of Beneficial Interest,$11.37,-0.45,-3.807%,964835574.00,United States,2011,451052,Finance,Finance/Investors Services
BCYC,Bicycle Therapeutics plc American Depositary Shares,$4.35,-0.20,-4.396%,303225563.00,United Kingdom,2019,973909,Health Care,Biotechnology: Pharmaceutical Preparations
BDC,Belden Inc Common Stock,$112.37,-1.91,-1.671%,4354224568.00,United States,,725069,Industrials,Telecommunications Equipment
BDCI,BTC Development Corp. Class A Ordinary Shares,$9.98,0.00,0.00%,0.00,United States,2025,4107,Finance,Blank Checks
BDCIU,BTC Development Corp. Unit,$10.11,-0.02,-0.197%,0.00,United States,2025,1023,Finance,Blank Checks
BDCIW,BTC Development Corp. Warrant,$0.45,-0.0498,-9.964%,0.00,United States,2025,4045,Finance,Blank Checks
BDJ,Blackrock Enhanced Equity Dividend Trust,$8.59,-0.16,-1.829%,1519272205.00,United States,2005,560062,Finance,Finance Companies
BDL,Flanigan's Enterprises Inc. Common Stock,$31.14,-3.46,-10.00%,57878268.00,United States,1972,2156,Consumer Discretionary,Restaurants
BDMD,Baird Medical Investment Holdings Ltd Ordinary Share,$1.99,0.29,17.059%,73661639.00,China,,3336940,Health Care,Medical/Dental Instruments
BDMDW,Baird Medical Investment Holdings Ltd Warrant,$0.10,0.00,0.00%,3701590.00,China,,25000,Health Care,Medical/Dental Instruments
BDN,Brandywine Realty Trust Common Stock,$2.78,-0.10,-3.472%,482918937.00,United States,,5142492,Real Estate,Real Estate Investment Trusts
BDRX,Biodexa Pharmaceuticals plc American Depositary Shs,$0.7006,0.0145,2.113%,1580023.00,United Kingdom,,69119,Health Care,Biotechnology: Pharmaceutical Preparations
BDSX,Biodesix Inc. Common Stock,$14.875,-1.425,-8.742%,146643075.00,United States,2020,91927,Health Care,Medical Specialities
BDTX,Black Diamond Therapeutics Inc. Common Stock,$2.11,-0.04,-1.86%,120879263.00,United States,2020,724784,Health Care,Biotechnology: Biological Products (No Diagnostic Substances)
BDX,Becton Dickinson and Company Common Stock,$154.13,-2.40,-1.533%,43887255021.00,United States,,3723509,Health Care,Medical/Dental Instruments
BE,Bloom Energy Corporation Class A Common Stock,$150.12,-16.57,-9.941%,42115898036.00,United States,2018,15895955,Energy,Industrial Machinery/Components
BEAG,Bold Eagle Acquisition Corp. Class A Ordinary Shares,$10.59,0.00,0.00%,0.00,United States,2024,22040,,
BEAGR,Bold Eagle Acquisition Corp. Right,$0.2804,-0.0196,-6.533%,0.00,United States,2024,56697,,
BEAM,Beam Therapeutics Inc. Common Stock,$24.63,-0.54,-2.145%,2508719314.00,United States,2020,3102288,Health Care,Biotechnology: Biological Products (No Diagnostic Substances)
BEAT,Heartbeam Inc. Common Stock,$1.15,-0.10,-8.00%,47251052.00,United States,2021,695033,Health Care,Medical/Dental Instruments
BEATW,Heartbeam Inc. Warrant,$0.1449,0.0001,0.069%,5953633.00,United States,2021,217,Health Care,Medical/Dental Instruments
BEBE,TGE Value Creative Solutions Corp Class A Ordinary Shares,$9.89,0.00,0.00%,127284300.00,,2026,10,Consumer Discretionary,Diversified Commercial Services
BEEM,Beam Global Common Stock,$1.41,-0.05,-3.425%,26831378.00,United States,,402596,Technology,Semiconductors
BEEP,Mobile Infrastructure Corporation Common Stock,$2.47,-0.06,-2.372%,101764000.00,United States,,80613,Finance,Blank Checks
BEKE,KE Holdings Inc American Depositary Shares (each representing three Class A Ordinary Shares),$15.88,-0.26,-1.611%,18480097841.00,China,2020,7490846,Finance,Real Estate
BELFA,Bel Fuse Inc. Class A Common Stock,$189.60,-10.23,-5.119%,2399636945.00,United States,,64891,,
BELFB,Bel Fuse Inc. Class B Common Stock,$204.09,-10.86,-5.052%,2583026920.00,United States,,243675,,
BEN,Franklin Resources Inc. Common Stock,$23.46,-0.41,-1.718%,12217110490.00,United States,,11516998,Finance,Investment Managers
BENF,Beneficient Class A Common Stock,$3.81,0.09,2.419%,54154311.00,United States,,57781,Finance,Finance: Consumer Services
BENFW,Beneficient Warrant,$0.0097,-0.0009,-8.491%,137873.00,United States,,58747,Finance,Finance: Consumer Services
BEP,Brookfield Renewable Partners L.P. Limited Partnership Units,$30.83,-1.04,-3.263%,20966887796.00,Canada,,1904595,Utilities,Electric Utilities: Central
BEP^A,Brookfield Renewable Partners L.P. 5.25% Class A Preferred Limited Partnership Units Series 17,$17.21,-0.32,-1.825%,,Canada,,3990,,
BEPC,Brookfield Renewable Corporation Brookfield Renewable Corporation Class A Subordinate Voting Shares,$38.58,-1.79,-4.434%,5614175373.00,United States,,2451856,Utilities,Electric Utilities: Central
BEPH,Brookfield BRP Holdings (Canada) Inc. 4.625% Perpetual Subordinated Notes,$14.80,-0.07,-0.471%,4250032232.00,Canada,,31618,Utilities,Electric Utilities: Central
BEPI,Brookfield BRP Holdings (Canada) Inc. 4.875% Perpetual Subordinated Notes,$15.43,-0.144,-0.925%,4430945766.00,Canada,2021,11412,Utilities,Electric Utilities: Central
BEPJ,Brookfield BRP Holdings (Canada) Inc. 7.250% Perpetual Subordinated Notes,$24.06,-0.844,-3.389%,6909174020.00,Canada,2024,7327,Utilities,Electric Utilities: Central
BESS,Bimergen Energy Corporation Common Stock,$2.85,-0.03,-1.042%,20893082.00,,2026,34027,Utilities,Electric Utilities: Central
BETA,Beta Technologies Inc. Class A Common Stock,$14.58,-1.22,-7.722%,3349766008.00,,2025,8805152,Industrials,Aerospace
BETR,Better Home & Finance Holding Company Class A Common Stock,$27.31,-1.68,-5.795%,449246551.00,United Kingdom,2021,370495,Finance,Finance: Consumer Services
BETRW,Better Home & Finance Holding Company Warrant,$0.35,0.01,2.941%,5757462.00,United Kingdom,2021,18662,Finance,Finance: Consumer Services
BF/A,Brown Forman Corporation,$23.33,-0.26,-1.102%,,United States,,627515,,
BF/B,Brown Forman Corporation,$22.80,-0.51,-2.188%,,United States,,10416080,,
BFAM,Bright Horizons Family Solutions Inc. Common Stock,$77.33,0.26,0.337%,4261938168.00,United States,2013,904781,Consumer Discretionary,Other Consumer Services
BFC,Bank First Corporation Common Stock,$130.32,-3.91,-2.913%,1459802547.00,United States,,346939,Finance,Major Banks
BFH,Bread Financial Holdings Inc. Common Stock,$74.62,1.08,1.469%,3217249956.00,United States,,1239247,Real Estate,Real Estate
BFH^A,Bread Financial Holdings Inc. Depositary Shares each representing a 1/40th interest in a share of 8.625% Non-Cumulative Perpetual Preferred Stock Series A,$23.35,0.13,0.56%,,United States,,17623,,
BFLY,Butterfly Network Inc. Class A Common Stock,$3.97,0.00,0.00%,1010892482.00,United States,2020,5253331,Health Care,Medical Electronics
BFRG,Bullfrog AI Holdings Inc. Common Stock,$0.561,-0.0594,-9.574%,8555141.00,United States,2023,206720,Health Care,Biotechnology: Pharmaceutical Preparations
BFRGW,Bullfrog AI Holdings Inc. Warrants,$0.1813,0.00,0.00%,2764790.00,United States,2023,389,Health Care,Biotechnology: Pharmaceutical Preparations
BFRI,Biofrontera Inc. Common Stock,$0.87,0.0144,1.683%,10134041.00,United States,2021,192515,Health Care,Biotechnology: Pharmaceutical Preparations
BFRIW,Biofrontera Inc. Warrants,$0.039,-0.0174,-30.851%,454285.00,United States,2021,16736,Health Care,Biotechnology: Pharmaceutical Preparations
BFS,Saul Centers Inc. Common Stock,$32.38,-0.88,-2.646%,793173195.00,United States,1993,162009,Real Estate,Real Estate Investment Trusts
BFS^D,Saul Centers Inc. Depositary Shares each representing 1/100th of a share of 6.125% Series D Cumulative Redeemable Preferred Stock,$20.55,-0.1148,-0.556%,,United States,,5336,,
BFS^E,Saul Centers Inc. Depositary shares each representing a 1/100th fractional interest in a share of 6.000% Series E Cumulative Redeemable Preferred Stock,$21.44,-0.1047,-0.486%,,United States,,3476,,
BFST,Business First Bancshares Inc. Common Stock,$25.81,-0.47,-1.788%,844256637.00,United States,,829971,Finance,Major Banks
BG,Bunge Limited Common Shares,$118.15,-3.89,-3.187%,22863097802.00,United States,,5276485,Consumer Staples,Packaged Foods
BGB,Blackstone Strategic Credit 2027 Term Fund Common Shares of Beneficial Interest,$11.30,-0.05,-0.441%,0.00,United States,2012,76733,Finance,Trusts Except Educational Religious and Charitable
BGC,BGC Group Inc. Class A Common Stock,$9.39,-0.21,-2.188%,4453320527.00,United States,,3767739,Finance,Investment Bankers/Brokers/Service
BGH,Barings Global Short Duration High Yield Fund Common Shares of Beneficial Interests,$13.47,-0.35,-2.533%,0.00,United States,2012,77412,Finance,Investment Managers
BGI,Birks Group Inc. Common Stock,$0.6488,-0.0222,-3.308%,12713033.00,Canada,,35255,Consumer Discretionary,Consumer Specialties
BGIN,Bgin Blockchain Limited Class A Ordinary Shares,$2.71,-0.186,-6.423%,306598400.00,China,2025,1978,,
BGL,Blue Gold Limited Class A Ordinary Shares,$1.05,-0.23,-17.969%,36905098.00,United Kingdom,,824705,Basic Materials,Metal Mining
BGLC,BioNexus Gene Lab Corp Common stock,$2.435,-0.125,-4.883%,4374495.00,Malaysia,,593,Health Care,Medical Specialities
BGLWW,Blue Gold Limited Warrant,$0.1591,-0.0209,-11.611%,5592001.00,United Kingdom,,500,Basic Materials,Metal Mining
BGM,BGM Group Ltd. Class A Ordinary Shares,$0.60,-0.3077,-33.899%,110375959.00,China,2021,142568,Health Care,Biotechnology: Pharmaceutical Preparations
BGMS,Bio Green Med Solution Inc. Common Stock,$0.94,0.02,2.174%,0.00,United States,,33954,,
BGMSP,Bio Green Med Solution Inc. 6% Convertible Preferred Stock,$1.44,-0.95,-39.749%,0.00,United States,,4220,,
BGR,BlackRock Energy and Resources Trust,$16.61,-0.11,-0.658%,2252086682.00,United States,2004,213022,Finance,Trusts Except Educational Religious and Charitable
BGS,B&G Foods Inc. Common Stock,$4.85,-0.10,-2.02%,387861096.00,United States,,2868166,Consumer Staples,Packaged Foods
BGSF,BGSF Inc. Common Stock,$6.05,-0.13,-2.104%,67758711.00,United States,,30476,Consumer Discretionary,Professional Services
BGSI,Boyd Group Services Inc. Common Shares,$141.19,3.71,2.699%,3929038285.00,,,86990,,
BGT,BlackRock Floating Rate Income Trust,$10.76,0.02,0.186%,0.00,United States,2004,227038,Finance,Trusts Except Educational Religious and Charitable
BGX,Blackstone Long Short Credit Income Fund Common Shares,$10.61,-0.02,-0.188%,0.00,,2011,94990,Finance,Trusts Except Educational Religious and Charitable
BGY,Blackrock Enhanced International Dividend Trust,$5.30,-0.13,-2.394%,0.00,United States,2007,620727,Finance,Trusts Except Educational Religious and Charitable
BH,Biglari Holdings Inc. Class B Common Stock,$307.18,-4.89,-1.567%,704767989.00,United States,2018,64387,Consumer Discretionary,Restaurants
BHAVU,BHAV Acquisition Corp Units,$9.96,0.00,0.00%,0.00,United States,2026,435518,,
BHB,Bar Harbor Bankshares Inc. Common Stock,$31.33,-0.17,-0.54%,524530118.00,United States,1997,213533,Finance,Major Banks
BHC,Bausch Health Companies Inc. Common Stock,$5.01,-0.02,-0.398%,1856517764.00,Canada,,1866093,Health Care,Biotechnology: Pharmaceutical Preparations
BHE,Benchmark Electronics Inc. Common Stock,$54.03,-2.02,-3.604%,1927090441.00,United States,,1473013,Technology,Electrical Products
BHF,Brighthouse Financial Inc. Common Stock,$59.35,-0.21,-0.353%,3393876276.00,United States,,882337,Finance,Life Insurance
BHFAL,Brighthouse Financial Inc. 6.25% Junior Subordinated Debentures due 2058,$16.43,-0.165,-0.994%,939534747.00,United States,,16759,Finance,Life Insurance
BHFAM,Brighthouse Financial Inc. Depositary shares each representing a 1/1000th Interest in a Share of 4.625% Non-Cumulative Preferred Stock Series D,$10.81,-0.36,-3.223%,618160110.00,United States,,17272,Finance,Life Insurance
BHFAN,Brighthouse Financial Inc. Depositary shares each representing a 1/1000th interest in a share of 5.375% Non-Cumulative Preferred Stock Series C,$12.18,-0.27,-2.169%,696502326.00,United States,,43676,Finance,Life Insurance
BHFAO,Brighthouse Financial Inc. Depositary Shares 6.75% Non-Cumulative Preferred Stock Series B,$15.44,-0.28,-1.781%,882922489.00,United States,,21516,Finance,Life Insurance
BHFAP,Brighthouse Financial Inc. Depositary Shares 6.6% Non-Cumulative Preferred Stock Series A,$15.01,-0.28,-1.831%,858333326.00,United States,,19787,Finance,Life Insurance
BHK,Blackrock Core Bond Trust,$9.05,-0.09,-0.985%,0.00,United States,2001,444043,Finance,Finance Companies
BHM,Bluerock Homes Trust Inc. Class A Common Stock,$11.09,0.34,3.163%,44976637.00,,2022,13390,Real Estate,Real Estate Investment Trusts
BHP,BHP Group Limited American Depositary Shares (Each representing two Ordinary Shares),$65.29,-2.08,-3.087%,165801120631.00,Australia,,5109848,Energy,Coal Mining
BHR,Braemar Hotels & Resorts Inc. Common Stock,$2.34,-0.06,-2.50%,160709604.00,United States,2013,587828,Real Estate,Real Estate Investment Trusts
BHR^B,Braemar Hotels & Resorts Inc. 5.50% Series B Cumulative Convertible Preferred Stock par value $0.01 per share,$13.30,-1.80,-11.921%,,United States,,65711,,
BHR^D,Braemar Hotels & Resorts Inc. 8.25% Series D Cumulative Preferred Stock  par value $0.01 per share,$16.6947,-0.0553,-0.33%,,United States,,38765,,
BHRB,Burke & Herbert Financial Services Corp. Common Stock,$60.38,-0.98,-1.597%,908046186.00,United States,,267212,Finance,Major Banks
BHST,BioHarvest Sciences Inc. Common Stock,$4.27,-0.13,-2.955%,96733814.00,Canada,,4054,,
BHV,BlackRock Virginia Municipal Bond Trust,$10.59,-0.09,-0.843%,0.00,United States,2002,10977,Finance,Finance/Investors Services
BHVN,Biohaven Ltd. Common Shares ,$8.93,-0.03,-0.335%,1343255815.00,United States,2022,6124424,Health Care,Biotechnology: Pharmaceutical Preparations
BIAF,bioAffinity Technologies Inc. Common Stock,$2.73,-0.24,-8.081%,12281383.00,United States,2022,14495930,Health Care,Biotechnology: Commercial Physical & Biological Resarch
BIAFW,bioAffinity Technologies Inc. Warrant,$0.34,0.0679,24.954%,1529550.00,United States,2022,4046,Health Care,Biotechnology: Commercial Physical & Biological Resarch
BIDU,Baidu Inc. ADS,$114.26,-4.75,-3.991%,38877268817.00,China,2005,2145359,Technology,Computer Software: Programming Data Processing
BIIB,Biogen Inc. Common Stock,$181.46,-1.95,-1.063%,26630802491.00,United States,,2214213,Health Care,Biotechnology: Biological Products (No Diagnostic Substances)
BIII,Black Spade Acquisition III Co Class A Ordinary Shares,$9.87,0.00,0.00%,0.00,,2026,23,Finance,Blank Checks
BILI,Bilibili Inc. American Depositary Shares,$24.08,-1.05,-4.178%,10065114944.00,China,2018,3243468,Technology,EDP Services
BILL,BILL Holdings Inc. Common Stock,$39.85,-1.02,-2.496%,3943573534.00,United States,2019,2331375,Technology,EDP Services
BIO,Bio-Rad Laboratories Inc. Class A Common Stock,$264.49,-0.51,-0.192%,7138689309.00,United States,1980,462468,Industrials,Biotechnology: Laboratory Analytical Instruments
BIO/B,Bio-Rad Laboratories Inc.,$268.55,0.00,0.00%,,United States,,5,,
BIOA,BioAge Labs Inc. Common Stock,$19.30,-1.74,-8.27%,805726210.00,United States,2024,1935311,Health Care,Biotechnology: Pharmaceutical Preparations
BIOX,Bioceres Crop Solutions Corp. Ordinary Shares,$0.372,-0.018,-4.615%,23520905.00,Argentina,,594229,Industrials,Agricultural Chemicals
BIP,Brookfield Infrastructure Partners LP Limited Partnership Units,$36.47,0.06,0.165%,16794026098.00,Bermuda,,1704322,Consumer Discretionary,Marine Transportation
BIP^A,Brookfield Infrastructure Partners LP 5.125% Class A Preferred Limited Partnership Units Series 13,$17.00,-0.10,-0.585%,,Bermuda,,9071,,
BIP^B,Brookfield Infrastructure Partners LP 5.000% Class A Preferred Limited Partnership Units Series 14,$16.3199,0.0199,0.122%,,Bermuda,,15314,,
BIPC,Brookfield Infrastructure Corporation Brookfield Infrastructure Corporation,$40.85,-0.60,-1.448%,5432843953.00,Canada,,2011261,Utilities,Oil & Gas Production
BIPH,Brookfield Infrastructure Corporation 5.000% Subordinated Notes due 2081,$15.89,-0.0638,-0.40%,7330755715.00,Canada,2021,16525,Utilities,Oil & Gas Production
BIPI,BIP Bermuda Holdings I Limited 5.125% Perpetual Subordinated Notes,$16.39,-0.02,-0.122%,155326391.00,Bermuda,2022,11087,Consumer Discretionary,Marine Transportation
BIPJ,Brookfield Infrastructure Corporation 7.250% Subordinated Notes due 2084,$23.03,-0.51,-2.167%,10624751675.00,Canada,2024,22779,Utilities,Oil & Gas Production
BIRD,Allbirds Inc. Class A Common Stock,$3.13,-0.06,-1.881%,25706978.00,United States,2021,32017,Consumer Discretionary,Apparel
BIRK,Birkenstock Holding plc Ordinary Shares,$33.34,-1.71,-4.879%,6131427907.00,,2023,3416419,Consumer Discretionary,Shoe Manufacturing
BIT,BlackRock Multi-Sector Income Trust Common Shares of Beneficial Interest,$12.31,-0.19,-1.52%,0.00,United States,2013,368440,Finance,Trusts Except Educational Religious and Charitable
BITF,Bitfarms Ltd. Common Stock,$2.17,-0.22,-9.205%,1307918836.00,Canada,,45963277,Finance,Finance: Consumer Services
BIVI,BioVie Inc. Class A Common Stock,$1.20,-0.26,-17.808%,9052285.00,United States,,168274,Health Care,Biotechnology: Pharmaceutical Preparations
BIVIW,BioVie Inc. Warrant,$0.32,0.089,38.528%,2413943.00,United States,,719,Health Care,Biotechnology: Pharmaceutical Preparations
BIXI,Bitcoin Infrastructure Acquisition Corp Ltd. Class A Ordinary Shares,$9.9199,0.0099,0.10%,0.00,United States,2025,526,,
BIXIU,Bitcoin Infrastructure Acquisition Corp Ltd. Unit ,$10.00,0.00,0.00%,0.00,United States,2025,102,Finance,Blank Checks
BIXIW,Bitcoin Infrastructure Acquisition Corp Ltd. Warrant,$0.2632,0.00,0.00%,0.00,United States,2025,24,,
BIYA,Baiya International Group Inc. Ordinary Shares,$1.42,0.09,6.767%,1717645.00,China,2025,12329,Consumer Discretionary,Diversified Commercial Services
BJ,BJ's Wholesale Club Holdings Inc. Common Stock,$97.04,0.34,0.352%,12583816100.00,United States,2018,3025865,Consumer Discretionary,Department/Specialty Retail Stores
BJDX,Bluejay Diagnostics Inc. Common Stock,$2.02,0.07,3.59%,1963874.00,United States,2021,46167,Health Care,Medical/Dental Instruments
BJRI,BJ's Restaurants Inc. Common Stock,$35.06,-0.08,-0.228%,743173376.00,United States,,633898,Consumer Discretionary,Restaurants
BK,The Bank of New York Mellon Corporation Common Stock,$114.94,0.04,0.035%,79104809311.00,United States,,7450594,Finance,Major Banks
BK^K,The Bank Of New York Mellon Corporation  Depositary Shares each representing a 1/4000th interest in a share of Series K Noncumulative Perpetual Preferred Stock,$24.95,-0.17,-0.677%,,United States,,49299,,
BKD,Brookdale Senior Living Inc. Common Stock,$13.74,-0.40,-2.829%,3267267755.00,United States,2005,5849592,Health Care,Hospital/Nursing Management
BKE,Buckle Inc. (The) Common Stock,$49.19,-0.30,-0.606%,2516394433.00,United States,,1454283,Consumer Discretionary,Clothing/Shoe/Accessory Stores
BKH,Black Hills Corporation Common Stock,$67.84,-3.08,-4.343%,5120213553.00,United States,,2513675,Utilities,Electric Utilities: Central
BKHA,Black Hawk Acquisition Corporation Class A Ordinary Shares,$11.58,0.00,0.00%,0.00,United States,2024,62,Health Care,Biotechnology: Biological Products (No Diagnostic Substances)
BKKT,Bakkt Inc. Class A Common Stock,$8.55,-0.45,-5.00%,235443855.00,United States,,1240932,Finance,Finance: Consumer Services
BKNG,Booking Holdings Inc. Common Stock,$4324.04,29.75,0.693%,136956815038.00,United States,,477383,Consumer Discretionary,Transportation Services
BKR,Baker Hughes Company Class A Common Stock,$60.35,-0.36,-0.593%,59640073379.00,United States,,18824694,Consumer Discretionary,Oil and Gas Field Machinery
BKSY,BlackSky Technology Inc. Class A Common Stock,$26.09,0.46,1.795%,965194697.00,United States,2019,2298321,Technology,Radio And Television Broadcasting And Communications Equipment
BKT,BlackRock Income Trust Inc. (The),$10.63,-0.16,-1.483%,1581345067.00,United States,,183899,Finance,Investment Bankers/Brokers/Service
BKTI,BK Technologies Corporation Common Stock,$76.83,-1.74,-2.215%,290840195.00,United States,,54883,Technology,Radio And Television Broadcasting And Communications Equipment
BKU,BankUnited Inc. Common Stock,$43.61,0.32,0.739%,3211379782.00,United States,2011,1867923,Finance,Savings Institutions
BKV,BKV Corporation Common Stock,$29.10,0.11,0.379%,2979283521.00,United States,2024,2530318,Energy,Oil & Gas Production
BKYI,BIO-key International Inc. Common Stock,$0.6295,-0.0089,-1.394%,6829835.00,United States,,345384,Technology,Computer Software: Prepackaged Software
BL,BlackLine Inc. Common Stock,$39.11,0.59,1.532%,2328700722.00,United States,2016,1962759,Technology,Computer Software: Prepackaged Software
BLBD,Blue Bird Corporation Common Stock,$53.43,-1.72,-3.119%,1687955324.00,United States,2014,587326,Consumer Discretionary,Construction/Ag Equipment/Trucks
BLCO,Bausch + Lomb Corporation Common Shares,$15.72,-0.45,-2.783%,5569882073.00,,2022,388535,Health Care,Ophthalmic Goods
BLD,TopBuild Corp. Common Stock,$335.44,-11.54,-3.326%,9441004755.00,United States,2015,630070,Consumer Discretionary,Engineering & Construction
BLDP,Ballard Power Systems Inc. Common Shares,$2.41,-0.07,-2.823%,725201429.00,Canada,,3014581,Energy,Industrial Machinery/Components
BLDR,Builders FirstSource Inc. Common Stock,$81.22,-3.27,-3.87%,8983343704.00,United States,2005,3943597,Consumer Discretionary,RETAIL: Building Materials
BLFS,BioLife Solutions Inc. Common Stock,$18.85,-0.68,-3.482%,910455000.00,United States,,602662,Health Care,Biotechnology: Electromedical & Electrotherapeutic Apparatus
BLFY,Blue Foundry Bancorp Common Stock,$12.69,0.07,0.555%,263459945.00,United States,2021,372308,Finance,Banks
BLIN,Bridgeline Digital Inc. Common Stock,$0.848,-0.0257,-2.942%,10684697.00,United States,2007,22105,Technology,Computer Software: Prepackaged Software
BLIV,BeLive Holdings Ordinary Share,$2.22,-0.58,-20.714%,24119860.00,Singapore,2025,287,Technology,EDP Services
BLK,BlackRock Inc. Common Stock,$957.91,-11.69,-1.206%,148994792750.00,United States,1999,1409847,Finance,Investment Bankers/Brokers/Service
BLKB,Blackbaud Inc. Common Stock,$44.14,-0.15,-0.339%,2027502660.00,United States,2004,913417,Technology,Computer Software: Prepackaged Software
BLLN,BillionToOne Inc. Class A Common Stock,$76.00,2.00,2.703%,3493401712.00,United States,2025,239035,Health Care,Medical Specialities
BLMN,Bloomin' Brands Inc. Common Stock,$5.82,-0.21,-3.483%,496024766.00,United States,2012,16133188,Consumer Discretionary,Restaurants
BLND,Blend Labs Inc. Class A Common Stock,$1.64,-0.02,-1.205%,421668162.00,United States,2021,5110370,Technology,Computer Software: Programming Data Processing
BLNE,Beeline Holdings Inc. Common Stock,$2.30,-0.19,-7.631%,66566750.00,United States,,730669,Finance,Finance: Consumer Services
BLNK,Blink Charging Co. Common Stock,$0.555,0.0145,2.683%,78395268.00,United States,,3519837,Consumer Discretionary,Industrial Specialties
BLRKU,Bluerock Acquisition Corp. Unit,$10.05,0.00,0.00%,0.00,United States,2025,11,,
BLRKW,Bluerock Acquisition Corp. Warrants,$0.2901,-0.0348,-10.711%,0.00,United States,2026,1666,,
BLRX,BioLineRx Ltd. American Depositary Shares,$2.65,-0.0594,-2.192%,9860658.00,Israel,,8151,Health Care,Biotechnology: Pharmaceutical Preparations
BLSH,Bullish Ordinary Shares,$37.97,-1.63,-4.116%,5706974838.00,Cayman Islands,2025,1766539,Finance,Finance: Consumer Services
BLTE,Belite Bio Inc American Depositary Shares,$154.59,-4.65,-2.92%,5799386652.00,United States,2022,139470,Health Care,Biotechnology: Pharmaceutical Preparations
BLUW,Blue Water Acquisition Corp. III Class A Ordinary Shares,$10.30,0.00,0.00%,74623500.00,United States,2025,15,,
BLUWU,Blue Water Acquisition Corp. III Unit.,$10.50,-0.09,-0.85%,0.00,United States,2025,200,Health Care,Biotechnology: Biological Products (No Diagnostic Substances)
BLUWW,Blue Water Acquisition Corp. III Warrant.,$0.499,0.025,5.274%,3615255.00,United States,2025,1700,,
BLW,Blackrock Limited Duration Income Trust,$12.68,-0.07,-0.549%,452818688.00,United States,2003,76672,Consumer Discretionary,Other Consumer Services
BLX,Banco Latinoamericano de Comercio Exterior S.A.,$49.00,-0.35,-0.709%,1802750180.00,Panama,1992,194804,Finance,Commercial Banks
BLZE,Backblaze Inc. Class A Common Stock,$3.66,0.01,0.274%,219966000.00,United States,2021,557009,Technology,Computer Software: Prepackaged Software
BLZR,Trailblazer Acquisition Corp. Class A Ordinary Shares,$10.01,0.00,0.00%,0.00,United States,2025,10791,Finance,Blank Checks
BLZRU,Trailblazer Acquisition Corp. Unit,$10.1801,0.0001,0.001%,0.00,United States,2025,3969,,
BLZRW,Trailblazer Acquisition Corp. Warrant,$0.4342,-0.0158,-3.511%,0.00,United States,2025,266,Finance,Blank Checks
BMA,Banco Macro S.A.  ADR (representing Ten Class B Common Shares),$67.69,-1.0294,-1.498%,4328189372.00,Argentina,,448658,Finance,Commercial Banks
BMBL,Bumble Inc. Class A Common Stock,$3.57,-0.17,-4.545%,463442181.00,United States,2021,8961034,Technology,Computer Software: Programming Data Processing
BME,Blackrock Health Sciences Trust,$38.67,-0.43,-1.10%,515587806.00,United States,2005,49046,Finance,Trusts Except Educational Religious and Charitable
BMEA,Biomea Fusion Inc. Common Stock,$1.14,0.05,4.587%,80602148.00,United States,2021,982258,Health Care,Biotechnology: Pharmaceutical Preparations
BMEZ,BlackRock Health Sciences Term Trust Common Shares of Beneficial Interest,$13.76,-0.19,-1.362%,183462328.00,United States,2020,210070,Finance,Trusts Except Educational Religious and Charitable
BMGL,Basel Medical Group Ltd Ordinary Shares,$0.7428,0.1528,25.898%,13954055.00,Singapore,2025,391030,Health Care,Medical/Nursing Services
BMHL,Bluemount Holdings Limited Class B Ordinary Shares,$3.505,-0.025,-0.708%,84138040.00,Hong Kong,2025,1456,Finance,Finance: Consumer Services
BMI,Badger Meter Inc. Common Stock,$147.94,-0.47,-0.317%,4317125608.00,United States,1971,875990,Industrials,Industrial Machinery/Components
BML^G,Bank of America Corporation Depositary Shares (Each representing a 1/1200th interest in a share of Floating Rate Non-Cumulative Preferred Stock  Series 1),$18.99,-0.04,-0.21%,,United States,,9958,,
BML^H,Bank of America Corporation Depositary Shares (Each representing a 1/1200th interest in a Share of Floating Rate Non-Cumulative Preferred Stock Series 2),$19.01,-0.03,-0.158%,,United States,,22334,,
BML^J,Bank of America Corporation Depositary Shares (Each representing a 1/1200th interest in a Share of Floating Rate Non-Cumulative Preferred Stock Series 4),$19.58,-0.01,-0.051%,,United States,,14991,,
BML^L,Bank of America Corporation Depositary Shares (Each representing a 1/1200th Interest in a Share of Floating Rate Non-Cumulative Preferred Stock Series 5),$19.42,0.00,0.00%,,United States,,60158,,
BMM,Blue Moon Metals Inc. Common Shares,$4.92,-0.01,-0.203%,397748849.00,Canada,,80280,,
BMN,BlackRock 2037 Municipal Target Term Trust Common Shares of Beneficial Interest,$26.70,0.3594,1.364%,0.00,,2022,3302,Finance,Trusts Except Educational Religious and Charitable
BMNR,BitMine Immersion Technologies Inc. Common Stock,$20.94,-0.20,-0.946%,9524819724.00,United States,2025,65512125,Finance,Finance: Consumer Services
BMO,Bank Of Montreal Common Stock,$133.83,-2.79,-2.042%,94339431957.00,Canada,,931196,Finance,Commercial Banks
BMR,Beamr Imaging Ltd. Ordinary Share,$1.53,-0.12,-7.273%,23760677.00,Israel,2023,60957,Technology,Computer Software: Prepackaged Software
BMRA,Biomerica Inc. Common Stock,$2.19,0.11,5.288%,6613947.00,United States,,53908,Health Care,Biotechnology: In Vitro & In Vivo Diagnostic Substances
BMRC,Bank of Marin Bancorp Common Stock,$24.02,-0.07,-0.291%,387358194.00,United States,,119577,Finance,Major Banks
BMRN,BioMarin Pharmaceutical Inc. Common Stock,$54.13,-0.90,-1.635%,10410463423.00,United States,1999,4353484,Health Care,Biotechnology: Pharmaceutical Preparations
BMY,Bristol-Myers Squibb Company Common Stock,$57.48,-0.63,-1.084%,117056508563.00,United States,,65843923,Health Care,Biotechnology: Pharmaceutical Preparations
BN,Brookfield Corporation Class A Limited Voting Shares,$38.26,-0.86,-2.198%,85592550145.00,Canada,1925,6633565,Real Estate,Building operators
BNAI,Brand Engagement Network Inc. Common Stock,$40.55,-0.63,-1.53%,234318743.00,United States,2021,644671,Technology,EDP Services
BNAIW,Brand Engagement Network Inc. Warrant,$0.271,-0.01,-3.559%,1565977.00,United States,2021,20111,Technology,EDP Services
BNBX,BNB Plus Corp. Common Stock,$0.8111,0.0111,1.388%,4418442.00,United States,,90580,Consumer Discretionary,Other Consumer Services
BNC,CEA Industries Inc. Common Stock,$3.10,-0.09,-2.821%,132977107.00,United States,,109224,Industrials,Industrial Machinery/Components
BNCWW,CEA Industries Inc. Warrant,$0.0302,0.0036,13.534%,0.00,United States,,4419,,
BNED,Barnes & Noble Education Inc Common Stock,$8.84,-0.24,-2.643%,303177692.00,United States,2015,293283,Consumer Discretionary,Other Specialty Stores
BNGO,Bionano Genomics Inc. Common Stock,$1.15,0.03,2.679%,11702400.00,United States,2018,393666,Industrials,Biotechnology: Laboratory Analytical Instruments
BNH,Brookfield Finance Inc. 4.625% Subordinated Notes due October 16 2080,$15.12,-0.17,-1.112%,22797890096.00,Canada,2020,22584,Real Estate,Building operators
BNJ,Brookfield Finance Inc. 4.50% Perpetual Subordinated Notes,$14.79,-0.09,-0.605%,22300317098.00,Canada,2020,8758,Real Estate,Building operators
BNKK,Bonk Inc. Common Stock,$2.40,-0.24,-9.091%,12718373.00,United States,2020,70324,Consumer Discretionary,Package Goods/Cosmetics
BNL,Broadstone Net Lease Inc. Common Stock,$18.64,-0.72,-3.719%,3568132679.00,United States,2020,2936956,Real Estate,Real Estate Investment Trusts
BNR,Burning Rock Biotech Limited American Depositary Shares,$19.12,1.07,5.928%,205857316.00,China,2020,15673,Health Care,Medical Specialities
BNRG,Brenmiller Energy Ltd Ordinary Shares,$0.6012,-0.0288,-4.571%,1458965.00,Israel,,627590,Industrials,Building Products
BNS,Bank Nova Scotia Halifax Pfd 3 Ordinary Shares,$68.14,-0.60,-0.873%,83981428416.00,Canada,,2352249,Finance,Major Banks
BNT,Brookfield Wealth Solutions Ltd. Class A Exchangeable Limited Voting Shares,$40.69,-0.87,-2.093%,12525702635.00,,2021,87763,Finance,Property-Casualty Insurers
BNTC,Benitec Biopharma Inc. Common Stock,$10.98,-0.52,-4.522%,377210587.00,United States,2015,716310,Health Care,Biotechnology: Pharmaceutical Preparations
BNTX,BioNTech SE American Depositary Share,$89.27,-0.04,-0.045%,22435813102.00,Germany,2019,1572649,Health Care,Biotechnology: Biological Products (No Diagnostic Substances)
BNZI,Banzai International Inc. Class A Common Stock,$1.04,0.1105,11.888%,12395038.00,United States,2021,1312536,Technology,Computer Software: Prepackaged Software
BNZIW,Banzai International Inc. Warrant,$0.0166,0.0002,1.22%,197844.00,United States,2021,47347,Technology,Computer Software: Prepackaged Software
BOBS,Bob's Discount Furniture Inc. Common Stock,$12.49,-0.96,-7.138%,1628284579.00,,2026,2570798,Consumer Discretionary,Other Specialty Stores
BOC,Boston Omaha Corporation Class A Common Stock,$11.80,0.03,0.255%,371150521.00,United States,2022,157068,Finance,Real Estate
BODI,The Beachbody Company Inc. Class A Common Stock,$11.16,0.03,0.27%,80125720.00,United States,,61525,Consumer Discretionary,Other Consumer Services
BOE,Blackrock Enhanced Global Dividend Trust Common Shares of Beneficial Interest,$10.84,-0.16,-1.455%,0.00,United States,2005,110789,Finance,Trusts Except Educational Religious and Charitable
BOF,BranchOut Food Inc. Common Stock,$3.48,-0.18,-4.918%,46668397.00,United States,2023,131914,Consumer Staples,Packaged Foods
BOH,Bank of Hawaii Corporation Common Stock,$70.57,-0.58,-0.815%,2803430017.00,United States,,695186,Finance,Major Banks
BOH^A,Bank of Hawaii Corporation Depositary Shares Each Representing a 1/40th Interest in a Share of 4.375% Fixed Rate Non-Cumulative Perpetual Preferred Stock Series A,$16.02,0.05,0.313%,,United States,,14696,,
BOH^B,Bank of Hawaii Corporation Depositary Shares Each Representing a 1/40th Interest in a Share of 8.000% Fixed Rate Non-Cumulative Perpetual Preferred Stock Series B,$26.10,-0.07,-0.267%,,United States,,32437,,
BOKF,BOK Financial Corporation Common Stock,$125.07,-0.62,-0.493%,7591335644.00,United States,,735897,Finance,Major Banks
BOLD,Boundless Bio Inc. Common Stock,$1.19,0.04,3.478%,26664629.00,United States,2024,124745,Health Care,Biotechnology: Pharmaceutical Preparations
BOLT,Bolt Biotherapeutics Inc. Common Stock,$4.76,0.22,4.846%,9146659.00,United States,2021,33738,Health Care,Biotechnology: Pharmaceutical Preparations
BON,Bon Natural Life Limited Class A Ordinary Shares,$1.43,-0.02,-1.379%,11624198.00,China,2021,25454,Health Care, Medicinal Chemicals and Botanical Products 
BOOM,DMC Global Inc. Common Stock,$4.75,-0.10,-2.062%,97308092.00,United States,,357419,Industrials,Industrial Specialties
BOOT,Boot Barn Holdings Inc. Common Stock,$157.89,-4.51,-2.777%,4803081851.00,United States,2014,877610,Consumer Discretionary,Clothing/Shoe/Accessory Stores
BORR,Borr Drilling Limited Common Shares,$4.70,-0.14,-2.893%,1442302151.00,Bermuda,2019,8633893,Energy,Oil & Gas Production
BOSC,B.O.S. Better Online Solutions Common Stock,$4.96,-0.10,-1.976%,30676370.00,Israel,,48610,Telecommunications,Computer Communications Equipment
BOTJ,Bank of the James Financial Group Inc. Common Stock,$20.02,-0.98,-4.667%,90957627.00,United States,,27295,Finance,Major Banks
BOW,Bowhead Specialty Holdings Inc. Common Stock,$21.67,0.23,1.073%,711600218.00,United States,2024,247488,Finance,Property-Casualty Insurers
BOX,Box Inc. Class A Common Stock,$24.62,0.76,3.185%,3408628684.00,United States,2015,4534313,Technology,Computer Software: Prepackaged Software
BOXL,Boxlight Corporation Class A Common Stock,$1.07,-0.04,-3.604%,4458334.00,United States,2017,89077,Real Estate,Other Consumer Services
BP,BP p.l.c. Common Stock,$44.78,-1.08,-2.355%,116818501527.00,United Kingdom,,28132703,Energy,Integrated oil Companies
BPAC,Blueport Acquisition Ltd Class A Ordinary Shares,$10.00,0.00,0.00%,0.00,United States,2026,11,,
BPACR,Blueport Acquisition Ltd Rights,$0.21,0.00,0.00%,0.00,United States,2026,10,,
BPOP,Popular Inc. Common Stock,$130.48,-0.38,-0.29%,8494809325.00,United States,,1040588,Finance,Major Banks
BPOPM,Popular Inc. Popular Capital Trust II - 6.125% Cumulative Monthly Income Trust Preferred Securities,$25.30,0.00,0.00%,1647138841.00,United States,,1039,Finance,Major Banks
BPRE,Bluerock Private Real Estate Fund Common Shares of Beneficial Interest,$17.95,-0.16,-0.883%,0.00,,2025,876528,,
BPRN,Princeton Bancorp Inc. Common Stock (PA),$33.19,0.07,0.211%,225312008.00,United States,,37379,Finance,Major Banks
BPYPM,Brookfield Property Partners L.P. 6.25% Class A Cumulative Redeemable Preferred Units Series 1,$15.545,-0.145,-0.924%,16160278095.00,Bermuda,,4735,Finance,Real Estate
BPYPN,Brookfield Property Partners L.P. 5.750% Class A Cumulative Redeemable Perpetual Preferred Units Series 3,$13.22,-0.13,-0.974%,13743253549.00,Bermuda,,21344,Finance,Real Estate
BPYPO,Brookfield Property Partners L.P. 6.375% Class A Cumulative Redeemable Perpetual Preferred Units Series 2,$14.55,-0.18,-1.222%,15125895548.00,Bermuda,,12203,Finance,Real Estate
BPYPP,Brookfield Property Partners L.P. 6.50% Class A Cumulative Redeemable Perpetual Preferred Units,$14.76,-0.43,-2.831%,15344207442.00,Bermuda,,19741,Finance,Real Estate
BQ,Boqii Holding Limited Class A Ordinary Shares,$1.09,-0.07,-6.034%,3040769.00,,2025,87691,Consumer Discretionary,Other Specialty Stores
BR,Broadridge Financial Solutions Inc. Common Stock,$174.36,-0.02,-0.011%,20356305947.00,United States,,6160888,Real Estate,Real Estate
BRAG,Bragg Gaming Group Inc. Common Shares,$2.10,0.10,5.00%,53443904.00,Canada,,101011,Technology,Office Equipment/Supplies/Services
BRAI,Braiin Limited Common Stock,$24.33,0.78,3.312%,1671375529.00,Australia,,69375,Technology,EDP Services
BRBI,BRBI BR Partners S.A. ADSs,$13.89,-0.23,-1.629%,696396624.00,Brazil,,1140,Finance,Finance: Consumer Services
BRBR,BellRing Brands Inc. Common Stock ,$17.22,-0.12,-0.692%,2019381186.00,United States,2022,5512763,Consumer Staples,Packaged Foods
BRBS,Blue Ridge Bankshares Inc. Common Stock,$3.95,-0.02,-0.504%,360794900.00,United States,,366455,Finance,Major Banks
BRC,Brady Corporation Common Stock,$80.88,-2.23,-2.683%,3819803794.00,United States,,534167,Consumer Discretionary,Miscellaneous manufacturing industries
BRCB,Black Rock Coffee Bar Inc. Class A Common Stock,$14.98,-1.34,-8.211%,749835989.00,United States,2025,433216,Consumer Discretionary,Restaurants
BRCC,BRC Inc. Class A Common Stock,$0.85,-0.0113,-1.312%,211395133.00,United States,2022,704675,Consumer Staples,Beverages (Production/Distribution)
BRFH,Barfresh Food Group Inc. Common Stock,$2.61,0.03,1.163%,41679823.00,United States,,7783,Consumer Staples,Packaged Foods
BRIA,BrilliA Inc Class A Ordinary Shares,$1.84,-0.06,-3.158%,56350000.00,,2024,6176,Consumer Discretionary,Apparel
BRID,Bridgford Foods Corporation Common Stock,$7.95,0.618,8.429%,72160814.00,United States,,16013,Consumer Staples,Specialty Foods
BRK/A,Berkshire Hathaway Inc.,$720702.079999999958,-2075.69,-0.287%,1060061951218.00,United States,,555,,
BRK/B,Berkshire Hathaway Inc.,$480.94,-0.54,-0.112%,1061103390769.00,United States,,7781322,,
BRKR,Bruker Corporation Common Stock,$33.35,-0.28,-0.833%,5076511988.00,United States,,2546177,Industrials,Biotechnology: Laboratory Analytical Instruments
BRKRP,Bruker Corporation 6.375% Mandatory Convertible Preferred Stock Series A,$268.60,-4.85,-1.774%,40886090550.00,United States,,6648,Industrials,Biotechnology: Laboratory Analytical Instruments
BRLS,Borealis Foods Inc. Class A Common Shares,$1.60,0.00,0.00%,34341290.00,Canada,2021,7462,Consumer Staples,Packaged Foods
BRLSW,Borealis Foods Inc. Warrant,$0.0665,0.0085,14.655%,1427310.00,Canada,2021,52050,Consumer Staples,Packaged Foods
BRLT,Brilliant Earth Group Inc. Class A Common Stock,$1.31,0.03,2.344%,132447956.00,United States,2021,78925,Consumer Discretionary,Consumer Specialties
BRN,Barnwell Industries Inc. Common Stock,$1.19,0.01,0.847%,14953914.00,United States,1965,454652,Energy,Oil & Gas Production
BRNS,Barinthus Biotherapeutics plc American Depositary Shares,$0.63,0.00,0.00%,25734803.00,United Kingdom,2021,5643,Health Care,Biotechnology: Pharmaceutical Preparations
BRO,Brown & Brown Inc. Common Stock,$67.05,0.49,0.736%,22825162542.00,United States,,6025422,Finance,Specialty Insurers
BROS,Dutch Bros Inc. Class A Common Stock,$50.00,-0.93,-1.826%,8227248950.00,United States,2021,3349701,Consumer Discretionary,Restaurants
BRR,ProCap Financial Inc. Common Stock,$2.69,-0.10,-3.584%,224407265.00,United States,2025,4666234,Finance,Finance: Consumer Services
BRRWW,ProCap Financial Inc. Warrant,$0.3301,-0.0604,-15.467%,27537858.00,United States,2025,59439,Finance,Finance: Consumer Services
BRSL,Brightstar Lottery PLC Trading under the Legal Name to begin at the market open on July 21 2025. Ordinary Shares,$12.79,-0.16,-1.236%,2359755000.00,United States,2015,1836493,Consumer Discretionary,Services-Misc. Amusement & Recreation
BRSP,BrightSpire Capital Inc. Class A Common Stock,$5.47,-0.14,-2.496%,703591036.00,United States,2018,3114377,Real Estate,Real Estate Investment Trusts
BRT,BRT Apartments Corp. (MD) Common Stock,$13.52,-0.28,-2.029%,256650336.00,United States,,180431,Real Estate,Real Estate Investment Trusts
BRTX,BioRestorative Therapies Inc. Common Stock (NV),$0.2799,0.0237,9.251%,6530615.00,United States,,4801225,Health Care,Managed Health Care
BRW,Saba Capital Income & Opportunities Fund SBI,$6.49,0.03,0.464%,0.00,United States,,245802,Finance,Trusts Except Educational Religious and Charitable
BRX,Brixmor Property Group Inc. Common Stock,$28.71,-0.79,-2.678%,8809269800.00,United States,2013,4845417,Real Estate,Real Estate Investment Trusts
BRZE,Braze Inc. Class A Common Stock,$18.33,-0.88,-4.581%,2056910078.00,United States,2021,3610437,Technology,Computer Software: Prepackaged Software
BSAAR,BEST SPAC I Acquisition Corp. Rights,$0.145,-0.035,-19.444%,0.00,Hong Kong,2025,100100,Finance,Blank Checks
BSAC,Banco Santander - Chile ADS,$31.06,-1.11,-3.45%,14632841746.00,Chile,,487833,Finance,Commercial Banks
BSBK,Bogota Financial Corp. Common Stock,$8.22,0.02,0.244%,106602689.00,United States,2020,10772,Finance,Banks
BSBR,Banco Santander Brasil SA American Depositary Shares each representing one unit,$5.54,-0.22,-3.819%,41390437646.00,Brazil,2009,1954741,Finance,Commercial Banks
BSET,Bassett Furniture Industries Incorporated Common Stock,$14.41,0.20,1.407%,124709472.00,United States,,74169,Consumer Discretionary,Home Furnishings
BSL,Blackstone Senior Floating Rate 2027 Term Fund Common Shares of Beneficial Interest,$12.84,-0.01,-0.078%,0.00,United States,2010,42758,Finance,Trusts Except Educational Religious and Charitable
BSM,Black Stone Minerals L.P. Common units representing limited partner interests,$15.29,-0.07,-0.456%,3471518233.00,United States,2015,582078,Energy,Oil & Gas Production
BSRR,Sierra Bancorp Common Stock,$32.45,-0.51,-1.547%,427902022.00,United States,,104717,Finance,Major Banks
BST,BlackRock Science and Technology Trust Common Shares of Beneficial Interest,$37.21,-0.85,-2.233%,824492854.00,United States,2014,65855,Finance,Finance Companies
BSTZ,BlackRock Science and Technology Term Trust Common Shares of Beneficial Interest,$21.42,-0.46,-2.102%,474620719.00,United States,2019,168791,Finance,Trusts Except Educational Religious and Charitable
BSVN,Bank7 Corp. Common stock,$38.29,-0.62,-1.593%,364495337.00,United States,2018,35671,Finance,Major Banks
BSX,Boston Scientific Corporation Common Stock,$69.48,-0.41,-0.587%,103259450603.00,United States,,20099035,Health Care,Medical/Dental Instruments
BSY,Bentley Systems Incorporated Class B Common Stock,$37.85,-0.04,-0.106%,11464568861.00,United States,2020,3889916,Technology,Computer Software: Prepackaged Software
BTAI,BioXcel Therapeutics Inc. Common Stock,$1.51,-0.09,-5.625%,33022931.00,United States,2018,695126,Health Care,Biotechnology: Pharmaceutical Preparations
BTBD,BT Brands Inc. Common Stock,$1.31,-0.08,-5.755%,10276575.00,United States,2021,34341,Consumer Discretionary,Restaurants
BTBDW,BT Brands Inc. Warrant,$0.1897,0.00,0.00%,1488142.00,United States,2021,4,Consumer Discretionary,Restaurants
BTBT,Bit Digital Inc. Ordinary Shares,$1.55,-0.06,-3.727%,501695988.00,United States,2018,26863322,Finance,Finance: Consumer Services
BTCS,BTCS Inc. Common Stock,$1.55,-0.15,-8.824%,74171806.00,United States,,821760,Finance,Finance: Consumer Services
BTCT,BTC Digital Ltd. Ordinary Shares,$1.28,-0.04,-3.03%,8235571.00,China,,19576,Real Estate,Other Consumer Services
BTDR,Bitdeer Technologies Group Class A Ordinary Shares,$8.11,-0.46,-5.368%,1954713675.00,Singapore,,12029361,Finance,Finance: Consumer Services
BTE,Baytex Energy Corp Common Shares,$4.11,-0.06,-1.439%,3146616000.00,Canada,2023,25076741,Energy,Oil & Gas Production
BTG,B2Gold Corp Common shares (Canada),$3.92,-0.29,-6.888%,5255237676.00,Canada,,55581259,Basic Materials,Precious Metals
BTGO,BitGo Holdings Inc. Class A Common Stock,$9.66,-0.39,-3.881%,1116676612.00,,2026,1568033,Finance,Finance: Consumer Services
BTI,British American Tobacco  Industries p.l.c. Common Stock ADR,$57.37,-1.35,-2.299%,125172451895.00,United Kingdom,1998,5532669,Health Care, Medicinal Chemicals and Botanical Products 
BTM,Bitcoin Depot Inc. Class A Common Stock,$3.12,-0.12,-3.704%,32689607.00,United States,2022,124579,Finance,Finance: Consumer Services
BTMD,Biote Corp. Class A Common Stock,$1.53,0.09,6.25%,60512641.00,United States,,465361,Health Care, Medicinal Chemicals and Botanical Products 
BTMWW,Bitcoin Depot Inc. Warrant,$0.0317,-0.0016,-4.805%,332135.00,United States,2022,37555,Finance,Finance: Consumer Services
BTO,John Hancock Financial Opportunities Fund Common Stock,$33.42,0.00,0.00%,0.00,United States,1994,33939,Finance,Investment Managers
BTOC,Armlogi Holding Corp. Common Stock,$0.29,0.024,9.023%,13178493.00,United States,2024,963338,Consumer Discretionary,Office Equipment/Supplies/Services
BTOG,Bit Origin Limited Class A Ordinary Shares,$2.37,-0.09,-3.659%,3500116.00,United States,2019,11473,Finance,Finance: Consumer Services
BTQ,BTQ Technologies Corp. Common Stock,$2.37,-0.12,-4.819%,331861454.00,Canada,,1434404,,
BTSG,BrightSpring Health Services Inc. Common Stock,$41.21,-2.78,-6.32%,7975653589.00,United States,2024,6556425,Health Care,Medical/Nursing Services
BTSGU,BrightSpring Health Services Inc. Tangible Equity Unit,$136.81,-9.90,-6.748%,26477776449.00,United States,2024,14450,Health Care,Medical/Nursing Services
BTT,BlackRock Municipal 2030 Target Term Trust,$22.61,-0.09,-0.396%,0.00,United States,2012,128946,Finance,Investment Managers
BTTC,Black Titan Corporation Ordinary Shares,$1.293,-0.057,-4.222%,1719993.00,Malaysia,,79581,Health Care,Biotechnology: Biological Products (No Diagnostic Substances)
BTU,Peabody Energy Corporation Common Stock ,$37.31,-0.14,-0.374%,4542413142.00,United States,2017,8035118,Energy,Coal Mining
BTX,BlackRock Technology and Private Equity Term Trust Common Shares of Beneficial Interest,$6.38,-0.15,-2.297%,1504379590.00,United States,2021,837987,,
BTZ,BlackRock Credit Allocation Income Trust,$9.81,-0.19,-1.90%,1060804350.00,United States,2006,577640,Finance,Finance Companies
BUD,Anheuser-Busch Inbev SA Sponsored ADR (Belgium),$67.48,-1.79,-2.584%,121275055595.00,Belgium,,4432978,Consumer Staples,Beverages (Production/Distribution)
BUDA,Buda Juice Inc. Common Stock,$9.14,0.55,6.403%,115773336.00,,2026,125978,Consumer Staples,Beverages (Production/Distribution)
BUI,BlackRock Utility Infrastructure & Power Opportunities Trust,$25.79,-0.45,-1.715%,0.00,United States,2011,138073,Finance,Trusts Except Educational Religious and Charitable
BULL,Webull Corporation Class A Ordinary Shares,$5.13,-0.14,-2.657%,2579988788.00,United States,,10055194,Finance,Investment Bankers/Brokers/Service
BULLW,Webull Corporation Warrants,$1.57,0.00,0.00%,789587212.00,United States,,42,Finance,Investment Bankers/Brokers/Service
BUR,Burford Capital Limited Ordinary Shares,$7.70,-0.48,-5.868%,1684849251.00,,2020,2144616,Finance,Finance: Consumer Services
BURL,Burlington Stores Inc. Common Stock,$310.38,-1.61,-0.516%,19531284122.00,United States,2013,1017879,Consumer Discretionary,Department/Specialty Retail Stores
BURU,Nuburu Inc. Common Stock,$0.2059,0.029,16.393%,25132222.00,United States,,71055340,Miscellaneous,Industrial Machinery/Components
BUSE,First Busey Corporation Class A Common Stock,$24.50,-0.03,-0.122%,2112572501.00,United States,,1076454,Finance,Major Banks
BUSEP,First Busey Corporation Depositary Shares Each Representing a 1/40thInterest in a Share of 8.25% Fixed-Rate Series B Non-Cumulative Perpetual Preferred Stock $0.001 par value,$25.52,-0.07,-0.274%,2200524498.00,United States,,15428,Finance,Major Banks
BUUU,BUUU Group Limited Class A Ordinary Share,$15.06,0.26,1.757%,251125500.00,Hong Kong,2025,4775,Consumer Discretionary,Services-Misc. Amusement & Recreation
BV,BrightView Holdings Inc. Common Stock,$11.40,-0.34,-2.896%,1073880000.00,United States,2018,864714,Real Estate,Real Estate
BVC,BitVentures Limited Ordinary Shares,$8.35,0.33,4.115%,1402800000.00,China,2021,1212,,
BVFL,BV Financial Inc. Common Stock,$18.96,0.44,2.376%,168818456.00,United States,2023,167421,Finance,Savings Institutions
BVN,Buenaventura Mining Company Inc.,$30.29,-1.60,-5.017%,7693262201.00,Peru,1996,5391779,Basic Materials,Metal Mining
BVS,Bioventus Inc. Class A Common Stock,$8.64,-0.36,-4.00%,718457377.00,United States,2021,692590,Health Care,Medical/Dental Instruments
BW,Babcock & Wilcox Enterprises Inc. Common Stock,$15.18,-0.49,-3.127%,2053186171.00,United States,2015,5344172,Industrials,Building Products
BW^A,Babcock & Wilcox Enterprises Inc. 7.75% Series A Cumulative Perpetual Preferred Stock,$20.12,-0.26,-1.276%,,United States,,15457,,
BWA,BorgWarner Inc. Common Stock,$52.23,-0.20,-0.381%,10814157153.00,United States,,5879260,Consumer Discretionary,Auto Parts:O.E.M.
BWAY,BrainsWay Ltd. American Depositary Shares,$13.66,-0.27,-1.938%,1032415314.00,Israel,2019,111658,Health Care,Medical/Dental Instruments
BWB,Bridgewater Bancshares Inc. Common Stock,$16.94,-0.18,-1.051%,471348131.00,United States,2018,191019,Finance,Major Banks
BWBBP,Bridgewater Bancshares Inc. Depositary Shares Each Representing a 1/100th Interest in a Share of 5.875% Non-Cumulative Perpetual Preferred Stock Series A,$20.40,0.009,0.044%,567621126.00,United States,,3373,Finance,Major Banks
BWEN,Broadwind Inc. Common Stock,$2.01,-0.11,-5.189%,46854537.00,United States,,251148,Telecommunications,Metal Fabrications
BWFG,Bankwell Financial Group Inc. Common Stock,$46.47,0.09,0.194%,370681338.00,United States,2014,89146,Finance,Major Banks
BWG,BrandywineGLOBAL Global Income Opportunities Fund Inc.,$7.73,-0.05,-0.643%,0.00,United States,2012,70308,Finance,Finance/Investors Services
BWIN,The Baldwin Insurance Group Inc. Class A Common Stock,$21.64,0.52,2.462%,3091434158.00,United States,2019,6046974,Finance,Specialty Insurers
BWLP,BW LPG Limited Common Shares,$15.81,-0.27,-1.679%,2395822784.00,,2024,375635,Consumer Discretionary,Transportation Services
BWMN,Bowman Consulting Group Ltd. Common Stock,$27.06,0.37,1.386%,463362154.00,United States,2021,1260174,Consumer Discretionary,Professional Services
BWMX,Betterware de Mexico S.A.P.I. de C.V. Ordinary Shares,$16.67,-0.42,-2.458%,622066822.00,Mexico,,120792,Consumer Discretionary,Catalog/Specialty Distribution
BWNB,Babcock & Wilcox Enterprises Inc. 6.50% Senior Notes due 2026,$24.98,0.00,0.00%,2525416599.00,United States,2021,6801,Industrials,Building Products
BWXT,BWX Technologies Inc. Common Stock,$199.75,-10.37,-4.935%,18266156328.00,United States,,1631581,Industrials,Industrial Machinery/Components
BX,Blackstone Inc. Common Stock,$110.43,-3.04,-2.679%,81959018787.00,United States,2007,50689364,Finance,Investment Managers
BXC,Bluelinx Holdings Inc. Common Stock,$45.34,-1.13,-2.432%,356681800.00,United States,2004,616837,Consumer Discretionary,Wholesale Distributors
BXMT,Blackstone Mortgage Trust Inc. Common Stock,$18.22,-0.78,-4.105%,3074418057.00,United States,,3994754,Real Estate,Real Estate Investment Trusts
BXMX,Nuveen S&P 500 Buy-Write Income Fund Common Shares of Beneficial Interest,$13.53,-0.20,-1.457%,0.00,United States,,98828,Finance,Investment Managers
BXP,BXP Inc. Common Stock,$52.08,-1.33,-2.49%,8261404778.00,United States,1997,4290582,Real Estate,Real Estate Investment Trusts
BXSL,Blackstone Secured Lending Fund Common Shares of Beneficial Interest,$23.76,-0.55,-2.262%,0.00,,2021,7054661,Finance,Trusts Except Educational Religious and Charitable
BY,Byline Bancorp Inc. Common Stock,$30.26,-0.13,-0.428%,1379574310.00,United States,2017,540905,Finance,Major Banks
BYAH,Park Ha Biological Technology Co. Ltd. Class A Ordinary Shares,$1.025,-0.035,-3.302%,3301037.00,China,2024,17254,Consumer Discretionary,Package Goods/Cosmetics
BYD,Boyd Gaming Corporation Common Stock,$81.06,-2.00,-2.408%,6119398056.00,United States,1993,2330750,Consumer Discretionary,Hotels/Resorts
BYFC,Broadway Financial Corporation Class A Common Stock,$7.66,-0.115,-1.479%,72215845.00,United States,,6076,Finance,Savings Institutions
BYND,Beyond Meat Inc. Common Stock,$0.6956,-0.0153,-2.152%,315582060.00,United States,2019,18531245,Consumer Staples,Packaged Foods
BYRN,Byrna Technologies Inc. Common Stock,$9.11,-0.05,-0.546%,206535388.00,United States,,1432466,Miscellaneous,Industrial Machinery/Components
BYSI,BeyondSpring Inc. Ordinary Shares,$1.60,0.04,2.564%,64531712.00,United States,2017,22048,Health Care,Biotechnology: Pharmaceutical Preparations
BZ,KANZHUN LIMITED American Depository Shares,$13.63,0.23,1.716%,5925447632.00,China,2021,9812605,Technology,Computer Software: Programming Data Processing
BZAI,Blaize Holdings Inc. Common Stock,$1.04,-0.04,-3.704%,126924793.00,United States,2025,2099758,Finance,Blank Checks
BZAIW,Blaize Holdings Inc. Warrants,$0.308,0.0284,10.157%,37589266.00,United States,2025,30443,Finance,Blank Checks
BZFD,BuzzFeed Inc. Class A Common Stock,$0.6867,0.0005,0.073%,25846514.00,United States,2021,408018,Consumer Discretionary,Telecommunications Equipment
BZFDW,BuzzFeed Inc. Warrant,$0.015,0.00,0.00%,564581.00,United States,2021,200,Consumer Discretionary,Telecommunications Equipment
BZH,Beazer Homes USA Inc. Common Stock,$18.65,-1.03,-5.234%,550301932.00,United States,1994,798037,Consumer Discretionary,Homebuilding
BZUN,Baozun Inc. American Depositary Shares,$2.16,-0.04,-1.818%,124734922.00,China,2015,291908,Consumer Discretionary,Catalog/Specialty Distribution
C,Citigroup Inc. Common Stock,$109.52,-0.33,-0.30%,191585417866.00,United States,,29688490,Finance,Major Banks
C^N,Citigroup Capital XIII 7.875% Fixed rate Floating Rate trust Preferred Securities (TruPS),$29.74,0.02,0.067%,,United States,,121064,,
C^R,Citigroup Inc. Depositary Shares Each Representing a 1/1000th Interest in a Share of 6.250% Noncumulative Preferred Stock Series II,$24.60,-0.36,-1.442%,,United States,,140829,,
CAAP,Corporacion America Airports SA Common Shares,$24.30,-1.11,-4.368%,4014825248.00,,2018,332621,Consumer Discretionary,Aerospace
CAAS,China Automotive Systems Inc. Ordinary Share,$4.14,-0.03,-0.719%,124906706.00,China,,16172,Consumer Discretionary,Auto Parts:O.E.M.
CABA,Cabaletta Bio Inc. Common Stock,$2.94,-0.10,-3.289%,283019700.00,United States,2019,1738602,Health Care,Biotechnology: Biological Products (No Diagnostic Substances)
CABO,Cable One Inc. Common Stock,$94.44,-2.88,-2.959%,535680868.00,United States,2015,345977,Telecommunications,Cable & Other Pay Television Services
CABR,Caring Brands Inc. Common Stock,$1.05,0.1222,13.171%,14423771.00,United States,,808386,Consumer Discretionary,Package Goods/Cosmetics
CAC,Camden National Corporation Common Stock,$45.26,-0.45,-0.984%,766040391.00,United States,,201723,Finance,Major Banks
CACC,Credit Acceptance Corporation Common Stock,$431.18,-18.60,-4.135%,4634185525.00,United States,1992,279014,Finance,Finance: Consumer Services
CACI,CACI International Inc. Class A Common Stock,$606.38,-6.55,-1.069%,13392371638.00,United States,,493067,Technology,EDP Services
CADL,Candel Therapeutics Inc. Common Stock,$4.97,0.06,1.222%,272832370.00,United States,2021,1652217,Health Care,Biotechnology: Biological Products (No Diagnostic Substances)
CAE,CAE Inc. Ordinary Shares,$25.96,-0.62,-2.333%,8354064627.00,Canada,,724448,Miscellaneous,Industrial Machinery/Components
CAEP,Cantor Equity Partners III Inc. Class A Ordinary Shares,$10.26,0.00,0.00%,0.00,United States,2025,21670,,
CAF,Morgan Stanley China A Share Fund Inc. Common Stock,$17.07,-0.56,-3.176%,0.00,United States,2006,64556,Finance,Investment Managers
CAG,ConAgra Brands Inc. Common Stock,$15.16,-0.24,-1.558%,7252081241.00,United States,,24475688,Consumer Staples,Packaged Foods
CAH,Cardinal Health Inc. Common Stock,$207.83,-3.09,-1.465%,48905727605.00,United States,,4250623,Health Care,Other Pharmaceuticals
CAI,Caris Life Sciences Inc. Common Stock,$18.41,-0.40,-2.127%,5202296309.00,United States,2025,8271294,Health Care,Medical Specialities
CAKE,Cheesecake Factory Incorporated (The) Common Stock,$57.15,-0.06,-0.105%,2849447051.00,United States,1992,1765651,Consumer Discretionary,Restaurants
CAL,Caleres Inc. Common Stock,$10.73,0.18,1.706%,363699380.00,United States,,2142463,Consumer Discretionary,Shoe Manufacturing
CALC,CalciMedica Inc. Common Stock,$0.5776,-0.1599,-21.681%,9093686.00,United States,2023,368785,Health Care,Biotechnology: Pharmaceutical Preparations
CALM,Cal-Maine Foods Inc. Common Stock,$78.35,-2.91,-3.581%,3733694504.00,United States,1996,2601999,Consumer Staples,Farming/Seeds/Milling
CALX,Calix Inc Common Stock,$50.31,-0.32,-0.632%,3300721526.00,United States,2010,1866648,Consumer Discretionary,Telecommunications Equipment
CALY,Callaway Golf Company Common Stock,$13.14,-0.56,-4.088%,2418998787.00,United States,,4352263,Consumer Discretionary,Recreational Games/Products/Toys
CAMP,CAMP4 Therapeutics Corporation Common Stock,$5.00,-0.16,-3.101%,259596605.00,United States,2024,372850,,
CAMT,Camtek Ltd. Ordinary Shares,$165.95,-6.30,-3.657%,7566402960.00,Israel,2000,450128,Technology,Electronic Components
CAN,Canaan Inc. American Depositary Shares,$0.4382,-0.0088,-1.969%,290356968.00,China,2019,11097145,Technology,Semiconductors
CANF,Can-Fite Biopharma Ltd American Depositary Shares each representing two (2) Ordinary Shares,$3.17,-0.16,-4.805%,4150202.00,Israel,,49837,Health Care,Biotechnology: Pharmaceutical Preparations
CANG,Cango Inc. Class A Ordinary Shares,$0.4208,-0.0346,-7.598%,43674038.00,China,2025,1040704,Technology,Computer Software: Prepackaged Software
CAPL,CrossAmerica Partners LP Common Units representing limited partner interests,$22.06,0.15,0.685%,841259821.00,United States,2012,45256,Energy,Oil Refining/Marketing
CAPN,Cayson Acquisition Corp Ordinary shares,$10.87,0.00,0.00%,0.00,United States,2024,5,,
CAPNR,Cayson Acquisition Corp Right,$0.21,0.03,16.667%,0.00,United States,2024,15000,Finance,Blank Checks
CAPR,Capricor Therapeutics Inc. Common Stock,$29.10,-2.07,-6.641%,1673559479.00,United States,,5759749,Health Care,Biotechnology: Pharmaceutical Preparations
CAPS,Capstone Holding Corp. Common Stock,$0.7009,-0.0869,-11.031%,6369690.00,United States,,100458,Consumer Discretionary,RETAIL: Building Materials
CAPT,Captivision Inc. Ordinary Shares,$0.4825,-0.0295,-5.762%,15618290.00,United Kingdom,,153190,Miscellaneous,Industrial Machinery/Components
CAPTW,Captivision Inc. Warrant,$0.0357,-0.0024,-6.299%,1155592.00,United Kingdom,,2016,Miscellaneous,Industrial Machinery/Components
CAQUU,Cambridge Acquisition Corp. Unit,$9.92,0.00,0.00%,0.00,United States,2026,722,,
CAR,Avis Budget Group Inc. Common Stock,$99.90,-0.54,-0.538%,3522339335.00,United States,,1486069,Consumer Discretionary,Rental/Leasing Companies
CARE,Carter Bankshares Inc. Common Stock,$19.80,-0.05,-0.252%,438856169.00,United States,,341264,Finance,Major Banks
CARG,CarGurus Inc. Class A Common Stock ,$33.60,-0.39,-1.147%,3198355339.00,United States,2017,3251347,Technology,EDP Services
CARL,Carlsmed Inc. Common Stock,$9.99,-0.87,-8.011%,267052600.00,United States,2025,264346,Health Care,Medical/Dental Instruments
CARR,Carrier Global Corporation Common Stock ,$58.07,-0.90,-1.526%,48537454228.00,United States,2020,13673682,Industrials,Industrial Machinery/Components
CARS,Cars.com Inc. Common Stock ,$7.90,-0.26,-3.186%,463230428.00,United States,2017,11320420,Technology,EDP Services
CART,Maplebear Inc. Common Stock,$36.93,0.44,1.206%,8885914277.00,United States,2023,5651412,Real Estate,Real Estate
CASH,Pathward Financial Inc. Common Stock,$89.32,-2.04,-2.233%,1943932344.00,United States,1993,974202,Finance,Major Banks
CASS,Cass Information Systems Inc Common Stock,$43.44,0.29,0.672%,560422915.00,United States,,156487,Real Estate,Real Estate
CAST,FreeCast Inc. Class A Common Stock,$2.71,0.17,6.693%,110723717.00,United States,,210549,Technology,EDP Services
CASY,Casey's General Stores Inc. Common Stock,$659.63,-5.53,-0.831%,24379284959.00,United States,1983,479902,Consumer Discretionary,Retail-Auto Dealers and Gas Stations
CAT,Caterpillar Inc. Common Stock,$680.88,-7.77,-1.128%,316804838612.00,United States,,5129059,Industrials,Construction/Ag Equipment/Trucks
CATO,Cato Corporation (The) Class A Common Stock,$2.93,0.03,1.034%,57863416.00,United States,,250431,Consumer Discretionary,Clothing/Shoe/Accessory Stores
CATX,Perspective Therapeutics Inc. Common Stock,$4.45,-0.15,-3.261%,507003790.00,United States,,7432404,Health Care,Medical/Dental Instruments
CATY,Cathay General Bancorp Common Stock,$47.83,0.30,0.631%,3202584830.00,United States,,4742956,Finance,Major Banks
CAVA,CAVA Group Inc. Common Stock,$84.27,-3.37,-3.845%,9807154257.00,United States,2023,3250779,Consumer Discretionary,Restaurants
CB,Chubb Limited  Common Stock,$322.58,-1.06,-0.328%,125856700544.00,Switzerland,,3736040,Finance,Property-Casualty Insurers
CBAN,Colony Bankcorp Inc. Common Stock,$19.03,-0.37,-1.907%,402794974.00,United States,,813529,Finance,Major Banks
CBAT,CBAK Energy Technology Inc. Common Stock,$0.8331,-0.0169,-1.988%,73850846.00,China,,74901,Miscellaneous,Industrial Machinery/Components
CBC,Central Bancompany Inc. Class A Common Stock,$23.41,-0.33,-1.39%,5581948289.00,United States,,3977169,,
CBFV,CB Financial Services Inc. Common Stock,$33.56,-0.05,-0.149%,170346466.00,United States,,28367,Finance,Major Banks
CBIO,Crescent Biopharma Inc. Common Stock,$10.90,0.28,2.637%,300368760.00,United States,2014,184577,Health Care,Biotechnology: Pharmaceutical Preparations
CBK,Commercial Bancgroup Inc. Common Stock,$24.59,-0.37,-1.482%,300972846.00,United States,2025,168395,Finance,Major Banks
CBL,CBL & Associates Properties Inc. Common Stock,$37.15,-0.89,-2.34%,1150754239.00,United States,2021,585719,Real Estate,Real Estate Investment Trusts
CBLL,CeriBell Inc. Common Stock,$18.50,-0.53,-2.785%,696362737.00,United States,2024,320258,Health Care,Biotechnology: Electromedical & Electrotherapeutic Apparatus
CBNA,Chain Bridge Bancorp Inc. Class A Common Stock,$34.86,-1.46,-4.02%,228744941.00,,2024,17762,Finance,Major Banks
CBNK,Capital Bancorp Inc. Common Stock,$28.72,-0.01,-0.035%,470141920.00,United States,2018,145712,Finance,Major Banks
CBOE,Cboe Global Markets Inc. Common Stock,$283.95,-0.46,-0.162%,31750934063.00,,2010,986047,Finance,Investment Bankers/Brokers/Service
CBRE,CBRE Group Inc Common Stock Class A,$131.99,-1.22,-0.916%,38957977542.00,United States,,3524892,Finance,Real Estate
CBRL,Cracker Barrel Old Country Store Inc Common Stock,$27.41,-0.70,-2.49%,612641540.00,United States,1981,1627445,Consumer Discretionary,Restaurants
CBSH,Commerce Bancshares Inc. Common Stock,$47.68,0.10,0.21%,7022499499.00,United States,,4073308,Finance,Major Banks
CBT,Cabot Corporation Common Stock,$67.82,-0.77,-1.123%,3541669183.00,United States,,964207,Industrials,Major Chemicals
CBU,Community Financial System Inc. Common Stock,$56.29,0.09,0.16%,2967830076.00,United States,,755807,Finance,Major Banks
CBUS,Cibus Inc. Class A Common Stock,$2.48,-0.18,-6.767%,171606383.00,United States,2017,1043796,Industrials,Agricultural Chemicals
CBZ,CBIZ Inc. Common Stock,$27.02,0.41,1.541%,1352989320.00,United States,,1364976,Real Estate,Real Estate
CC,Chemours Company (The) Common Stock,$17.70,-1.24,-6.547%,2656969355.00,United States,2015,9340608,Industrials,Major Chemicals
CCAP,Crescent Capital BDC Inc. Common stock,$12.77,-0.33,-2.519%,471502777.00,United States,,494911,Finance,Finance: Consumer Services
CCB,Coastal Financial Corporation Common Stock,$74.36,-1.80,-2.363%,1130938489.00,United States,2018,339036,Finance,Major Banks
CCBG,Capital City Bank Group Common Stock,$41.88,-0.29,-0.688%,718336691.00,United States,,592248,Finance,Major Banks
CCC,CCC Intelligent Solutions Holdings Inc. Common Stock,$6.21,0.10,1.637%,3770252833.00,United States,,17552118,Technology,Computer Software: Prepackaged Software
CCCC,C4 Therapeutics Inc. Common Stock,$2.70,0.09,3.448%,263461073.00,United States,2020,3309730,Health Care,Biotechnology: Biological Products (No Diagnostic Substances)
CCD,Calamos Dynamic Convertible & Income Fund Common Stock,$21.34,-0.75,-3.395%,0.00,United States,,168391,Finance,Trusts Except Educational Religious and Charitable
CCEC,Capital Clean Energy Carriers Corp. Common Share,$19.82,-0.45,-2.22%,1163777144.00,Greece,2007,5077,Consumer Discretionary,Marine Transportation
CCEL,Cryo-Cell International Inc. Common Stock,$3.12,-0.07,-2.194%,25132068.00,United States,2022,46745,Health Care,Misc Health and Biotechnology Services
CCEP,Coca-Cola Europacific Partners plc Ordinary Shares,$91.62,-3.09,-3.263%,41593870511.00,United Kingdom,,4545776,Consumer Staples,Beverages (Production/Distribution)
CCG,Cheche Group Inc. Class A Ordinary Shares,$0.765,-0.0144,-1.848%,61792679.00,China,,62903,Finance,Specialty Insurers
CCGWW,Cheche Group Inc. Warrant,$0.0208,0.00,0.00%,1680115.00,China,,800,Finance,Specialty Insurers
CCHH,CCH Holdings Ltd Ordinary Shares,$0.6801,-0.0298,-4.198%,13091925.00,Malaysia,2025,87557,Consumer Discretionary,Restaurants
CCI,Crown Castle Inc. Common Stock,$82.36,-2.71,-3.186%,35914761109.00,United States,,5086814,Real Estate,Real Estate Investment Trusts
CCID,Carlyle Credit Income Fund 7.375% Series D Term Preferred Shares due 2028,$25.01,0.01,0.04%,0.00,,,7231,,
CCIF,Carlyle Credit Income Fund Shares of Beneficial Interest,$3.13,-0.05,-1.572%,0.00,,2019,63969,Finance,Finance/Investors Services
CCII,Cohen Circle Acquisition Corp. II Class A Ordinary Shares,$10.29,0.005,0.049%,0.00,United States,2025,29908,,
CCIIU,Cohen Circle Acquisition Corp. II Unit,$10.35,0.00,0.00%,0.00,United States,2025,100,,
CCIIW,Cohen Circle Acquisition Corp. II Warrant,$0.6501,-0.0372,-5.412%,0.00,United States,2025,91260,,
CCIX,Churchill Capital Corp IX Ordinary Shares,$10.70,0.03,0.281%,0.00,United States,2024,17163,Technology,EDP Services
CCIXW,Churchill Capital Corp IX Warrant,$0.51,-0.0002,-0.039%,0.00,United States,2024,1101,Technology,EDP Services
CCJ,Cameco Corporation Common Stock,$101.55,-5.05,-4.737%,44228373916.00,Canada,1996,5435072,Basic Materials,Other Metals and Minerals
CCK,Crown Holdings Inc.,$98.44,-2.55,-2.525%,11145934856.00,United States,,1877602,Industrials,Containers/Packaging
CCL,Carnival Corporation Common Stock,$24.12,-0.82,-3.288%,35128708743.00,United States,1987,48653860,Consumer Discretionary,Marine Transportation
CCLD,CareCloud Inc. Common Stock,$3.43,-0.13,-3.652%,145750815.00,United States,2014,581553,Technology,Computer Software: Prepackaged Software
CCLDO,CareCloud Inc. 8.75% Series B Cumulative Redeemable Perpetual Preferred Stock,$25.95,-0.09,-0.346%,1102692027.00,United States,,5392,Technology,Computer Software: Prepackaged Software
CCM,Concord Medical Services Holdings Limited American Depositary Shares (Each represents thirty (30) Class A ordinary shares),$3.65,0.00,0.00%,15847289.00,China,2024,53,Health Care,Medical/Nursing Services
CCNE,CNB Financial Corporation Common Stock,$27.45,-0.16,-0.58%,813516435.00,United States,,236167,Finance,Major Banks
CCNEP,CNB Financial Corporation Depositary Shares each representing a 1/40th ownership interest in a share of 7.125% Series A Fixed-Rate Non-Cumulative Perpetual Preferred Stock,$25.25,0.00,0.00%,748316575.00,United States,,32,Finance,Major Banks
CCO,Clear Channel Outdoor Holdings Inc. Common Stock,$2.39,0.03,1.271%,1191386399.00,United States,2005,8249168,Consumer Discretionary,Advertising
CCOI,Cogent Communications Holdings Inc.,$18.05,-1.97,-9.84%,903621952.00,United States,,4002773,Consumer Discretionary,Telecommunications Equipment
CCRN,Cross Country Healthcare Inc. Common Stock $0.0001 Par Value,$9.18,-0.17,-1.818%,296686042.00,United States,2001,761523,Consumer Discretionary,Professional Services
CCS,Century Communities Inc. Common Stock,$55.66,-0.41,-0.731%,1616951665.00,United States,2014,993736,Consumer Discretionary,Homebuilding
CCSI,Consensus Cloud Solutions Inc. Common Stock,$26.70,-1.28,-4.575%,503800565.00,United States,,357469,Technology,Computer Software: Prepackaged Software
CCTG,CCSC Technology International Holdings Limited Class A Ordinary Shares,$0.4121,-0.0039,-0.938%,1612751.00,Hong Kong,2024,8494,Consumer Discretionary,Building Products
CCU,Compania Cervecerias Unidas S.A. Common Stock,$11.20,-0.47,-4.027%,827686429.00,Chile,,316997,Consumer Staples,Beverages (Production/Distribution)
CCXI,Churchill Capital Corp XI Class A Ordinary Shares,$10.1574,-0.0126,-0.124%,0.00,United States,2026,267,,
CCXIW,Churchill Capital Corp XI Warrants,$0.82,-0.08,-8.889%,0.00,United States,2026,713,,
CCZ,Comcast Holdings ZONES,$62.25,0.10,0.161%,223965913127.00,United States,,108,Telecommunications,Cable & Other Pay Television Services
CD,Chaince Digital Holdings Inc. Ordinary Shares,$4.01,-0.59,-12.826%,255383118.00,China,2015,547425,Finance,Finance: Consumer Services
CDE,Coeur Mining Inc. Common Stock,$17.67,-0.60,-3.284%,11345863797.00,United States,,54464862,Basic Materials,Precious Metals
CDIO,Cardio Diagnostics Holdings Inc. Common stock,$2.29,-0.17,-6.911%,6777184.00,United States,2022,373933,Health Care,Biotechnology: In Vitro & In Vivo Diagnostic Substances
CDIOW,Cardio Diagnostics Holdings Inc. Warrant,$0.0181,0.0003,1.685%,53566.00,United States,2022,9781,Health Care,Biotechnology: In Vitro & In Vivo Diagnostic Substances
CDLR,Cadeler A/S American Depositary Share (each representing four (4) Ordinary Shares),$23.11,-0.78,-3.265%,2027657442.00,,2023,169598,Consumer Discretionary,Marine Transportation
CDLX,Cardlytics Inc. Common Stock,$0.825,0.0664,8.753%,45419771.00,United States,2018,1474627,Technology,Computer Software: Programming Data Processing
CDNA,CareDx Inc. Common Stock,$17.15,-0.44,-2.501%,878360300.00,United States,2014,1041572,Health Care,Medical Specialities
CDNL,Cardinal Infrastructure Group Inc. Class A Common Stock,$33.03,-0.15,-0.452%,1209114776.00,United States,2025,2482817,Industrials,Military/Government/Technical
CDNS,Cadence Design Systems Inc. Common Stock,$283.90,-3.50,-1.218%,77405618900.00,United States,,3349231,Technology,Computer Software: Prepackaged Software
CDP,COPT Defense Properties Common Shares of Beneficial Interest,$31.20,-0.44,-1.391%,3532078992.00,United States,,1547104,Real Estate,Real Estate Investment Trusts
CDR^B,Cedar Realty Trust Inc. 7.25% Series B Cumulative Redeemable Preferred Stock,$20.00,0.00,0.00%,,United States,,1151,,
CDR^C,Cedar Realty Trust Inc. 6.50% Series C Cumulative Redeemable Preferred Stock,$19.56,0.06,0.308%,,United States,,2378,,
CDRE,Cadre Holdings Inc. Common Stock,$31.57,-0.51,-1.59%,1348877625.00,United States,2021,639082,Health Care,Industrial Specialties
CDRO,Codere Online Luxembourg S.A. Ordinary Shares,$8.17,-0.03,-0.366%,372885450.00,Luxembourg,,1546,Consumer Discretionary,Services-Misc. Amusement & Recreation
CDROW,Codere Online Luxembourg S.A. Warrants,$0.6679,0.0179,2.754%,30483500.00,Luxembourg,,2216,Consumer Discretionary,Services-Misc. Amusement & Recreation
CDT,CDT Equity Inc. Common Stock,$0.4867,0.0047,0.975%,2151683.00,United States,2022,87087,Health Care,Biotechnology: Pharmaceutical Preparations
CDTG,CDT Environmental Technology Investment Holdings Limited ordinary shares,$0.385,0.0102,2.721%,5207125.00,China,2024,34415,Industrials,Miscellaneous
CDTTW,CDT Equity Inc. Warrant,$0.0067,0.0005,8.065%,29620.00,United States,2022,45700,Health Care,Biotechnology: Pharmaceutical Preparations
CDW,CDW Corporation Common Stock,$120.27,0.62,0.518%,15514058829.00,United States,2013,4758230,Technology,Retail: Computer Software & Peripheral Equipment
CDXS,Codexis Inc. Common Stock,$1.60,-0.07,-4.192%,145390958.00,United States,2010,1807798,Industrials,Major Chemicals
CDZI,CADIZ Inc. Common Stock,$4.60,-0.21,-4.366%,382306363.00,United States,,638897,Utilities,Water Supply
CDZIP,Cadiz Inc. Depositary Shares,$19.3851,0.0551,0.285%,1611097192.00,United States,,4143,Utilities,Water Supply
CE,Celanese Corporation Common Stock,$56.95,-3.38,-5.603%,6374001068.00,United States,2005,2746916,Industrials,Major Chemicals
CECO,CECO Environmental Corp. Common Stock,$55.28,-2.46,-4.26%,1971606143.00,United States,1998,904629,Industrials,Pollution Control Equipment
CEE,The Central and Eastern Europe Fund Inc. (The) Common Stock,$17.13,-0.54,-3.056%,0.00,United States,,16925,Finance,Finance Companies
CEG,Constellation Energy Corporation Common Stock ,$281.99,-34.48,-10.895%,102077654567.00,United States,,6100764,Utilities,Electric Utilities: Central
CELC,Celcuity Inc. Common Stock,$106.04,-6.95,-6.151%,4906604304.00,United States,2017,1862771,Health Care,Medical Specialities
CELH,Celsius Holdings Inc. Common Stock,$41.51,-1.45,-3.375%,10667073469.00,United States,,7607061,Consumer Staples,Beverages (Production/Distribution)
CELU,Celularity Inc. Class A Common Stock,$1.22,-0.05,-3.937%,35182100.00,United States,2019,109692,Health Care,Biotechnology: Pharmaceutical Preparations
CELUW,Celularity Inc. Warrant,$0.008,0.00,0.00%,230702.00,United States,2019,50,Health Care,Biotechnology: Pharmaceutical Preparations
CELZ,Creative Medical Technology Holdings Inc. Common Stock,$1.84,-0.04,-2.128%,6430189.00,United States,,51382,Finance,Finance: Consumer Services
CENN,Cenntro Inc. Common Stock,$0.11,0.0005,0.457%,9670411.00,New Zealand,,1827958,Industrials,Auto Manufacturing
CENT,Central Garden & Pet Company Common Stock,$35.19,-1.00,-2.763%,2191191178.00,United States,1993,308768,Consumer Discretionary,Consumer Specialties
CENTA,Central Garden & Pet Company Class A Common Stock Nonvoting,$31.16,-0.65,-2.043%,1940253399.00,United States,,998617,Consumer Discretionary,Consumer Specialties
CENX,Century Aluminum Company Common Stock,$48.97,-0.68,-1.37%,4846759082.00,United States,1996,3646330,Industrials,Aluminum
CEPF,Cantor Equity Partners IV Inc. Class A Ordinary Shares,$10.23,0.01,0.098%,0.00,United States,2025,252864,Finance,Blank Checks
CEPO,Cantor Equity Partners I Inc. Class A Ordinary Shares,$10.485,0.0049,0.047%,0.00,United States,2025,2578,Finance,Blank Checks
CEPS,Cantor Equity Partners VI Inc. Class A Ordinary Shares,$10.115,0.00,0.00%,0.00,United States,2026,1,Finance,Blank Checks
CEPT,Cantor Equity Partners II Inc. Class A Ordinary Share,$10.87,-0.01,-0.092%,0.00,United States,2025,300074,Finance,Blank Checks
CEPU,Central Puerto S.A. American Depositary Shares (each represents ten Common Shares),$15.15,-0.71,-4.477%,2293743724.00,,2018,640827,Utilities,Electric Utilities: Central
CEPV,Cantor Equity Partners V Inc. Class A Ordinary Shares,$10.125,0.005,0.049%,0.00,United States,2025,632,,
CERS,Cerus Corporation Common Stock,$1.72,-0.04,-2.273%,330535455.00,United States,1997,2055952,Technology,EDP Services
CERT,Certara Inc. Common Stock,$6.15,-0.23,-3.605%,978708306.00,United States,2020,6490860,Technology,Computer Software: Prepackaged Software
CET,Central Securities Corporation Common Stock,$49.36,-0.62,-1.24%,11946363872.00,United States,1951,54835,Finance,Finance/Investors Services
CETX,Cemtrex Inc. Common Stock,$0.6302,-0.0263,-4.006%,6351212.00,United States,,256136,Technology,Electrical Products
CETY,Clean Energy Technologies Inc. Common Stock,$0.828,-0.102,-10.968%,10073536.00,United States,,136373,Consumer Discretionary,Metal Fabrications
CEV,Eaton Vance California Municipal Income Trust Shares of Beneficial Interest,$10.36,-0.07,-0.671%,72867837.00,United States,1999,33598,Finance,Finance/Investors Services
CEVA,CEVA Inc. Common Stock,$18.57,-0.40,-2.109%,515394306.00,United States,,1221954,Technology,Computer Software: Programming Data Processing
CF,CF Industries Holdings Inc. Common Stock,$124.90,-0.66,-0.526%,19186692607.00,United States,2005,16452741,Industrials,Agricultural Chemicals
CFBK,CF Bankshares Inc. Common Stock,$27.24,-0.47,-1.696%,175262214.00,United States,,99936,Finance,Major Banks
CFFI,C&F Financial Corporation Common Stock,$72.29,1.70,2.408%,235361854.00,United States,,17828,Finance,Major Banks
CFFN,Capitol Federal Financial Inc. Common Stock,$7.00,-0.04,-0.568%,908909204.00,United States,,2717260,Finance,Savings Institutions
CFG,Citizens Financial Group Inc. Common Stock,$57.02,-0.03,-0.053%,24232568122.00,United States,2014,9118380,Finance,Major Banks
CFG^E,Citizens Financial Group Inc. Depositary Shares Each Representing 1/40th Interest in a Share of 5.000% Fixed-Rate Non-Cumulative Perpetual Preferred Stock Series E,$18.97,-0.56,-2.867%,,United States,,20667,,
CFG^H,Citizens Financial Group Inc. Depositary Shares Each Representing a 1/40th Interest in a Share of 7.375% Fixed-Rate Non-Cumulative Perpetual Preferred Stock Series H,$25.57,-0.57,-2.181%,,United States,,37506,,
CFG^I,Citizens Financial Group Inc. Depositary Shares Each Representing a 1/40th Interest in a Share of 6.500% Fixed-Rate Reset Non-Cumulative Perpetual Preferred Stock Series I,$24.80,-0.54,-2.131%,,United States,,37853,,
CFND,C1 Fund Inc. Common Stock,$3.98,-0.04,-0.995%,0.00,,2025,11987,,
CFR,Cullen/Frost Bankers Inc. Common Stock,$132.25,1.27,0.97%,8358436992.00,United States,,1002384,Finance,Major Banks
CFR^B,Cullen/Frost Bankers Inc. Depositary Shares each representing a 1/40th ownership interest in a share of 4.450% non-cumulative perpetual preferred stock Series B,$17.29,-0.18,-1.03%,,United States,,16094,,
CG,The Carlyle Group Inc. Common Stock,$47.13,-0.59,-1.236%,17021992388.00,United States,2012,3641281,Finance,Investment Managers
CGABL,The Carlyle Group Inc. 4.625% Subordinated Notes due 2061,$16.78,-0.28,-1.641%,6069408339.00,United States,,23423,Finance,Investment Managers
CGAU,Centerra Gold Inc. Common Shares,$15.81,-0.71,-4.298%,3189368406.00,Canada,2021,11932561,Basic Materials,Precious Metals
CGBD,Carlyle Secured Lending Inc. Common Stock,$10.97,-0.20,-1.791%,775325845.00,United States,2017,1199839,Finance,Finance: Consumer Services
CGC,Canopy Growth Corporation Common Shares,$0.9448,-0.0652,-6.455%,389674285.00,Canada,,14110216,Health Care, Medicinal Chemicals and Botanical Products 
CGCT,Cartesian Growth Corporation III Class A Ordinary Shares,$10.26,0.00,0.00%,0.00,United States,2025,58529,Finance,Blank Checks
CGCTW,Cartesian Growth Corporation III Warrant,$0.80,0.00,0.00%,0.00,United States,2025,12000,Finance,Blank Checks
CGEM,Cullinan Therapeutics Inc. Common Stock,$12.74,-0.34,-2.599%,771102871.00,United States,2021,1713166,Health Care,Biotechnology: Biological Products (No Diagnostic Substances)
CGEN,Compugen Ltd. Ordinary Shares,$2.09,-0.02,-0.948%,197618125.00,Israel,2000,194172,Health Care,Biotechnology: Biological Products (No Diagnostic Substances)
CGNT,Cognyte Software Ltd. Ordinary Shares,$7.95,-0.41,-4.904%,572051718.00,Israel,,511232,Technology,Computer Software: Prepackaged Software
CGNX,Cognex Corporation Common Stock,$49.24,-1.01,-2.01%,8223762269.00,United States,1989,3708728,Industrials,Industrial Machinery/Components
CGO,Calamos Global Total Return Fund Common Stock,$11.06,-0.31,-2.726%,0.00,United States,2005,34378,Finance,Investment Managers
CGON,CG Oncology Inc. Common stock,$65.08,-0.78,-1.184%,5495042816.00,United States,2024,3214097,Health Care,Biotechnology: Biological Products (No Diagnostic Substances)
CGTL,Creative Global Technology Holdings Limited Class A Ordinary Shares,$1.10,-0.02,-1.786%,28297500.00,China,2024,202718,Technology,Retail: Computer Software & Peripheral Equipment
CGTX,Cognition Therapeutics Inc. Common Stock,$1.07,-0.01,-0.926%,94446843.00,United States,2021,634604,Health Care,Biotechnology: Biological Products (No Diagnostic Substances)
CHA,Chagee Holdings Limited American Depositary Shares,$10.58,-0.15,-1.398%,1965261344.00,China,2025,730701,Consumer Discretionary,Restaurants
CHAC,Crane Harbor Acquisition Corp. Class A Ordinary Shares,$8.33,0.83,11.067%,0.00,United States,2025,308063,,
CHACR,Crane Harbor Acquistion Corp. Rights,$0.74,0.02,2.778%,0.00,United States,2025,280535,Finance,Blank Checks
CHACU,Crane Harbor Acquisition Corp. Units,$11.97,0.00,0.00%,0.00,United States,2025,5,Finance,Blank Checks
CHAI,Core AI Holdings Inc. Common Shares,$1.23,-0.1165,-8.652%,24504580.00,Canada,2020,36595,Telecommunications,Telecommunications Equipment
CHCI,Comstock Holding Companies Inc. Class A Common Stock,$15.80,-0.69,-4.184%,161329028.00,United States,2004,40448,Finance,Real Estate
CHCO,City Holding Company Common Stock,$116.99,-1.03,-0.873%,1678855870.00,United States,,483063,Finance,Major Banks
CHCT,Community Healthcare Trust Incorporated Common Stock,$15.54,-0.76,-4.663%,444005663.00,United States,2015,530143,Real Estate,Real Estate Investment Trusts
CHD,Church & Dwight Company Inc. Common Stock,$94.69,0.11,0.116%,22412577680.00,United States,,4780553,Consumer Discretionary,Package Goods/Cosmetics
CHDN,Churchill Downs Incorporated Common Stock,$83.73,-4.10,-4.668%,5835677562.00,United States,,1595501,Consumer Discretionary,Services-Misc. Amusement & Recreation
CHE,Chemed Corp,$377.99,-6.84,-1.777%,5203083757.00,United States,,524040,Health Care,Medical/Nursing Services
CHEC,Chenghe Acquisition III Co. Class A Ordinary Share,$10.07,0.01,0.099%,0.00,Singapore,2025,9729,,
CHECW,Chenghe Acquisition III Co. Warrants,$0.24,0.00,0.00%,0.00,Singapore,2025,207,,
CHEF,The Chefs' Warehouse Inc. Common Stock,$58.04,-1.97,-3.283%,2361893283.00,United States,2011,1164179,Consumer Discretionary,Food Distributors
CHGG,Chegg Inc. Common Stock,$0.45,-0.1165,-20.565%,50309412.00,United States,2013,2099217,Real Estate,Other Consumer Services
CHH,Choice Hotels International Inc. Common Stock,$97.63,-1.90,-1.909%,4488187099.00,United States,,696585,Consumer Discretionary,Hotels/Resorts
CHI,Calamos Convertible Opportunities and Income Fund Common Stock,$11.04,-0.24,-2.128%,0.00,United States,2002,274037,Finance,Investment Managers
CHKP,Check Point Software Technologies Ltd. Ordinary Shares,$152.73,-1.79,-1.158%,16551124518.00,Israel,1996,1338579,Technology,Computer Software: Prepackaged Software
CHMG,Chemung Financial Corp Common Stock,$53.17,1.77,3.444%,256197890.00,United States,,18308,Finance,Major Banks
CHMI,Cherry Hill Mortgage Investment Corporation Common Stock,$2.72,0.02,0.741%,99931543.00,,2013,1005589,Real Estate,Real Estate Investment Trusts
CHMI^A,Cherry Hill Mortgage Investment Corporation 8.20% Series A Cumulative Redeemable Preferred Stock,$20.8501,-0.2899,-1.371%,,,,3728,,
CHMI^B,Cherry Hill Mortgage Investment Corporation 8.250% Series B Fixed-to-Floating Rate Cumulative Redeemable Preferred Stock,$23.3209,-0.1091,-0.466%,,,,5333,,
CHNR,China Natural Resources Inc. Common Stock,$4.55,0.19,4.358%,5611156.00,Hong Kong,,602916,Basic Materials,Precious Metals
CHOW,ChowChow Cloud International Holdings Limited Ordinary Shares,$0.3951,-0.0299,-7.035%,13868010.00,,2025,241327,Technology,Computer Software: Prepackaged Software
CHPT,ChargePoint Holdings Inc. Common Stock,$5.23,-0.17,-3.148%,123705655.00,United States,2019,397391,Consumer Discretionary,Industrial Specialties
CHR,Cheer Holding Inc. Class A Ordinary Share,$0.8802,-0.0299,-3.285%,4564892.00,China,2018,34004,Technology,EDP Services
CHRD,Chord Energy Corporation Common Stock,$131.91,1.43,1.096%,7498098132.00,United States,,2843039,Energy,Oil & Gas Production
CHRS,Coherus Oncology Inc. Common Stock,$1.52,-0.09,-5.59%,227832651.00,United States,2014,2666895,Health Care,Biotechnology: Biological Products (No Diagnostic Substances)
CHRW,C.H. Robinson Worldwide Inc. Common Stock,$168.88,-5.93,-3.392%,20032686277.00,United States,1997,2789067,Industrials,Integrated Freight & Logistics
CHSCL,CHS Inc Class B Cumulative Redeemable Preferred Stock Series 4,$25.36,-0.03,-0.118%,311217996.00,United States,,22250,Industrials,Farming/Seeds/Milling
CHSCM,CHS Inc Class B Reset Rate Cumulative Redeemable Preferred Stock Series 3,$24.60,-0.27,-1.086%,301891274.00,United States,,22539,Industrials,Farming/Seeds/Milling
CHSCN,CHS Inc Preferred Class B Series 2 Reset Rate,$25.00,0.00,0.00%,306800075.00,United States,,19635,Industrials,Farming/Seeds/Milling
CHSCO,CHS Inc. Class B Cumulative Redeemable Preferred Stock,$26.11,0.09,0.346%,320421998.00,United States,,48125,Industrials,Farming/Seeds/Milling
CHSCP,CHS Inc. 8%  Cumulative Redeemable Preferred Stock,$27.66,-0.26,-0.931%,339443603.00,United States,,8054,Industrials,Farming/Seeds/Milling
CHSN,Chanson International Holding Class A Ordinary Shares,$2.58,0.005,0.194%,100565252.00,China,2023,33480,Consumer Staples,Packaged Foods
CHT,Chunghwa Telecom Co. Ltd.,$41.75,-1.34,-3.11%,32387339346.00,Taiwan,,913963,Telecommunications,Telecommunications Equipment
CHTR,Charter Communications Inc. Class A Common Stock New,$213.01,1.38,0.652%,30072404594.00,United States,,2645201,Telecommunications,Cable & Other Pay Television Services
CHW,Calamos Global Dynamic Income Fund Common Stock,$7.33,-0.14,-1.874%,0.00,United States,2007,239241,Finance,Investment Managers
CHWY,Chewy Inc. Class A Common Stock,$23.37,-0.91,-3.748%,9698516184.00,United States,2019,11224633,Consumer Discretionary,Catalog/Specialty Distribution
CHY,Calamos Convertible and High Income Fund Common Stock,$11.40,-0.22,-1.893%,0.00,United States,2003,224013,Finance,Investment Managers
CHYM,Chime Financial Inc. Class A Common Stock,$19.15,-0.10,-0.519%,7355511553.00,United States,2025,7859920,Finance,Finance: Consumer Services
CI,The Cigna Group Common Stock,$262.84,-1.73,-0.654%,69265772327.00,United States,,3839936,Health Care,Medical Specialities
CIA,Citizens Inc. Class A Common Stock ($1.00 Par),$4.63,0.00,0.00%,232887801.00,United States,1994,321068,Finance,Life Insurance
CIB,Grupo Cibest S.A. American Depositary Shares each representing four Preferred Shares,$68.99,0.16,0.232%,8791129813.00,Colombia,2025,688652,Finance,Commercial Banks
CICB,CION Investment Corporation 7.50% Notes due 2029,$24.7701,-0.01,-0.04%,0.00,United States,2024,4871,Finance,Finance/Investors Services
CICC,CION Investment Corporation 7.50% Notes due 2031,$24.92,-0.11,-0.439%,0.00,United States,2026,16780,Finance,Finance/Investors Services
CIEN,Ciena Corporation Common Stock,$383.89,-28.69,-6.954%,54281442141.00,United States,1997,5800377,Utilities,Telecommunications Equipment
CIF,MFS Intermediate High Income Fund Common Stock,$1.60,-0.02,-1.235%,0.00,United States,,124823,Finance,Trusts Except Educational Religious and Charitable
CIFR,Cipher Digital Inc. Common Stock,$14.01,-0.63,-4.303%,5675722892.00,United States,2020,25335635,Finance,Finance: Consumer Services
CIG,Comp En De Mn Cemig ADS American Depositary Shares,$2.26,-0.04,-1.739%,6467627083.00,Brazil,,11876921,Utilities,Electric Utilities: Central
CIGI,Colliers International Group Inc. Subordinate Voting Shares,$100.28,-2.92,-2.829%,5124691170.00,Canada,,406155,Finance,Real Estate
CIGL,Concorde International Group Ltd Class A Ordinary Shares,$1.92,-0.16,-7.692%,51812099.00,Singapore,2025,50856,Consumer Discretionary,Diversified Commercial Services
CII,BlackRock Enhanced Large Cap Core Fund Inc. Common Stock,$21.15,-0.56,-2.579%,3146326262.00,United States,2004,176491,Finance,Investment Bankers/Brokers/Service
CIIT,Tianci International Inc. Common Stock,$1.72,-0.1679,-8.893%,43570701.00,Hong Kong,,244481,Energy,Oil & Gas Production
CIK,Credit Suisse Asset Management Income Fund Inc. Common Stock,$2.53,-0.03,-1.172%,0.00,United States,,630365,Finance,Finance/Investors Services
CIM,Chimera Investment Corporation Common Stock,$12.63,-0.53,-4.027%,1053373903.00,United States,2007,2472018,Real Estate,Real Estate Investment Trusts
CIM^A,Chimera Investment Corporation 8.00% Series A Cumulative Redeemable Preferred Stock,$20.05,-0.50,-2.433%,,United States,,6451,,
CIM^B,Chimera Investment Corporation 8.00% Series B Fixed-to-Floating Rate Cumulative Redeemable Preferred Stock,$22.28,-0.34,-1.503%,,United States,,66559,,
CIM^C,Chimera Investment Corporation 7.75% Series C Fixed-to-Floating Rate  Cumulative Redeemable  Preferred Stock,$20.2125,-0.6875,-3.289%,,United States,,26346,,
CIM^D,Chimera Investment Corporation 8.00% Series D Fixed-to-Floating Rate Cumulative Redeemable Preferred Stock,$22.01,-0.54,-2.395%,,United States,,18060,,
CIMN,Chimera Investment Corporation 9.000% Senior Notes due 2029,$24.61,-0.37,-1.481%,1981860429.00,United States,2024,33351,Real Estate,Real Estate Investment Trusts
CIMO,Chimera Investment Corporation 9.250% Senior Notes due 2029,$24.76,-0.29,-1.158%,0.00,United States,2024,47961,Real Estate,Real Estate Investment Trusts
CIMP,Chimera Investment Corporation 8.875% Senior Notes due 2030,$24.58,-0.06,-0.244%,0.00,United States,2025,29303,Real Estate,Real Estate Investment Trusts
CINF,Cincinnati Financial Corporation Common Stock,$158.43,0.57,0.361%,24665364666.00,United States,,4145254,Finance,Property-Casualty Insurers
CING,Cingulate Inc. Common Stock,$7.38,-0.13,-1.731%,85819164.00,United States,2021,1183867,Health Care,Biotechnology: Pharmaceutical Preparations
CINGW,Cingulate Inc. Warrants,$0.0335,-0.0075,-18.293%,389559.00,United States,2021,31771,Health Care,Biotechnology: Pharmaceutical Preparations
CINT,CI&T Inc Class A Common Shares,$5.02,-0.05,-0.986%,647026560.00,,2021,60830,Technology,EDP Services
CION,CION Investment Corporation Common Stock,$6.68,-0.08,-1.183%,337316780.00,United States,2021,2086809,Finance,Finance/Investors Services
CISO,CISO Global Inc. Common Stock,$0.39,0.0199,5.377%,17178074.00,United States,,252302,Consumer Discretionary,Professional Services
CISS,C3is Inc. Common Stock,$0.8481,-0.0167,-1.931%,2282442.00,Greece,,238279,Consumer Discretionary,Marine Transportation
CITR,CitroTech Inc. Common Stock,$9.61,0.66,7.374%,180699040.00,,,737807,Industrials,Environmental Services
CIVB,Civista Bancshares Inc. Common Stock,$21.85,-0.26,-1.176%,453066065.00,United States,,285536,Finance,Major Banks
CIX,CompX International Inc. Common Stock,$22.70,-0.30,-1.304%,279733394.00,United States,1998,12149,Consumer Discretionary,Industrial Machinery/Components
CJMB,Callan JMB Inc. Common Stock,$1.95,0.05,2.632%,9014903.00,United States,2025,239829,Real Estate,Real Estate
CKX,CKX Lands Inc. Common Stock,$10.40,-0.49,-4.50%,21352542.00,United States,2003,790,Energy,Oil & Gas Production
CL,Colgate-Palmolive Company Common Stock,$85.12,-0.38,-0.444%,68227768143.00,United States,,12312494,Consumer Discretionary,Package Goods/Cosmetics
CLAR,Clarus Corporation Common Stock,$2.70,0.05,1.887%,103684925.00,United States,,418775,Consumer Discretionary,Recreational Games/Products/Toys
CLB,Core Laboratories Inc. Common Stock,$16.21,0.24,1.503%,754792503.00,Netherlands,2023,732165,Energy,Oilfield Services/Equipment
CLBK,Columbia Financial Inc. Common Stock,$17.21,-0.25,-1.432%,1791877285.00,United States,2018,568916,Finance,Savings Institutions
CLBT,Cellebrite DI Ltd. Ordinary Shares,$14.27,-0.57,-3.841%,3559506189.00,Israel,,3359386,Technology,Computer Software: Prepackaged Software
CLDI,Calidi Biotherapeutics Inc. Common Stock,$0.283,-0.0167,-5.572%,2084859.00,,2021,316668,Health Care,Biotechnology: Biological Products (No Diagnostic Substances)
CLDT,Chatham Lodging Trust (REIT) Common Shares of Beneficial Interest,$7.60,-0.14,-1.809%,359130681.00,United States,2010,416933,Real Estate,Real Estate Investment Trusts
CLDT^A,Chatham Lodging Trust (REIT) 6.625% Series A Cumulative Redeemable Preferred Shares of Beneficial Interest,$19.90,-0.31,-1.534%,,United States,,8291,,
CLDX,Celldex Therapeutics Inc.,$30.90,0.87,2.897%,2056900091.00,United States,,3224646,Health Care,Biotechnology: In Vitro & In Vivo Diagnostic Substances
CLF,Cleveland-Cliffs Inc. Common Stock,$7.82,-0.36,-4.401%,4460453702.00,United States,,26721843,Basic Materials,Metal Mining
CLFD,Clearfield Inc. Common Stock,$27.77,-0.59,-2.08%,380043863.00,United States,,103352,Utilities,Telecommunications Equipment
CLGN,CollPlant Biotechnologies Ltd Ordinary Shares,$0.615,0.005,0.82%,7873849.00,Israel,,3769,Health Care,Industrial Specialties
CLH,Clean Harbors Inc. Common Stock,$275.88,-13.58,-4.691%,14597071782.00,United States,,940980,Industrials,Environmental Services
CLIK,Click Holdings Limited Class A Ordinary Share,$1.93,-0.22,-10.233%,6297654.00,Hong Kong,2024,33474,Consumer Discretionary,Diversified Commercial Services
CLIR,ClearSign Technologies Corporation Common Stock (DE),$3.46,-0.15,-4.155%,18551136.00,United States,2012,33117,Industrials,Industrial Machinery/Components
CLLS,Cellectis S.A. American Depositary Shares,$3.34,-0.14,-4.023%,240793536.00,France,2015,103086,Health Care,Biotechnology: Pharmaceutical Preparations
CLM,Cornerstone Strategic Investment Fund Inc. Common Shares,$7.22,-0.11,-1.501%,0.00,United States,2003,1105153,Finance,Finance/Investors Services
CLMB,Climb Global Solutions Inc. Common Stock,$78.55,0.73,0.938%,361777107.00,United States,,99404,Technology,Retail: Computer Software & Peripheral Equipment
CLMT,Calumet Inc. Common Stock,$28.04,-0.68,-2.368%,2433214518.00,United States,2006,2903851,Energy,Integrated oil Companies
CLNE,Clean Energy Fuels Corp. Common Stock,$2.12,0.00,0.00%,465193614.00,United States,2007,2679987,Utilities,Natural Gas Distribution
CLNN,Clene Inc. Common Stock,$5.325,-0.545,-9.284%,62719485.00,United States,,152079,Health Care,Biotechnology: Pharmaceutical Preparations
CLOV,Clover Health Investments Corp. Class A Common Stock,$1.89,0.00,0.00%,991621171.00,United States,,8164798,Health Care,Medical Specialities
CLPR,Clipper Realty Inc. Common Stock,$3.15,0.09,2.941%,50861620.00,United States,2017,223918,Real Estate,Real Estate Investment Trusts
CLPS,CLPS Incorporation Common Stock,$1.00,0.00,0.00%,29743452.00,China,2018,6842,Technology,Computer Software: Prepackaged Software
CLPT,ClearPoint Neuro Inc. Common Stock,$9.03,-0.15,-1.634%,267864791.00,United States,,1279019,Health Care,Medical/Dental Instruments
CLRB,Cellectar Biosciences Inc.  Common Stock,$3.24,0.06,1.887%,13738018.00,United States,,57479,Health Care,Biotechnology: Pharmaceutical Preparations
CLRO,ClearOne Inc. (DE) Common Stock,$4.39,0.02,0.458%,11745059.00,United States,,14631,Utilities,Telecommunications Equipment
CLS,Celestica Inc. Common Stock,$269.10,-15.20,-5.346%,30937849511.00,Canada,1998,1750025,Technology,Electrical Products
CLSK,CleanSpark Inc. Common Stock,$9.40,-0.43,-4.374%,2404077382.00,United States,,25538685,Finance,Finance: Consumer Services
CLSKW,CleanSpark Inc. Warrant,$0.2747,0.0002,0.073%,70255325.00,United States,,10535,Finance,Finance: Consumer Services
CLST,Catalyst Bancorp Inc. Common Stock,$16.58,-0.01,-0.06%,68204483.00,United States,2021,861,Finance,Savings Institutions
CLVT,Clarivate Plc Ordinary Shares,$2.49,-0.04,-1.581%,1595339469.00,United Kingdom,2019,9635387,Technology,EDP Services
CLW,Clearwater Paper Corporation Common Stock,$12.44,-0.49,-3.79%,199518753.00,United States,,449792,Basic Materials,Paper
CLWT,Euro Tech Holdings Company Limited Common Stock,$1.17,-0.0299,-2.492%,8828723.00,Hong Kong,1997,259,Consumer Discretionary,Professional and commerical equipment
CLX,Clorox Company (The) Common Stock,$106.15,-0.47,-0.441%,12834794257.00,United States,,4823225,Consumer Discretionary,Specialty Chemicals
CLYM,Climb Bio Inc. Common Stock,$6.11,-0.87,-12.464%,291862358.00,United States,2021,565002,Health Care,Biotechnology: Pharmaceutical Preparations
CM,Canadian Imperial Bank of Commerce Common Stock,$94.28,-1.25,-1.308%,86787972201.00,Canada,,1507829,Finance,Commercial Banks
CMBM,Cambium Networks Corporation Ordinary Shares,$1.81,0.38,26.573%,51121292.00,Cayman Islands,2019,2031270,Technology,Radio And Television Broadcasting And Communications Equipment
CMBT,CMB.TECH NV Ordinary Shares,$12.22,-0.62,-4.829%,2688701993.00,,2015,1560374,Consumer Discretionary,Marine Transportation
CMC,Commercial Metals Company Common Stock,$60.18,-0.97,-1.586%,6674408415.00,United States,,2676136,Industrials,Steel/Iron Ore
CMCL,Caledonia Mining Corporation Plc Common Shares,$21.44,-0.72,-3.249%,413680169.00,Canada,,410990,Basic Materials,Precious Metals
CMCM,Cheetah Mobile Inc. American Depositary Shares each representing fifty (50) Class A Ordinary Shares,$6.77,-0.06,-0.878%,5194398389.00,China,2022,16319,Technology,Computer Software: Prepackaged Software
CMCO,Columbus McKinnon Corporation Common Stock,$13.89,-0.31,-2.183%,399189794.00,United States,1996,578225,Industrials,Construction/Ag Equipment/Trucks
CMCSA,Comcast Corporation Class A Common Stock,$29.02,0.04,0.138%,104409490746.00,United States,,246081549,Telecommunications,Cable & Other Pay Television Services
CMCT,Creative Media & Community Trust Corporation Common stock,$0.126,-0.0113,-8.23%,340160.00,United States,,12393417,Real Estate,Real Estate Investment Trusts
CMDB,Costamare Bulkers Holdings Limited Common Stock,$15.15,-0.67,-4.235%,366686737.00,,2025,84718,Consumer Discretionary,Marine Transportation
CME,CME Group Inc. Class A Common Stock,$307.32,-3.39,-1.091%,110212779133.00,United States,2002,3942634,Finance,Investment Bankers/Brokers/Service
CMG,Chipotle Mexican Grill Inc. Common Stock,$33.37,0.43,1.305%,43461855510.00,United States,2006,25929372,Consumer Discretionary,Restaurants
CMI,Cummins Inc. Common Stock,$533.54,-6.70,-1.24%,73716801129.00,United States,,1178796,Industrials,Industrial Machinery/Components
CMII,Columbus Circle Capital Corp II Class A Ordinary Shares,$9.84,-0.01,-0.102%,0.00,United States,2026,5405,Finance,Blank Checks
CMIIU,Columbus Circle Capital Corp II Unit,$9.99,0.00,0.00%,0.00,United States,2026,326,Health Care,Biotechnology: Commercial Physical & Biological Resarch
CMIIW,Columbus Circle Capital Corp II Warrant,$0.36,0.00,0.00%,0.00,United States,2026,2,Finance,Blank Checks
CMMB,Chemomab Therapeutics Ltd. American Depositary Share,$1.78,-0.15,-7.772%,9240115.00,Israel,2019,70866,Health Care,Biotechnology: Pharmaceutical Preparations
CMND,Clearmind Medicine Inc. Common Shares,$0.66,0.0048,0.733%,989893.00,Canada,,40490,Health Care,Biotechnology: Pharmaceutical Preparations
CMP,Compass Minerals Intl Inc Common Stock,$21.50,-0.49,-2.228%,900060370.00,United States,2003,2770625,Industrials,Mining & Quarrying of Nonmetallic Minerals (No Fuels)
CMPR,Cimpress plc Ordinary Shares (Ireland),$69.32,-1.16,-1.646%,1683449509.00,Netherlands,2005,271760,Consumer Discretionary,Publishing
CMPS,COMPASS Pathways Plc American Depository Shares,$5.41,-0.32,-5.585%,519452208.00,United Kingdom,2020,2745027,Health Care,Biotechnology: Pharmaceutical Preparations
CMPX,Compass Therapeutics Inc. Common Stock,$5.15,-0.24,-4.453%,927452762.00,United States,,5576478,Health Care,Biotechnology: Biological Products (No Diagnostic Substances)
CMRC,Commerce.com Inc. Series 1 Common Stock,$2.67,-0.03,-1.111%,219474000.00,United States,2020,806069,Technology,Computer Software: Prepackaged Software
CMRE,Costamare Inc. Common Stock $0.0001 par value,$16.77,-0.25,-1.469%,2022273488.00,Greece,2010,653874,Consumer Discretionary,Marine Transportation
CMRE^B,Costamare Inc. Perpetual Preferred Stock Series B (Marshall Islands),$26.23,0.13,0.498%,,Greece,,7852,,
CMRE^C,Costamare Inc. Perpetual Preferred Series C (Marshall Islands),$26.56,0.04,0.151%,,Greece,,5096,,
CMRE^D,Costamare Inc. 8.75% Series D Cumulative Redeemable Perpetual Preferred Stock,$27.68,-0.07,-0.252%,,Greece,,3148,,
CMS,CMS Energy Corporation Common Stock,$74.42,-3.03,-3.912%,22921118209.00,United States,,4728891,Utilities,Power Generation
CMS^B,CMS Energy Corporation Preferred Stock,$78.00,-0.0001,0.00%,,United States,,756,,
CMS^C,CMS Energy Corporation Depositary Shares each representing a 1/1000th interest in a share of 4.200% Cumulative Redeemable Perpetual Preferred Stock Series C,$16.9599,-0.0801,-0.47%,,United States,,17146,,
CMSA,CMS Energy Corporation 5.625% Junior Subordinated Notes due 2078,$21.47,-0.305,-1.401%,6426732348.00,United States,2018,9976,Utilities,Power Generation
CMSC,CMS Energy Corporation 5.875% Junior Subordinated Notes due 2078,$22.65,-0.20,-0.875%,6779948192.00,United States,2018,12703,Utilities,Power Generation
CMSD,CMS Energy Corporation 5.875% Junior Subordinated Notes due 2079,$22.6584,-0.2416,-1.055%,6782462610.00,United States,2019,32776,Utilities,Power Generation
CMT,Core Molding Technologies Inc Common Stock,$20.06,-0.38,-1.859%,177194614.00,United States,1996,68276,Industrials,Plastic Products
CMTG,Claros Mortgage Trust Inc. Common Stock,$2.08,-0.14,-6.306%,291655029.00,United States,2021,1587878,Finance,Real Estate
CMTL,Comtech Telecommunications Corp. Common Stock,$3.62,-0.12,-3.209%,107439660.00,United States,,381126,Technology,Radio And Television Broadcasting And Communications Equipment
CMTV,Community Bancorp. Common Stock,$42.39,1.43,3.491%,237579503.00,United States,,363983,Finance,Major Banks
CMU,MFS Municipal Income Trust Common Stock,$3.55,-0.04,-1.114%,100554865.00,United States,1987,36228,Finance,Investment Managers
CNA,CNA Financial Corporation Common Stock,$45.36,0.24,0.532%,12277744109.00,United States,,1803357,Finance,Property-Casualty Insurers
CNC,Centene Corporation Common Stock,$34.40,-1.17,-3.289%,16916922400.00,United States,,13333987,Health Care,Medical Specialities
CNCK,Coincheck Group N.V. Ordinary Shares,$1.97,-0.34,-14.719%,267776430.00,Netherlands,,122200,Finance,Finance: Consumer Services
CNCKW,Coincheck Group N.V. Warrants,$0.30,0.0217,7.797%,40778137.00,Netherlands,,1101,Finance,Finance: Consumer Services
CNDT,Conduent Incorporated Common Stock ,$1.20,-0.01,-0.826%,185651009.00,United States,,2894983,Real Estate,Real Estate
CNET,ZW Data Action Technologies Inc. Common Stock,$0.69,-0.03,-4.167%,2255244.00,China,,1058,Technology,Computer Software: Programming Data Processing
CNEY,CN Energy Group Inc. Class A Ordinary Shares,$0.4669,-0.0346,-6.899%,3830124.00,China,2021,9117514,Industrials,Major Chemicals
CNF,CNFinance Holdings Limited American Depositary Shares each representing two hundred (200) Ordinary Shares,$4.4375,0.0008,0.018%,30433334.00,,,739,Finance,Finance: Consumer Services
CNH,CNH Industrial N.V. Common Shares,$9.94,-0.14,-1.389%,12335008946.00,United Kingdom,2013,27702970,Industrials,Construction/Ag Equipment/Trucks
CNI,Canadian National Railway Company Common Stock,$98.41,-0.69,-0.696%,60167874000.00,Canada,,2168665,Industrials,Railroads
CNK,Cinemark Holdings Inc Cinemark Holdings Inc. Common Stock,$26.43,0.06,0.228%,3053358444.00,United States,2007,2656087,Consumer Discretionary,Movies/Entertainment
CNL,Collective Mining Ltd. Common Shares,$13.97,-1.10,-7.299%,1288938544.00,,2024,85725,,
CNM,Core & Main Inc. Class A Common Stock,$47.40,-0.10,-0.211%,9267283447.00,United States,2021,3211367,Consumer Discretionary,Durable Goods
CNMD,CONMED Corporation Common Stock,$35.94,-0.86,-2.337%,1108157284.00,United States,1987,871935,Health Care,Biotechnology: Electromedical & Electrotherapeutic Apparatus
CNNE,Cannae Holdings Inc. Common Stock,$10.84,-0.24,-2.166%,502159954.00,United States,2017,2337260,Consumer Discretionary,Restaurants
CNO,CNO Financial Group Inc. Common Stock,$39.74,-0.17,-0.426%,3746596275.00,United States,,1761148,Finance,Accident &Health Insurance
CNO^A,CNO Financial Group Inc. 5.125% Subordinated Debentures due 2060,$18.55,-0.17,-0.908%,,United States,,9256,,
CNOB,ConnectOne Bancorp Inc. Common Stock,$25.95,-0.26,-0.992%,1304594263.00,United States,,795349,Finance,Major Banks
CNOBP,ConnectOne Bancorp Inc. Depositary Shares each representing a 1/40th interest in a share of 5.25% Fixed-Rate Reset Non-Cumulative Perpetual Preferred Stock Series A,$24.458,0.038,0.156%,1229586377.00,United States,,11054,Finance,Major Banks
CNP,CenterPoint Energy Inc (Holding Co) Common Stock,$42.02,-1.23,-2.844%,27433663960.00,United States,,10674513,Utilities,Electric Utilities: Central
CNQ,Canadian Natural Resources Limited Common Stock,$49.02,-1.53,-3.027%,102254347440.00,Canada,,13586816,Energy,Oil & Gas Production
CNR,Core Natural Resources Inc. Common Stock,$107.17,0.07,0.065%,5438916724.00,United States,2017,2473472,Energy,Coal Mining
CNS,Cohen & Steers Inc Common Stock,$62.18,-0.90,-1.427%,3195441641.00,United States,2004,1355947,Finance,Investment Managers
CNSP,CNS Pharmaceuticals Inc. Common Stock,$2.29,0.12,5.53%,1420464.00,United States,2019,37247,Health Care,Biotechnology: Pharmaceutical Preparations
CNTA,Centessa Pharmaceuticals plc American Depositary Shares,$27.06,-1.28,-4.517%,3879216147.00,United Kingdom,2021,573503,Health Care,Biotechnology: Pharmaceutical Preparations
CNTB,Connect Biopharma Holdings Limited Ordinary Shares,$2.76,-0.11,-3.833%,154293696.00,China,2021,112543,Health Care,Biotechnology: Pharmaceutical Preparations
CNTN,Canton Strategic Holdings Inc. Common Stock,$3.325,-0.055,-1.627%,171299132.00,United States,2022,466994,Health Care,Biotechnology: Pharmaceutical Preparations
CNTX,Context Therapeutics Inc. Common Stock,$2.88,-0.11,-3.679%,264612030.00,United States,2021,635894,Health Care,Biotechnology: Pharmaceutical Preparations
CNTY,Century Casinos Inc. Common Stock,$1.35,-0.05,-3.571%,38648530.00,United States,,138876,Consumer Discretionary,Hotels/Resorts
CNVS,Cineverse Corp. Class A Common Stock,$2.32,-0.08,-3.333%,49404089.00,United States,,202270,Consumer Discretionary,Consumer Electronics/Video Chains
CNX,CNX Resources Corporation Common Stock,$40.48,-0.13,-0.32%,5763063522.00,United States,1999,6913367,Energy,Oil & Gas Production
CNXC,Concentrix Corporation Common Stock,$31.52,-0.40,-1.253%,1941547022.00,United States,,2635787,Technology,Computer Software: Prepackaged Software
CNXN,PC Connection Inc. Common Stock,$56.26,-0.72,-1.264%,1417666035.00,United States,,244640,Consumer Discretionary,Catalog/Specialty Distribution
COCH,Envoy Medical Inc. Class A Common Stock,$0.7764,-0.0503,-6.084%,22465103.00,United States,2021,1752748,Health Care,Industrial Specialties
COCHW,Envoy Medical Inc Warrant,$0.0605,-0.0128,-17.462%,1750565.00,United States,2021,100,Health Care,Industrial Specialties
COCO,The Vita Coco Company Inc. Common Stock,$52.88,-1.10,-2.038%,3018505308.00,United States,2021,894601,Consumer Staples,Beverages (Production/Distribution)
COCP,Cocrystal Pharma Inc. Common Stock,$1.03,-0.06,-5.505%,14197587.00,United States,,46656,Health Care,Biotechnology: Pharmaceutical Preparations
CODA,Coda Octopus Group Inc. Common stock,$11.87,-0.81,-6.388%,133847924.00,United States,,269938,Industrials,Industrial Machinery/Components
CODI,D/B/A Compass Diversified Holdings Shares of Beneficial Interest,$5.58,-0.10,-1.761%,419816690.00,United States,2006,1721626,Consumer Discretionary,Home Furnishings
CODI^A,Compass Diversified Holdings 7.250% Series A Preferred Shares representing beneficial interest in Compass Diversified Holdings,$18.16,-0.21,-1.143%,,United States,,4808,,
CODI^B,Compass Diversified Holdings 7.875% Series B Fixed-to-Floating Rate Cumulative Preferred Shares representing beneficial interests in Compass Diversified Holdings,$19.52,-0.095,-0.484%,,United States,,3981,,
CODI^C,Compass Diversified Holdings 7.875% Series C Cumulative Preferred Shares,$19.58,-0.02,-0.102%,,United States,,12055,,
CODX,Co-Diagnostics Inc. Common Stock,$2.59,-0.06,-2.264%,5426130.00,United States,2026,56605793,Health Care,Medical/Dental Instruments
COE,51Talk Online Education Group American depositary shares each representing 60 Class A ordinary shares,$17.46,-1.18,-6.33%,102306434.00,China,2016,3127,Real Estate,Other Consumer Services
COEP,Coeptis Therapeutics Holdings Inc. Common Stock,$11.30,0.00,0.00%,65113097.00,United States,2020,94429,Health Care,Biotechnology: Biological Products (No Diagnostic Substances)
COEPW,Coeptis Therapeutics Holdings Inc. Warrants,$0.0121,0.0022,22.222%,69723.00,United States,2020,285018,Health Care,Biotechnology: Biological Products (No Diagnostic Substances)
COF,Capital One Financial Corporation Common Stock,$181.46,1.73,0.963%,112855706866.00,United States,1994,10034229,Finance,Major Banks
COF^I,Capital One Financial Corporation Depositary shares each representing a 1/40th interest in a share of Fixed Rate Non-Cumulative Perpetual Preferred Stock Series I of the Issuer,$18.70,-0.46,-2.401%,,United States,,80984,,
COF^J,Capital One Financial Corporation Depositary Shares Each Representing a 1/40th Interest in a Share of Fixed Rate Non- Cumulative Perpetual Preferred Stock Series J,$17.80,-0.42,-2.305%,,United States,,97842,,
COF^K,Capital One Financial Corporation Depositary Shares Each Representing a 1/40th Ownership Interest in a Share of Fixed Rate Non-Cumulative Perpetual Preferred Stock Series K,$17.33,-0.32,-1.813%,,United States,,15479,,
COF^L,Capital One Financial Corporation Depositary Shares Each Representing a 1/40th Interest in a Share of Fixed Rate Non-Cumulative Perpetual Preferred Stock Series L,$16.34,-0.43,-2.564%,,United States,,41832,,
COF^N,Capital One Financial Corporation Depositary Shares Each Representing a 1/40th Ownership Interest in a Share of Fixed Rate Non-Cumulative Perpetual Preferred Stock Series N,$15.90,-0.31,-1.912%,,United States,,41237,,
COFS,ChoiceOne Financial Services Inc. Common Stock,$27.49,-0.07,-0.254%,411852898.00,United States,,127620,Finance,Major Banks
COGT,Cogent Biosciences Inc. Common Stock,$33.38,-1.23,-3.554%,5417868412.00,United States,2018,5409495,Health Care,Biotechnology: Pharmaceutical Preparations
COHN,Cohen & Company Inc.,$14.51,-1.92,-11.686%,35528591.00,United States,,35084,Finance,Investment Bankers/Brokers/Service
COHR,Coherent Corp. Common Stock,$253.63,-21.94,-7.962%,47551022123.00,United States,,51444981,Technology,Electronic Components
COHU,Cohu Inc. Common Stock,$29.52,-0.83,-2.735%,1384143354.00,United States,,1220988,Industrials,Electrical Products
COIN,Coinbase Global Inc. Class A Common Stock,$197.50,-5.41,-2.666%,52154845878.00,United States,,13254414,Finance,Finance: Consumer Services
COKE,Coca-Cola Consolidated Inc. Common Stock,$201.45,-8.98,-4.267%,13409377026.00,United States,1972,1417904,Consumer Staples,Beverages (Production/Distribution)
COLA,Columbus Acquisition Corp Ordinary Shares,$10.50,0.00,0.00%,0.00,Singapore,2025,16154,,
COLAR,Columbus Acquisition Corp Rights,$0.2851,0.00,0.00%,0.00,Singapore,2025,88,Finance,Blank Checks
COLAU,Columbus Acquisition Corp Unit,$10.66,0.00,0.00%,0.00,Singapore,2025,1,,
COLB,Columbia Banking System Inc. Common Stock,$26.14,-0.27,-1.022%,7725694958.00,United States,1992,9223446,Finance,Major Banks
COLD,Americold Realty Trust Inc. Common Stock,$11.25,-0.26,-2.259%,3204896378.00,United States,2018,5309363,Real Estate,Real Estate Investment Trusts
COLL,Collegium Pharmaceutical Inc. Common Stock,$35.44,-0.86,-2.369%,1125333798.00,United States,2015,1651689,Health Care,Biotechnology: Pharmaceutical Preparations
COLM,Columbia Sportswear Company Common Stock,$55.23,-0.09,-0.163%,2891376217.00,United States,1998,1099172,Consumer Discretionary,Apparel
COMP,Compass Inc. Class A Common Stock,$7.77,-0.36,-4.428%,5767474287.00,United States,2021,18603102,Technology,EDP Services
CON,Concentra Group Holdings Parent Inc. Common Stock,$21.66,-0.25,-1.141%,2783467880.00,United States,2024,1573940,Health Care,Medical Specialities
COO,The Cooper Companies Inc. Common Stock,$69.96,-0.75,-1.061%,13650203284.00,United States,,2498947,Health Care,Ophthalmic Goods
COOK,Traeger Inc. Common Stock,$29.18,-0.88,-2.927%,80100005.00,United States,2021,36175,Consumer Discretionary,Consumer Electronics/Appliances
COOT,Australian Oilseeds Holdings Limited Ordinary Shares,$0.61,-0.0502,-7.604%,17018108.00,Australia,,195356,Consumer Staples,Packaged Foods
COOTW,Australian Oilseeds Holdings Limited Warrant,$0.0248,-0.0001,-0.402%,691884.00,Australia,,500,Consumer Staples,Packaged Foods
COP,ConocoPhillips Common Stock,$126.92,0.90,0.714%,155139285172.00,United States,,31958430,Energy,Integrated oil Companies
COPL,Copley Acquisition Corp Ordinary Shares,$10.30,0.00,0.00%,0.00,,2025,10617,,
COR,Cencora Inc. Common Stock,$326.91,-4.83,-1.456%,63594025253.00,United States,,3004294,Health Care,Other Pharmaceuticals
CORT,Corcept Therapeutics Incorporated Common Stock,$34.64,0.56,1.643%,3684796053.00,United States,2004,3204902,Health Care,Biotechnology: Pharmaceutical Preparations
CORZ,Core Scientific Inc. Common Stock,$15.81,-0.67,-4.066%,4985409276.00,United States,,11538618,Finance,Finance: Consumer Services
CORZW,Core Scientific Inc. Tranche 1 Warrants,$9.50,-0.67,-6.588%,2995660223.00,United States,,15046,Finance,Finance: Consumer Services
CORZZ,Core Scientific Inc. Tranche 2 Warrants,$15.62,-0.83,-5.046%,4925496071.00,United States,,1791,Finance,Finance: Consumer Services
COSM,Cosmos Health Inc. Common Stock,$0.3448,0.0301,9.565%,12906734.00,United States,,614917,Health Care,Other Pharmaceuticals
COSO,CoastalSouth Bancshares Inc. Common Stock,$23.67,-0.32,-1.334%,280566617.00,United States,2025,546612,Finance,Major Banks
COST,Costco Wholesale Corporation Common Stock,$972.33,-2.45,-0.251%,431376674218.00,United States,,2619211,Consumer Discretionary,Department/Specialty Retail Stores
COTY,Coty Inc. Class A Common Stock,$2.14,-0.01,-0.465%,1883213608.00,United States,2013,13290716,Consumer Discretionary,Package Goods/Cosmetics
COUR,Coursera Inc. Common Stock,$5.84,-0.20,-3.311%,988791418.00,United States,2021,4575645,Technology,Computer Software: Prepackaged Software
COYA,Coya Therapeutics Inc. Common Stock,$4.21,-0.06,-1.405%,98754740.00,United States,2022,141975,Health Care,Biotechnology: Pharmaceutical Preparations
CP,Canadian Pacific Kansas City Limited Common Shares,$78.24,-0.22,-0.28%,70481036844.00,Canada,,2101410,Industrials,Railroads
CPA,Copa Holdings S.A. Class A Common Stock,$108.98,-1.76,-1.589%,4483279506.00,Panama,2005,391166,Consumer Discretionary,Air Freight/Delivery Services
CPAC,Cementos Pacasmayo S.A.A. American Depositary Shares (Each representing five Common Shares),$9.45,-0.45,-4.545%,801111371.00,Peru,,33658,Industrials,Building Materials
CPAY,Corpay Inc. Common Stock,$287.46,3.08,1.083%,19561738088.00,United States,,897484,Real Estate,Real Estate
CPB,The Campbell's Company Common Stock,$21.07,0.04,0.19%,6281946502.00,United States,,11680767,Consumer Staples,Packaged Foods
CPBI,Central Plains Bancshares Inc. Common Stock,$17.11,-0.0401,-0.234%,71951913.00,United States,2023,12354,Finance,Savings Institutions
CPF,Central Pacific Financial Corp New,$30.51,-0.16,-0.522%,806581429.00,United States,,816888,Finance,Major Banks
CPHC,Canterbury Park Holding Corporation 'New' Common Stock,$15.54,0.177,1.152%,79623619.00,United States,,819,Consumer Discretionary,Services-Misc. Amusement & Recreation
CPHI,China Pharma Holdings Inc. Common Stock,$0.54,-0.01,-1.818%,2711881.00,China,,9869,Health Care,Biotechnology: Pharmaceutical Preparations
CPIX,Cumberland Pharmaceuticals Inc. Common Stock,$2.83,-0.05,-1.736%,44937106.00,United States,2009,53027,Health Care,Biotechnology: Pharmaceutical Preparations
CPK,Chesapeake Utilities Corporation Common Stock,$123.55,-3.90,-3.06%,2957342961.00,United States,,600605,Utilities,Oil & Gas Production
CPNG,Coupang Inc. Class A Common Stock,$18.83,-0.45,-2.334%,34424846999.00,United States,2021,22775601,Consumer Discretionary,Catalog/Specialty Distribution
CPOP,Pop Culture Group Co. Ltd Class A Ordinary Shares,$0.3126,-0.0023,-0.73%,25614144.00,China,2021,8547,Consumer Discretionary,Services-Misc. Amusement & Recreation
CPRI,Capri Holdings Limited Ordinary Shares,$18.09,-0.45,-2.427%,2155638138.00,Hong Kong,2011,2949753,Consumer Discretionary,Apparel
CPRT,Copart Inc. (DE) Common Stock,$32.86,0.34,1.046%,31654313630.00,United States,1994,13778986,Consumer Discretionary,Retail-Auto Dealers and Gas Stations
CPRX,Catalyst Pharmaceuticals Inc. Common Stock,$22.79,0.46,2.06%,2783203316.00,United States,2006,3188633,Health Care,Biotechnology: Pharmaceutical Preparations
CPS,Cooper-Standard Holdings Inc. Common Stock,$28.24,-0.53,-1.842%,498069134.00,United States,,253640,Consumer Discretionary,Auto Parts:O.E.M.
CPSH,CPS Technologies Corp. Common Stock,$3.74,-0.15,-3.856%,67345357.00,United States,,147548,Consumer Discretionary,Building Materials
CPSS,Consumer Portfolio Services Inc. Common Stock,$7.87,0.17,2.208%,171253364.00,United States,1992,58176,Finance,Finance: Consumer Services
CPT,Camden Property Trust Common Stock,$97.36,-2.32,-2.327%,10067823326.00,United States,1993,2117833,Real Estate,Real Estate Investment Trusts
CPZ,Calamos Long/Short Equity & Dynamic Income Trust Common Stock,$14.04,-0.12,-0.847%,275636004.00,United States,2019,135613,Finance,Trusts Except Educational Religious and Charitable
CQP,Cheniere Energy Partners LP Common Units,$67.03,0.30,0.45%,32446147865.00,United States,2007,446356,Utilities,Oil/Gas Transmission
CR,Crane Company Common Stock,$167.93,-6.35,-3.644%,9696927585.00,United States,2023,851723,Industrials,Metal Fabrications
CRAC,Crown Reserve Acquisition Corp. I Class A Ordinary Shares,$10.01,0.02,0.20%,0.00,Cayman Islands,2025,203,,
CRACU,Crown Reserve Acquisition Corp. I Unit,$10.21,0.01,0.098%,0.00,Cayman Islands,2025,166,Finance,Blank Checks
CRACW,Crown Reserve Acquisition Corp. I Warrant,$0.09,-0.0016,-1.747%,0.00,Cayman Islands,2025,400,,
CRAI,CRA International Inc. Common Stock,$158.42,-2.63,-1.633%,1040214711.00,United States,1998,241351,Consumer Discretionary,Other Consumer Services
CRAN,Crane Harbor Acquisition Corp. II Class A Ordinary Shares,$9.92,0.01,0.101%,0.00,United States,2026,50958,Finance,Blank Checks
CRANR,Crane Harbor Acquisition Corp. II Rights,$0.18,-0.005,-2.703%,0.00,United States,2026,1900,Finance,Blank Checks
CRANU,Crane Harbor Acquisition Corp. II Units,$10.09,0.00,0.00%,0.00,United States,2025,1745,,
CRAQ,Cal Redwood Acquisition Corp. Class A Ordinary Shares,$10.21,0.00,0.00%,0.00,United States,2025,15,Finance,Blank Checks
CRAQU,Cal Redwood Acquisition Corp. Units,$11.50,0.00,0.00%,0.00,United States,2025,5,Finance,Blank Checks
CRBD,Corebridge Financial Inc. 6.375% Junior Subordinated Notes due 2064,$22.44,-0.46,-2.009%,0.00,United States,2024,36559,Finance,Life Insurance
CRBG,Corebridge Financial Inc. Common Stock,$23.18,-0.18,-0.771%,11165478953.00,United States,2022,7255482,Finance,Life Insurance
CRBP,Corbus Pharmaceuticals Holdings Inc. Common Stock,$8.60,-0.34,-3.803%,152533590.00,United States,,141574,Health Care,Biotechnology: Pharmaceutical Preparations
CRBU,Caribou Biosciences Inc. Common Stock,$1.87,-0.10,-5.076%,180711568.00,United States,2021,958258,Health Care,Biotechnology: Biological Products (No Diagnostic Substances)
CRC,California Resources Corporation Common Stock,$63.56,0.65,1.033%,5640117046.00,United States,2020,2679997,Energy,Oil & Gas Production
CRCL,Circle Internet Group Inc. Class A Common Stock,$126.03,-2.30,-1.792%,31106170824.00,United States,2025,22640625,Finance,Finance: Consumer Services
CRCT,Cricut Inc. Class A Common Stock,$4.08,0.00,0.00%,864067614.00,United States,2021,1261534,Technology,Industrial Machinery/Components
CRD/A,Crawford & Company,$9.74,0.38,4.06%,,United States,,173889,,
CRD/B,Crawford & Company,$10.28,0.83,8.783%,,United States,,49822,,
CRDF,Cardiff Oncology Inc. Common Stock,$1.80,-0.02,-1.099%,123056962.00,United States,,429332,Health Care,Biotechnology: Biological Products (No Diagnostic Substances)
CRDL,Cardiol Therapeutics Inc. Class A Common Shares,$0.926,-0.021,-2.218%,92597822.00,Canada,,638783,Health Care,Biotechnology: Biological Products (No Diagnostic Substances)
CRDO,Credo Technology Group Holding Ltd Ordinary Shares,$103.40,-3.69,-3.446%,19072123796.00,United States,2022,6793699,Technology,Semiconductors
CRE,Cre8 Enterprise Limited Class A Ordinary Shares,$2.82,-0.05,-1.742%,5679362.00,Hong Kong,2025,11186,Consumer Discretionary,Publishing
CREG,Smart Powerr Corp. Common Stock,$0.2868,-0.0487,-14.516%,5968056.00,China,,1715084,Real Estate,Real Estate
CRESY,Cresud S.A.C.I.F. y A. American Depositary Shares,$11.84,-0.21,-1.743%,727063936.00,Argentina,1997,313532,Finance,Real Estate
CREX,Creative Realities Inc. Common Stock,$3.67,0.07,1.944%,38604480.00,United States,,27719,Technology,EDP Services
CRF,Cornerstone Total Return Fund Inc. (The) Common Stock,$6.93,-0.14,-1.98%,0.00,United States,2003,1039638,Finance,Finance/Investors Services
CRGO,Freightos Limited Ordinary shares,$1.53,-0.09,-5.556%,76565391.00,Israel,,263703,Industrials,Integrated Freight & Logistics
CRGOW,Freightos Limited Warrants,$0.205,0.015,7.895%,10258761.00,Israel,,2900,Industrials,Integrated Freight & Logistics
CRGY,Crescent Energy Company Class A Common Stock,$12.67,0.42,3.429%,4154496446.00,United States,2021,19040927,Energy,Oil & Gas Production
CRH,CRH PLC Ordinary Shares,$100.47,-0.55,-0.544%,67248532733.00,Ireland,,9818089,Industrials,Building Materials
CRI,Carter's Inc. Common Stock,$34.23,-0.81,-2.312%,1245497572.00,United States,2003,3457256,Consumer Discretionary,Apparel
CRIS,Curis Inc. Common Stock,$0.7712,0.0143,1.889%,10559928.00,United States,,276440,Health Care,Biotechnology: Biological Products (No Diagnostic Substances)
CRK,Comstock Resources Inc. Common Stock,$21.69,0.29,1.355%,6377331541.00,United States,,5535412,Energy,Oil & Gas Production
CRL,Charles River Laboratories International Inc. Common Stock,$153.60,0.55,0.359%,7561390080.00,United States,2000,808670,Health Care,Biotechnology: Commercial Physical & Biological Resarch
CRM,Salesforce Inc. Common Stock,$195.38,0.39,0.20%,180335740000.00,United States,2004,20189503,Technology,Computer Software: Prepackaged Software
CRMD,CorMedix Inc. Common Stock,$6.25,-0.05,-0.794%,494064969.00,United States,,2012980,Health Care,Biotechnology: Pharmaceutical Preparations
CRML,Critical Metals Corp. Ordinary Shares,$7.72,-0.69,-8.205%,974483966.00,British Virgin Islands,,9965006,Basic Materials,Metal Mining
CRMLW,Critical Metals Corp. Warrants,$3.29,-0.43,-11.559%,415291742.00,British Virgin Islands,,13646,Basic Materials,Metal Mining
CRMT,America's Car-Mart Inc Common Stock,$12.02,-0.16,-1.314%,99795449.00,United States,,140424,Consumer Discretionary,Retail-Auto Dealers and Gas Stations
CRNC,Cerence Inc. Common Stock,$6.84,-0.28,-3.933%,307923681.00,United States,,1275038,Technology,Computer Software: Prepackaged Software
CRNT,Ceragon Networks Ltd. Ordinary Shares,$2.14,-0.08,-3.604%,190115629.00,Israel,,641674,Technology,Radio And Television Broadcasting And Communications Equipment
CRNX,Crinetics Pharmaceuticals Inc. Common Stock,$35.57,-0.25,-0.698%,3724368588.00,United States,2018,1316005,Health Care,Biotechnology: Pharmaceutical Preparations
CRON,Cronos Group Inc. Common Share,$2.39,-0.07,-2.846%,915114908.00,Canada,,1083530,Health Care, Medicinal Chemicals and Botanical Products 
CROX,Crocs Inc. Common Stock,$75.78,-1.51,-1.954%,3806701905.00,United States,2006,1405095,Consumer Discretionary,Shoe Manufacturing
CRS,Carpenter Technology Corporation Common Stock,$362.40,-15.76,-4.168%,18051041441.00,United States,,1093195,Industrials,Steel/Iron Ore
CRSP,CRISPR Therapeutics AG Common Shares,$46.24,-0.71,-1.512%,4438360827.00,Switzerland,2016,2551959,Health Care,Biotechnology: Biological Products (No Diagnostic Substances)
CRSR,Corsair Gaming Inc. Common Stock,$5.20,-0.21,-3.882%,554644152.00,United States,2020,2070900,Technology,Computer peripheral equipment
CRT,Cross Timbers Royalty Trust Common Stock,$9.72,-0.22,-2.213%,58320000.00,United States,1992,74365,Energy,Oil & Gas Production
CRTO,Criteo S.A. American Depositary Shares,$17.00,-0.46,-2.635%,847604462.00,France,2013,455920,Consumer Discretionary,Advertising
CRUS,Cirrus Logic Inc. Common Stock,$136.07,-0.67,-0.49%,6940575421.00,United States,1989,1179186,Technology,Semiconductors
CRVL,CorVel Corp. Common Stock,$53.49,-0.16,-0.298%,2736143855.00,United States,,591438,Finance,Specialty Insurers
CRVO,CervoMed Inc. Common Stock,$4.02,-0.21,-4.965%,37220050.00,United States,,41714,Health Care,Biotechnology: Pharmaceutical Preparations
CRVS,Corvus Pharmaceuticals Inc. Common Stock,$13.33,-0.76,-5.394%,1119618785.00,United States,2016,4925941,Health Care,Biotechnology: Pharmaceutical Preparations
CRWD,CrowdStrike Holdings Inc. Class A Common Stock,$409.00,-19.18,-4.479%,103728162810.00,United States,2019,9100711,Technology,Computer Software: Prepackaged Software
CRWS,Crown Crafts Inc Common Stock,$2.65,-0.08,-2.93%,28349136.00,United States,,17219,Consumer Discretionary,Textiles
CRWV,CoreWeave Inc. Class A Common Stock,$81.47,0.81,1.004%,42827812196.00,United States,2025,29330515,Technology,Computer Software: Prepackaged Software
CSAI,Cloudastructure Inc. Class A Common Stock,$0.5358,0.0045,0.847%,13076969.00,United States,,544990,Technology,Computer Software: Programming Data Processing
CSAN,Cosan S.A. ADS,$3.88,-0.15,-3.722%,3848166687.00,Brazil,2021,4821731,Consumer Discretionary,Retail-Auto Dealers and Gas Stations
CSBR,Champions Oncology Inc. Common Stock,$5.86,-0.34,-5.484%,81376800.00,United States,,4250,Health Care,Biotechnology: Biological Products (No Diagnostic Substances)
CSCO,Cisco Systems Inc. Common Stock (DE),$77.65,-0.86,-1.095%,306709194711.00,United States,1990,90376680,Telecommunications,Computer Communications Equipment
CSGP,CoStar Group Inc. Common Stock,$42.90,0.08,0.187%,18009132613.00,United States,1998,15182829,Real Estate,Real Estate
CSGS,CSG Systems International Inc. Common Stock,$79.87,0.14,0.176%,2276449628.00,United States,1996,1175412,Technology,EDP Services
CSIQ,Canadian Solar Inc. Common Shares (ON),$14.26,0.73,5.395%,954875197.00,Canada,2006,5681988,Technology,Semiconductors
CSL,Carlisle Companies Incorporated Common Stock,$327.52,-5.30,-1.592%,13388452956.00,United States,,970130,Industrials,Specialty Chemicals
CSPI,CSP Inc. Common Stock,$8.26,-0.05,-0.602%,81881603.00,United States,1982,52425,Technology,EDP Services
CSQ,Calamos Strategic Total Return Common Stock,$17.37,-0.31,-1.753%,2759877994.00,United States,2004,557734,Finance,Finance Companies
CSR,D/B/A Centerspace Common Stock,$57.05,-1.62,-2.761%,956975926.00,United States,,356749,Real Estate,Real Estate Investment Trusts
CSTE,Caesarstone Ltd. Ordinary Shares,$1.09,0.2629,31.786%,37689012.00,Israel,2012,4172542,Industrials,Building Materials
CSTL,Castle Biosciences Inc. Common Stock,$25.00,-0.70,-2.724%,743279950.00,United States,2019,294482,Health Care,Medical Specialities
CSTM,Constellium SE Ordinary Shares (France),$22.38,-1.34,-5.649%,3022861475.00,Netherlands,2013,3390189,Industrials,Metal Fabrications
CSV,Carriage Services Inc. Common Stock,$41.65,-0.45,-1.069%,660609859.00,United States,,121223,Consumer Discretionary,Other Consumer Services
CSW,CSW Industrials Inc. Common Stock,$258.97,-3.83,-1.457%,4265295463.00,United States,,417682,Industrials,Home Furnishings
CSWC,Capital Southwest Corporation Common Stock,$21.63,-0.42,-1.905%,1301304493.00,United States,,898071,Consumer Discretionary,Textiles
CSX,CSX Corporation Common Stock,$38.17,-0.32,-0.831%,70979283018.00,United States,,20248055,Industrials,Railroads
CTA^A,EIDP Inc. Preferred Stock $3.50 Series,$55.12,-0.4497,-0.809%,,United States,,1456,,
CTA^B,EIDP Inc. Preferred Stock $4.50 Series,$68.00,-0.40,-0.585%,,United States,,2527,,
CTAAU,ClearThink 1 Acquisition Corp. Units,$9.98,0.00,0.00%,0.00,United States,2026,78,Finance,Blank Checks
CTAS,Cintas Corporation Common Stock,$179.34,-2.49,-1.369%,71716209114.00,United States,1983,3837894,Industrials,Garments and Clothing
CTBB,Qwest Corporation 6.5% Notes due 2056,$18.72,0.03,0.161%,19.00,United States,2016,98860,Telecommunications,Telecommunications Equipment
CTBI,Community Trust Bancorp Inc. Common Stock,$58.59,-0.34,-0.577%,1063453673.00,United States,,176055,Finance,Major Banks
CTDD,Qwest Corporation 6.75% Notes due 2057,$19.40,0.01,0.052%,19.00,United States,2017,37124,Telecommunications,Telecommunications Equipment
CTEV,Claritev Corporation Class A Common Stock,$14.89,-0.45,-2.934%,246470045.00,United States,2020,382478,Real Estate,Real Estate
CTGO,Contango ORE Inc. Common Stock,$17.20,-0.36,-2.05%,289326721.00,United States,2021,891572,Basic Materials,Precious Metals
CTKB,Cytek Biosciences Inc. Common Stock,$4.48,-0.03,-0.665%,575904609.00,United States,2021,1895128,Industrials,Biotechnology: Laboratory Analytical Instruments
CTLP,Cantaloupe Inc. Common Stock,$10.49,0.02,0.191%,773324835.00,United States,,1340607,Miscellaneous,Office Equipment/Supplies/Services
CTM,Castellum Inc. Common Stock,$0.7486,-0.0279,-3.593%,70827105.00,,2022,1429169,Consumer Discretionary,Professional Services
CTMX,CytomX Therapeutics Inc. Common Stock,$4.45,-0.33,-6.904%,757331002.00,United States,2015,8903420,Health Care,Biotechnology: Pharmaceutical Preparations
CTNM,Contineum Therapeutics Inc. Class A Common Stock,$12.21,0.10,0.826%,455873000.00,United States,2024,1404573,Health Care,Biotechnology: Pharmaceutical Preparations
CTNT,Cheetah Net Supply Chain Service Inc Class A Common Stock,$1.53,0.05,3.378%,5230438.00,United States,2023,465215,Consumer Discretionary,Motor Vehicles
CTO,CTO Realty Growth Inc. Common Stock,$18.34,-0.42,-2.239%,597142844.00,United States,1992,319590,Real Estate,Real Estate Investment Trusts
CTO^A,CTO Realty Growth Inc. 6.375% Series A Cumulative Redeemable Preferred Stock,$19.69,-0.27,-1.353%,,United States,,9376,,
CTOR,Citius Oncology Inc. Common Stock,$0.6431,-0.0477,-6.905%,56769784.00,United States,2022,289611,Health Care,Biotechnology: Pharmaceutical Preparations
CTOS,Custom Truck One Source Inc. Common Stock,$6.08,-0.19,-3.03%,1377885618.00,Cayman Islands,2017,904003,Consumer Discretionary,Diversified Commercial Services
CTRA,Coterra Energy Inc. Common Stock,$33.97,0.07,0.206%,25792494129.00,United States,,30552484,Energy,Oil & Gas Production
CTRE,CareTrust REIT Inc. Common Stock,$36.10,-3.15,-8.025%,8058864184.00,United States,2022,43143303,Real Estate,Real Estate Investment Trusts
CTRI,Centuri Holdings Inc. Common Stock,$29.12,-1.28,-4.211%,2935774849.00,United States,2024,3236101,Utilities,Oil & Gas Production
CTRM,Castor Maritime Inc. Common Shares,$1.95,0.01,0.515%,18841590.00,Cyprus,,21614,Consumer Discretionary,Marine Transportation
CTRN,Citi Trends Inc. Common Stock,$43.86,-4.00,-8.358%,366023104.00,United States,2005,168177,Consumer Discretionary,Clothing/Shoe/Accessory Stores
CTS,CTS Corporation Common Stock,$46.17,-1.03,-2.182%,1324880931.00,United States,,403046,Technology,Electrical Products
CTSH,Cognizant Technology Solutions Corporation Class A Common Stock,$62.07,0.52,0.845%,29684786324.00,United States,1998,12582910,Technology,EDP Services
CTSO,Cytosorbents Corporation Common Stock,$0.66,0.022,3.448%,41450841.00,United States,,224168,Health Care,Medical/Dental Instruments
CTVA,Corteva Inc. Common Stock ,$77.33,-0.74,-0.948%,52006280920.00,United States,2019,9435133,Consumer Staples,Farming/Seeds/Milling
CTW,CTW Cayman Class A Ordinary Shares,$2.00,0.12,6.383%,124800000.00,Japan,2025,90117,Technology,EDP Services
CTXR,Citius Pharmaceuticals Inc. Common Stock,$0.7706,-0.0418,-5.145%,17243275.00,United States,,393487,Health Care,Biotechnology: Pharmaceutical Preparations
CUB,Lionheart Holdings Class A Ordinary Shares,$10.74,0.00,0.00%,341194506.00,United States,2024,5,Industrials,Industrial Machinery/Components
CUBB,Customers Bancorp Inc 5.375% Subordinated Notes Due 2034,$22.4083,0.1833,0.825%,708628651.00,United States,2019,1125,Finance,Major Banks
CUBE,CubeSmart Common Shares,$36.69,-1.53,-4.003%,8332075521.00,United States,,3882890,Real Estate,Real Estate Investment Trusts
CUBI,Customers Bancorp Inc Common Stock,$66.23,0.09,0.136%,2265872284.00,United States,,1020804,Finance,Major Banks
CUBWW,Lionheart Holdings Warrant,$0.142,-0.0781,-35.484%,0.00,United States,2024,2048,,
CUE,Cue Biopharma Inc. Common Stock,$0.2658,0.0016,0.606%,25958238.00,United States,2018,1014362,Health Care,Biotechnology: Pharmaceutical Preparations
CUK,Carnival Plc ADS ADS,$24.08,-0.75,-3.021%,35070452178.00,United States,,3015614,Consumer Discretionary,Marine Transportation
CULP,Culp Inc. Common Stock,$2.79,-0.18,-6.061%,35329167.00,United States,,87530,Consumer Discretionary,Textiles
CUPR,Cuprina Holdings (Cayman) Limited Class A Ordinary Shares,$0.329,-0.0082,-2.432%,6909000.00,Singapore,2025,36473,Health Care,Biotechnology: Pharmaceutical Preparations
CURB,Curbline Properties Corp. Common Stock,$25.50,-0.67,-2.56%,2686882445.00,United States,2024,1656917,Finance,Real Estate
CURI,CuriosityStream Inc. Class A Common Stock,$3.12,0.01,0.322%,183999935.00,United States,2020,426503,Consumer Discretionary,Movies/Entertainment
CURR,Currenc Group Inc. Ordinary Shares,$2.65,0.10,3.922%,203020327.00,Singapore,,163043,Real Estate,Real Estate
CURV,Torrid Holdings Inc. Common Stock,$1.60,0.35,28.00%,158715107.00,United States,2021,23657625,Consumer Discretionary,Clothing/Shoe/Accessory Stores
CURX,Curanex Pharmaceuticals Inc Common Stock,$0.4583,0.0333,7.835%,12988594.00,United States,2025,130608,Health Care,Biotechnology: Pharmaceutical Preparations
CUZ,Cousins Properties Incorporated Common Stock,$21.85,-1.20,-5.206%,3630374179.00,United States,,3299397,Real Estate,Real Estate Investment Trusts
CV,CapsoVision Inc. Common Stock,$6.87,0.69,11.165%,321812956.00,United States,2025,3341214,Health Care,Biotechnology: Electromedical & Electrotherapeutic Apparatus
CVBF,CVB Financial Corporation Common Stock,$18.60,-0.28,-1.483%,2525885599.00,United States,,5135327,Finance,Major Banks
CVCO,Cavco Industries Inc. Common Stock When Issued,$460.16,-10.31,-2.191%,3571376766.00,United States,,189404,Consumer Discretionary,Homebuilding
CVE,Cenovus Energy Inc Common Stock,$25.06,0.17,0.683%,47198004000.00,Canada,,23250318,Energy,Oil & Gas Production
CVEO,Civeo Corporation (Canada) Common Shares,$27.16,-0.70,-2.513%,297410039.00,,2014,80192,Consumer Discretionary,Hotels/Resorts
CVGI,Commercial Vehicle Group Inc. Common Stock,$3.59,0.02,0.56%,131525825.00,United States,2004,760607,Consumer Discretionary,Auto Parts:O.E.M.
CVGW,Calavo Growers Inc. Common Stock,$23.79,-0.63,-2.58%,425224339.00,United States,,399699,Consumer Discretionary,Specialty Foods
CVI,CVR Energy Inc. Common Stock,$33.82,1.69,5.26%,3399944858.00,United States,2007,2768335,Energy,Integrated oil Companies
CVKD,Cadrenal Therapeutics Inc. Common Stock,$6.52,-0.45,-6.456%,15244588.00,United States,2023,36142,Health Care,Biotechnology: Pharmaceutical Preparations
CVLG,Covenant Logistics Group Inc. Class A Common Stock,$25.30,0.07,0.277%,634600988.00,United States,,188519,Industrials,Trucking Freight/Courier Services
CVLT,Commvault Systems Inc. Common Stock,$79.41,-0.39,-0.489%,3492006072.00,United States,2006,2771723,Technology,Computer Software: Prepackaged Software
CVM,Cel-Sci Corporation Common Stock,$3.44,-0.22,-6.011%,29095406.00,United States,1997,33133,Health Care,Biotechnology: Biological Products (No Diagnostic Substances)
CVNA,Carvana Co. Class A Common Stock,$281.28,-12.90,-4.385%,61629359347.00,United States,2017,3308580,Consumer Discretionary,Retail-Auto Dealers and Gas Stations
CVR,Chicago Rivet & Machine Co. Common Stock,$14.25,0.50,3.636%,13767381.00,United States,1930,3486,Industrials,Industrial Machinery/Components
CVRX,CVRx Inc. Common Stock,$8.69,0.06,0.695%,228647865.00,United States,2021,235535,Health Care,Medical/Dental Instruments
CVS,CVS Health Corporation Common Stock,$71.48,-0.38,-0.529%,90937646783.00,United States,,18869312,Consumer Staples,Retail-Drug Stores and Proprietary Stores
CVSA,Covista Inc. Common Shares,$106.49,-0.49,-0.458%,3674812614.00,United States,,1597754,Real Estate,Other Consumer Services
CVU,CPI Aerostructures Inc. Common Stock,$4.06,-0.18,-4.245%,53532111.00,United States,2022,145548,Industrials,Military/Government/Technical
CVV,CVD Equipment Corporation Common Stock,$3.34,-0.04,-1.183%,23170709.00,United States,,51861,Technology,Industrial Machinery/Components
CVX,Chevron Corporation Common Stock,$201.73,0.29,0.144%,402529124782.00,United States,,35835649,Energy,Integrated oil Companies
CW,Curtiss-Wright Corporation Common Stock,$671.19,-20.43,-2.954%,24746459841.00,United States,,664946,Technology,Industrial Machinery/Components
CWAN,Clearwater Analytics Holdings Inc. Class A Common Stock,$23.44,0.09,0.385%,6925728033.00,United States,2021,3855962,Technology,Computer Software: Prepackaged Software
CWBC,Community West Bancshares Common Stock,$22.35,-0.20,-0.887%,428436425.00,United States,,268042,Finance,Major Banks
CWCO,Consolidated Water Co. Ltd. Ordinary Shares,$30.52,-0.17,-0.554%,487227659.00,Cayman Islands,,886338,Utilities,Water Supply
CWD,CaliberCos Inc. Class A Common Stock,$1.17,-0.09,-7.143%,7645153.00,United States,2023,73404,Finance,Real Estate
CWEN,Clearway Energy Inc. Class C Common Stock,$37.44,-2.25,-5.669%,7683396290.00,United States,2015,1852355,Utilities,Electric Utilities: Central
CWH,Camping World Holdings Inc. Class A Common Stock,$6.13,0.04,0.657%,631308765.00,United States,2016,3905731,Consumer Discretionary,Retail-Auto Dealers and Gas Stations
CWK,Cushman & Wakefield Ltd. Common Shares,$11.84,-0.29,-2.391%,2744768892.00,,2018,2889013,Finance,Real Estate
CWST,Casella Waste Systems Inc. Class A Common Stock,$77.71,-6.55,-7.774%,4935732544.00,United States,1997,1712123,Utilities,Environmental Services
CWT,California Water Service Group Common Stock,$43.91,-0.33,-0.746%,2618917280.00,United States,,1648626,Utilities,Water Supply
CX,Cemex S.A.B. de C.V. Sponsored ADR,$9.99,-0.31,-3.01%,14492921811.00,Mexico,,5143516,Industrials,Building Materials
CXAI,CXApp Inc. Class A Common Stock,$0.223,-0.042,-15.849%,7112792.00,United States,2021,4010835,Technology,EDP Services
CXAIW,CXApp Inc. Warrant,$0.047,-0.0045,-8.738%,1499109.00,United States,2021,9268,Technology,EDP Services
CXDO,Crexendo Inc. Common Stock,$6.24,-0.12,-1.887%,194392243.00,United States,,274149,Telecommunications,Telecommunications Equipment
CXE,MFS High Income Municipal Trust Common Stock,$3.75,-0.045,-1.186%,118221649.00,United States,1989,48441,Finance,Investment Managers
CXH,MFS Investment Grade Municipal Trust Common Stock,$8.16,-0.09,-1.091%,74339599.00,United States,1989,1600,Finance,Investment Managers
CXM,Sprinklr Inc. Class A Common Stock,$5.88,-0.12,-2.00%,1450514480.00,United States,2021,4430870,Technology,Computer Software: Prepackaged Software
CXT,Crane NXT Co. Common Stock,$40.37,-1.19,-2.863%,2318997042.00,United States,,1086184,Industrials,Metal Fabrications
CXW,CoreCivic Inc. Common Stock,$19.46,-0.45,-2.26%,1901421577.00,United States,,4315431,Real Estate,Real Estate Investment Trusts
CYCN,Cyclerion Therapeutics Inc. Common Stock,$1.59,0.08,5.298%,6241249.00,United States,,61628,Health Care,Biotechnology: Pharmaceutical Preparations
CYCU,Cycurion Inc. Common Stock,$1.23,0.02,1.653%,5151470.00,United States,2025,383396,Technology,EDP Services
CYCUW,Cycurion Inc. Warrant,$0.0209,-0.0007,-3.241%,87533.00,United States,2025,3444,Technology,EDP Services
CYD,China Yuchai International Limited Common Stock,$39.81,-0.84,-2.066%,1493604399.00,Singapore,1994,192313,Industrials,Industrial Machinery/Components
CYH,Community Health Systems Inc. Common Stock,$2.89,-0.11,-3.667%,400628435.00,United States,2000,3409514,Health Care,Hospital/Nursing Management
CYN,Cyngn Inc. Common Stock,$2.21,-0.09,-3.913%,26291250.00,United States,2021,398504,Technology,EDP Services
CYPH,Cypherpunk Technologies Inc. Common Stock,$0.7047,-0.0031,-0.438%,63408638.00,United States,,2465969,Health Care,Biotechnology: Pharmaceutical Preparations
CYRX,CryoPort Inc. Common Stock,$8.04,-0.25,-3.016%,400843325.00,United States,,514497,Health Care,Biotechnology: Pharmaceutical Preparations
CYTK,Cytokinetics Incorporated Common Stock,$61.70,-1.25,-1.986%,7599145192.00,United States,2004,3212478,Health Care,Biotechnology: Pharmaceutical Preparations
CZFS,Citizens Financial Services Inc. Common Stock,$60.02,0.04,0.067%,288529284.00,United States,,22953,Finance,Major Banks
CZNC,Citizens & Northern Corp Common Stock,$21.68,-0.03,-0.138%,388294068.00,United States,,120278,Finance,Major Banks
CZR,Caesars Entertainment Inc. Common Stock,$26.76,-0.68,-2.478%,5446222522.00,United States,,5225592,Consumer Discretionary,Hotels/Resorts
CZWI,Citizens Community Bancorp Inc. Common Stock,$19.07,0.36,1.924%,183617631.00,United States,2006,144485,Finance,Savings Institutions
D,Dominion Energy Inc. Common Stock,$59.38,-1.64,-2.688%,52182290769.00,United States,,7783346,Utilities,Electric Utilities: Central
DAAQ,Digital Asset Acquisition Corp. Class A Ordinary shares,$10.23,0.01,0.098%,0.00,United States,2025,8206,Finance,Blank Checks
DAAQU,Digital Asset Acquisition Corp. Units,$10.40,0.00,0.00%,0.00,United States,2025,85,Finance,Blank Checks
DAAQW,Digital Asset Acquisition Corp. Warrant,$0.40,0.00,0.00%,0.00,United States,2025,1,Finance,Blank Checks
DAC,Danaos Corporation Common Stock,$111.70,-2.13,-1.871%,2033328158.00,Greece,2006,80434,Consumer Discretionary,Marine Transportation
DAIC,CID HoldCo Inc. Common Stock,$0.1773,0.0135,8.242%,5193706.00,United States,,1666273,Technology,EDP Services
DAICW,CID HoldCo Inc. Warrants,$0.03,0.00,0.00%,878800.00,United States,,49,Technology,EDP Services
DAIO,Data I/O Corporation Common Stock,$2.46,-0.09,-3.529%,23104128.00,United States,1981,84027,Industrials,Electrical Products
DAKT,Daktronics Inc. Common Stock,$20.16,-0.32,-1.563%,973689898.00,United States,1994,1166499,Consumer Discretionary,Miscellaneous manufacturing industries
DAL,Delta Air Lines Inc. Common Stock,$63.44,-1.57,-2.415%,41434612116.00,United States,,17875826,Consumer Discretionary,Air Freight/Delivery Services
DAN,Dana Incorporated Common Stock ,$31.41,-0.47,-1.474%,3441169853.00,United States,,4411261,Consumer Discretionary,Auto Parts:O.E.M.
DAO,Youdao Inc. American Depositary Shares each representing one Class A Ordinary Share,$10.25,-0.07,-0.678%,1225584802.00,China,2019,65747,Real Estate,Other Consumer Services
DAR,Darling Ingredients Inc. Common Stock,$55.14,-1.66,-2.923%,8745399637.00,United States,1997,3018843,Consumer Staples,Packaged Foods
DARE,Dare Bioscience Inc. Common Stock,$1.36,0.06,4.615%,19433351.00,United States,2014,204745,Health Care,Biotechnology: Pharmaceutical Preparations
DASH,DoorDash Inc. Class A Common Stock,$156.64,-2.62,-1.645%,68048543777.00,United States,,7568258,Technology,EDP Services
DAVA,Endava plc American Depositary Shares (each representing one Class A Ordinary Share),$4.58,-0.09,-1.927%,248820422.00,United Kingdom,2018,165449,Technology,EDP Services
DAVE,Dave Inc. Class A Common Stock,$209.82,-0.64,-0.304%,2845074852.00,United States,,511664,Finance,Finance: Consumer Services
DAVEW,Dave Inc. Warrants,$0.4331,-0.0569,-11.612%,5872662.00,United States,,14313,Finance,Finance: Consumer Services
DAWN,Day One Biopharmaceuticals Inc. Common Stock,$21.44,0.05,0.234%,2214702495.00,United States,2021,6907893,Health Care,Biotechnology: Pharmaceutical Preparations
DB,Deutsche Bank AG Common Stock,$28.47,-0.93,-3.163%,54174801826.00,Germany,,3982308,Finance,Major Banks
DBCA,D. Boral Acquisition I Corp. Class A Ordinary Shares,$9.85,0.00,0.00%,0.00,United States,2026,7390,Finance,Blank Checks
DBCAU,D. Boral Acquisition I Corp. Unit,$10.15,0.11,1.096%,0.00,United States,2026,5200,Finance,Blank Checks
DBCAW,D. Boral Acquisition I Corp. Warrants,$0.27,0.00,0.00%,0.00,United States,2026,353651,Finance,Blank Checks
DBD,Diebold Nixdorf Incorporated Common stock,$71.45,-0.25,-0.349%,2513113565.00,United States,2023,583566,Miscellaneous,Office Equipment/Supplies/Services
DBGI,Digital Brands Group Inc. Common Stock,$2.105,-0.395,-15.80%,17236447.00,United States,2025,851387,Consumer Discretionary,Clothing/Shoe/Accessory Stores
DBI,Designer Brands Inc. Class A Common Stock,$5.40,-0.21,-3.743%,268034897.00,United States,,1392539,Consumer Discretionary,Clothing/Shoe/Accessory Stores
DBL,DoubleLine Opportunistic Credit Fund Common Shares of Beneficial Interest,$14.26,-0.17,-1.178%,0.00,United States,2012,99772,,
DBRG,DigitalBridge Group Inc.,$15.35,-0.02,-0.13%,2809277088.00,United States,2014,5880743,Real Estate,Real Estate Investment Trusts
DBRG^H,DigitalBridge Group Inc. 7.125% Series H ,$16.11,-0.50,-3.01%,,United States,,12748,,
DBRG^I,DigitalBridge Group Inc. 7.15% Series I ,$16.06,-0.52,-3.136%,,United States,,10613,,
DBRG^J,DigitalBridge Group Inc. 7.125% Series J ,$16.13,-0.42,-2.538%,,United States,,25382,,
DBVT,DBV Technologies S.A. American Depositary Shares,$19.09,-0.36,-1.851%,645675801.00,France,2014,294501,Health Care,Biotechnology: Biological Products (No Diagnostic Substances)
DBX,Dropbox Inc. Class A Common Stock,$25.02,-0.15,-0.596%,6034531716.00,United States,2018,5050118,Technology,Computer Software: Prepackaged Software
DC,Dakota Gold Corp. Common Stock,$4.54,-0.21,-4.421%,514209907.00,United States,2022,9911690,Basic Materials,Metal Mining
DCBO,Docebo Inc. Common Shares,$19.38,-0.27,-1.374%,557455409.00,Canada,,138487,Technology,Computer Software: Prepackaged Software
DCGO,DocGo Inc. Common Stock,$0.6741,0.0104,1.567%,66567544.00,United States,2020,1531426,Health Care,Medical/Nursing Services
DCH,Dauch Corporation Common Stock,$5.35,-0.09,-1.654%,1262519359.00,United States,,9513319,Consumer Discretionary,Auto Parts:O.E.M.
DCI,Donaldson Company Inc. Common Stock,$83.65,-0.45,-0.535%,9687861427.00,United States,,2427556,Industrials,Pollution Control Equipment
DCO,Ducommun Incorporated Common Stock,$120.57,-4.44,-3.552%,1806976200.00,United States,,250550,Industrials,Military/Government/Technical
DCOM,Dime Community Bancshares Inc. Common Stock,$32.08,-0.52,-1.595%,1408500887.00,United States,,765695,Finance,Major Banks
DCOMG,Dime Community Bancshares Inc. 9.000% Fixed-to-Floating Rate Subordinated Notes due 2034,$25.965,-0.355,-1.349%,1016494360.00,United States,,12720,Finance,Major Banks
DCOMP,Dime Community Bancshares Inc. Fixed-Rate Non-Cumulative Perpetual Preferred Stock Series A,$18.44,-0.44,-2.331%,809624575.00,United States,,2126,Finance,Major Banks
DCOY,Decoy Therapeutics Inc. Common Stock,$7.47,-0.52,-6.508%,3974040.00,United States,2015,16895,Health Care,Biotechnology: Pharmaceutical Preparations
DCTH,Delcath Systems Inc. Common Stock,$9.07,-0.27,-2.891%,315147916.00,United States,,516107,Health Care,Medical/Dental Instruments
DCX,Digital Currency X Technology Inc. Class A Ordinary Shares,$1.91,-0.05,-2.551%,45118110.00,Cayman Islands,,12374,Industrials,Auto Manufacturing
DD,DuPont de Nemours Inc. Common Stock,$42.44,-1.08,-2.482%,17354728491.00,United States,2017,10006270,Industrials,Major Chemicals
DDC,DDC Enterprise Limited Class A Ordinary Shares,$2.05,-0.12,-5.53%,50041587.00,,2023,18845,Consumer Staples,Packaged Foods
DDD,3D Systems Corporation Common Stock,$1.93,-0.11,-5.392%,281908023.00,United States,,7422824,Technology,Computer Software: Prepackaged Software
DDI,DoubleDown Interactive Co. Ltd. American Depository Shares,$8.355,-0.135,-1.59%,414018991.00,South Korea,2021,46525,Technology,EDP Services
DDL,Dingdong (Cayman) Limited American Depositary Shares (each two representing three Ordinary Shares),$2.43,-0.14,-5.447%,574033275.00,Cayman Islands,2021,1938537,Consumer Discretionary,Catalog/Specialty Distribution
DDOG,Datadog Inc. Class A Common Stock,$125.08,-4.86,-3.74%,44259724231.00,United States,2019,10455169,Technology,Computer Software: Prepackaged Software
DDS,Dillard's Inc. Common Stock,$591.00,-11.14,-1.85%,9227262906.00,United States,,166725,Consumer Discretionary,Department/Specialty Retail Stores
DDT,Dillard's Capital Trust I,$25.87,-0.03,-0.116%,403907430.00,United States,,19837,Consumer Discretionary,Department/Specialty Retail Stores
DE,Deere & Company Common Stock,$559.73,-7.85,-1.383%,151187148954.00,United States,,2727002,Industrials,Industrial Machinery/Components
DEA,Easterly Government Properties Inc. Common Stock,$21.81,-0.37,-1.668%,1010211196.00,United States,2015,860483,Real Estate,Real Estate Investment Trusts
DEC,Diversified Energy Company Common Stock,$16.20,0.01,0.062%,1243451914.00,,2025,8035115,,
DECK,Deckers Outdoor Corporation Common Stock,$100.43,-4.48,-4.27%,14256035588.00,United States,1993,3669460,Consumer Discretionary,Shoe Manufacturing
DEFT,Defi Technologies Inc. Common Stock,$0.5161,-0.1349,-20.722%,199151623.00,Canada,,9972229,Finance,Finance: Consumer Services
DEI,Douglas Emmett Inc. Common Stock,$9.30,-0.37,-3.826%,1557398600.00,United States,2006,5057814,Real Estate,Real Estate Investment Trusts
DELL,Dell Technologies Inc. Class C Common Stock ,$157.67,0.91,0.581%,101815158269.00,United States,2018,23112921,Technology,Computer Manufacturing
DEO,Diageo plc Common Stock,$73.87,-0.73,-0.979%,41116274321.00,United Kingdom,,2526071,Consumer Staples,Beverages (Production/Distribution)
DERM,Journey Medical Corporation Common Stock,$6.63,-0.32,-4.604%,220491178.00,United States,2021,997944,Health Care,Biotechnology: Pharmaceutical Preparations
DEVS,DevvStream Corp. Common Stock,$0.7833,-0.0242,-2.997%,3009158.00,Canada,2024,98990,Finance,Finance/Investors Services
DFDV,DeFi Development Corp. Common Stock,$4.09,-0.11,-2.619%,120524770.00,United States,2023,1034991,Finance,Finance: Consumer Services
DFDVW,DeFi Development Corp. Warrant,$0.684,0.004,0.588%,20156221.00,United States,,2719,,
DFH,Dream Finders Homes Inc. Class A Common Stock,$13.82,-0.28,-1.986%,1268805894.00,United States,2022,1580796,Consumer Discretionary,Homebuilding
DFIN,Donnelley Financial Solutions Inc. Common Stock ,$46.48,-0.48,-1.022%,1190816810.00,United States,2016,398164,Consumer Discretionary,Other Consumer Services
DFLI,Dragonfly Energy Holdings Corp. Common Stock (NV),$2.02,-0.03,-1.463%,24399000.00,United States,2021,383704,Miscellaneous,Industrial Machinery/Components
DFLIW,Dragonfly Energy Holdings Corp. Warrant,$0.037,0.0017,4.816%,446912.00,United States,2021,38641,Miscellaneous,Industrial Machinery/Components
DFNS,T3 Defense Inc. Common Stock,$0.955,-0.105,-9.906%,23299912.00,United States,2020,1755101,Consumer Discretionary,Professional Services
DFNSW,T3 Defense Inc. Warrants,$0.1295,0.0024,1.888%,3159517.00,United States,2020,115044,Consumer Discretionary,Professional Services
DFP,Flaherty & Crumrine Dynamic Preferred and Income Fund Inc. Common Stock,$20.24,-0.36,-1.748%,0.00,,2013,61646,Finance,Investment Managers
DFSC,DEFSEC Technologies Inc. Common Stock,$2.23,-0.43,-16.165%,4445786.00,Canada,,28424,Technology,Computer Software: Prepackaged Software
DFSCW,DEFSEC Technologies Inc. Warrant,$0.0328,0.00,0.00%,65391.00,Canada,,900,Technology,Computer Software: Prepackaged Software
DFTX,Definium Therapeutics Inc. Common Shares,$18.40,-0.26,-1.393%,1812570734.00,United States,,2581384,Health Care, Medicinal Chemicals and Botanical Products 
DG,Dollar General Corporation Common Stock,$124.52,1.07,0.867%,27409201817.00,United States,2009,4147680,Consumer Discretionary,Department/Specialty Retail Stores
DGICA,Donegal Group Inc. Class A Common Stock,$16.87,-0.02,-0.118%,624240003.00,United States,,257668,Finance,Property-Casualty Insurers
DGICB,Donegal Group Inc. Class B Common Stock,$17.87,2.17,13.822%,661242967.00,United States,1986,22944,Finance,Property-Casualty Insurers
DGII,Digi International Inc. Common Stock,$47.79,-1.28,-2.609%,1797437336.00,United States,1989,987056,Telecommunications,Computer Communications Equipment
DGNX,Diginex Limited Ordinary Shares,$0.55,-0.0033,-0.596%,111072557.00,Hong Kong,2025,993905,Technology,EDP Services
DGX,Quest Diagnostics Incorporated Common Stock,$195.26,1.10,0.567%,21452497643.00,United States,,2030358,Health Care,Medical Specialities
DGXX,Digi Power X Inc. Subordinate Voting Shares,$2.33,-0.08,-3.32%,145437605.00,Canada,,1793016,Finance,Finance: Consumer Services
DH,Definitive Healthcare Corp. Class A Common Stock,$1.13,0.1305,13.057%,118053779.00,United States,2021,1225534,Technology,Computer Software: Prepackaged Software
DHC,Diversified Healthcare Trust Common Shares of Beneficial Interest,$6.71,-0.44,-6.154%,1624632078.00,United States,,11610950,Real Estate,Real Estate Investment Trusts
DHCNI,Diversified Healthcare Trust 5.625% Senior Notes due 2042,$15.85,-1.55,-8.908%,3826417558.00,United States,,206173,Real Estate,Real Estate Investment Trusts
DHCNL,Diversified Healthcare Trust 6.25% Senior Notes Due 2046,$17.7299,-0.3501,-1.936%,4280252408.00,United States,,4253,Real Estate,Real Estate Investment Trusts
DHF,BNY Mellon High Yield Strategies Fund Common Stock,$2.33,-0.04,-1.688%,0.00,United States,1998,130327,Finance,Finance Companies
DHI,D.R. Horton Inc. Common Stock,$133.12,-4.86,-3.522%,38565315942.00,United States,,6727922,Consumer Discretionary,Homebuilding
DHIL,Diamond Hill Investment Group Inc. Class A Common Stock,$172.45,0.04,0.023%,466541919.00,United States,,44573,Finance,Investment Managers
DHR,Danaher Corporation Common Stock,$189.35,-0.76,-0.40%,133896837059.00,United States,,5685304,Industrials,Industrial Machinery/Components
DHT,DHT Holdings Inc.,$17.27,-0.59,-3.303%,2772836280.00,Jersey,2005,4579624,Consumer Discretionary,Marine Transportation
DHX,DHI Group Inc. Common Stock,$2.45,-0.04,-1.606%,110176510.00,United States,2007,314816,Real Estate,Real Estate
DHY,Credit Suisse High Yield Credit Fund Common Stock,$1.85,-0.01,-0.538%,0.00,United States,1998,333689,Finance,Finance/Investors Services
DIAX,Nuveen Dow 30SM Dynamic Overwrite Fund Common Shares of Beneficial Interest,$14.03,-0.27,-1.888%,0.00,,2014,114942,Finance,Finance Companies
DIBS,1stdibs.com Inc. Common Stock,$5.38,-0.11,-2.004%,194713520.00,United States,2021,166140,Consumer Discretionary,Catalog/Specialty Distribution
DIN,Dine Brands Global Inc. Common Stock,$28.42,-0.78,-2.671%,370778205.00,United States,,507356,Consumer Discretionary,Restaurants
DINO,HF Sinclair Corporation Common Stock,$60.22,-0.27,-0.446%,10856051321.00,United States,1960,7420579,Energy,Natural Gas Distribution
DIOD,Diodes Incorporated Common Stock,$64.75,-2.36,-3.517%,2970565406.00,United States,,1230785,Technology,Semiconductors
DIS,Walt Disney Company (The) Common Stock,$99.51,0.31,0.313%,176283940373.00,United States,,27537532,Consumer Discretionary,Services-Misc. Amusement & Recreation
DIT,AMCON Distributing Company Common Stock,$115.00,-2.51,-2.136%,74831535.00,United States,1999,575,Consumer Discretionary,Food Distributors
DJCO,Daily Journal Corp. (S.C.) Common Stock,$470.49,-10.17,-2.116%,648204424.00,United States,,135196,Consumer Discretionary,Newspapers/Magazines
DJT,Trump Media & Technology Group Corp. Common Stock,$8.58,-0.08,-0.924%,2374354683.00,United States,2024,5928624,Technology,Computer Software: Programming Data Processing
DJTWW,Trump Media & Technology Group Corp. Warrants,$4.835,0.405,9.142%,1337995908.00,United States,2021,36934,Technology,Computer Software: Programming Data Processing
DK,Delek US Holdings Inc. Common Stock,$44.24,-0.36,-0.807%,2645924545.00,United States,2017,2083164,Energy,Integrated oil Companies
DKI,DarkIris Inc. Class A Ordinary Shares,$0.3801,-0.0069,-1.783%,7649513.00,Hong Kong,2025,33718,Technology,Computer Software: Prepackaged Software
DKL,Delek Logistics Partners L.P. Common Units representing Limited Partner Interests,$52.76,-0.96,-1.787%,2823311217.00,United States,2012,145442,Energy,Natural Gas Distribution
DKNG,DraftKings Inc. Class A Common Stock,$23.67,-1.24,-4.978%,11669106083.00,United States,2019,15442332,Consumer Discretionary,Services-Misc. Amusement & Recreation
DKS,Dick's Sporting Goods Inc Common Stock,$190.01,-3.03,-1.57%,17094991829.00,United States,2002,1311977,Consumer Discretionary,Other Specialty Stores
DLB,Dolby Laboratories Common Stock,$60.33,-1.18,-1.918%,5763916918.00,United States,2005,1527517,Miscellaneous,Multi-Sector Companies
DLHC,DLH Holdings Corp.,$5.62,-0.08,-1.404%,81450857.00,United States,,5762,Consumer Discretionary,Professional Services
DLNG,Dynagas LNG Partners LP Common Units,$4.29,0.00,0.00%,157347685.00,Greece,,120238,Consumer Discretionary,Marine Transportation
DLNG^A,Dynagas LNG Partners LP 9.00% Series A Cumulative Redeemable Preferred Units,$26.93,0.08,0.298%,,Greece,,2607,,
DLO,DLocal Limited Class A Common Shares,$12.14,-0.39,-3.113%,3580473946.00,Uruguay,2021,1791000,Real Estate,Real Estate
DLPN,Dolphin Entertainment Inc. Common Stock,$1.52,-0.07,-4.403%,18426081.00,United States,,12219,Consumer Discretionary,Other Consumer Services
DLR,Digital Realty Trust Inc. Common Stock,$173.30,-6.55,-3.642%,59548556445.00,United States,2004,3062694,Real Estate,Real Estate Investment Trusts
DLR^J,Digital Realty Trust Inc. 5.250% Series J Cumulative Redeemable Preferred Stock,$20.08,-0.1943,-0.958%,,United States,,8634,,
DLR^K,Digital Realty Trust Inc. 5.850% Series K Cumulative Redeemable Preferred Stock par value $0.01 per share,$22.50,-0.27,-1.186%,,United States,,9308,,
DLR^L,Digital Realty Trust Inc. 5.200% Series L Cumulative Redeemable Preferred Stock,$19.92,-0.11,-0.549%,,United States,,25354,,
DLTH,Duluth Holdings Inc. Class B Common Stock,$3.05,-0.09,-2.866%,112014886.00,United States,2015,1040432,Consumer Discretionary,Clothing/Shoe/Accessory Stores
DLTR,Dollar Tree Inc. Common Stock,$105.92,0.36,0.341%,20897827145.00,United States,1995,4671363,Consumer Discretionary,Department/Specialty Retail Stores
DLX,Deluxe Corporation Common Stock,$25.96,-0.26,-0.992%,1175795091.00,United States,,994819,Consumer Discretionary,Publishing
DLXY,Delixy Holdings Limited Class A Ordinary Shares,$0.7127,0.005,0.707%,11652645.00,Singapore,2025,201758,Energy,Oil Refining/Marketing
DLY,DoubleLine Yield Opportunities Fund Common Shares of Beneficial Interest,$13.55,-0.24,-1.74%,649665305.00,United States,2020,446207,Finance,Investment Managers
DMA,Destra Multi-Alternative Fund Common Stock,$8.04,-0.17,-2.071%,0.00,,2022,10707,Finance,Trusts Except Educational Religious and Charitable
DMAA,Drugs Made In America Acquisition Corp. Ordinary Shares,$10.52,0.05,0.478%,0.00,United States,2025,12014,,
DMAAR,Drugs Made In America Acquisition Corp. Rights,$0.0452,-0.0038,-7.755%,0.00,United States,2025,4810,Finance,Blank Checks
DMAC,DiaMedica Therapeutics Inc. Common Stock,$6.76,-0.26,-3.704%,352043488.00,United States,2018,285736,Health Care,Biotechnology: Pharmaceutical Preparations
DMB,BNY Mellon Municipal Bond Infrastructure Fund Inc. Common Stock,$10.61,-0.19,-1.759%,0.00,,2013,28549,Finance,Trusts Except Educational Religious and Charitable
DMII,Drugs Made In America Acquisition II Corp. Ordinary Shares,$9.97,0.01,0.10%,0.00,United States,2025,73659,Finance,Blank Checks
DMIIR,Drugs Made In America Acquisition II Corp. Right,$0.08,0.00,0.00%,0.00,United States,2025,10700,Finance,Blank Checks
DMIIU,Drugs Made In America Acquisition II Corp. Unit,$10.03,0.01,0.10%,0.00,United States,2025,8206,,
DMLP,Dorchester Minerals L.P. Common Units Representing Limited Partnership Interests,$27.57,0.32,1.174%,1330402757.00,United States,,227437,Energy,Oil & Gas Production
DMO,Western Asset Mortgage Opportunity Fund Inc. Common Stock,$10.77,-0.21,-1.913%,0.00,United States,2010,55374,Finance,Trusts Except Educational Religious and Charitable
DMRA,Damora Therapeutics Inc. Common Stock,$18.14,-1.06,-5.521%,1092619727.00,Denmark,2020,967509,Health Care,Biotechnology: Pharmaceutical Preparations
DMRC,Digimarc Corporation Common Stock,$5.33,-0.24,-4.309%,117757220.00,United States,,338335,Technology,EDP Services
DNA,Ginkgo Bioworks Holdings Inc. Class A Common Stock,$6.71,-0.20,-2.894%,415512402.00,United States,2021,1489302,Health Care,Biotechnology: Biological Products (No Diagnostic Substances)
DNLI,Denali Therapeutics Inc. Common Stock,$20.17,0.42,2.127%,3198790373.00,United States,2017,3892070,Health Care,Biotechnology: Biological Products (No Diagnostic Substances)
DNMX,Dynamix Corporation III Class A Ordinary Shares,$9.9111,0.0011,0.011%,0.00,United States,2025,1000,Finance,Blank Checks
DNMXU,Dynamix Corporation III Unit,$10.08,0.00,0.00%,0.00,United States,2025,20808,Finance,Blank Checks
DNMXW,Dynamix Corporation III Warrants,$0.31,-0.0209,-6.316%,0.00,United States,2025,8750,Finance,Blank Checks
DNN,Denison Mines Corp Ordinary Shares (Canada),$3.33,-0.19,-5.398%,3006869967.00,Canada,,78008489,Basic Materials,Other Metals and Minerals
DNOW,DNOW Inc. Common Stock,$11.55,-0.25,-2.119%,2152297975.00,United States,2014,4250193,Consumer Discretionary,Oil and Gas Field Machinery
DNP,DNP Select Income Fund Inc. Common Stock,$9.91,-0.28,-2.748%,0.00,United States,1987,1272870,Finance,Investment Managers
DNTH,Dianthus Therapeutics Inc. Common Stock,$77.76,-2.24,-2.80%,3458072269.00,United States,2018,2415378,Health Care,Biotechnology: Pharmaceutical Preparations
DNUT,Krispy Kreme Inc. Common Stock,$3.49,-0.27,-7.181%,600978000.00,United States,2021,2157944,Consumer Staples,Food Chains
DOC,Healthpeak Properties Inc. Common Stock,$17.05,-0.68,-3.835%,11854126053.00,United States,,13752758,Real Estate,Real Estate Investment Trusts
DOCN,DigitalOcean Holdings Inc. Common Stock,$82.65,-2.70,-3.163%,7603477169.00,United States,2021,4382868,Technology,Computer Software: Programming Data Processing
DOCS,Doximity Inc. Class A Common Stock,$24.41,-0.39,-1.573%,4508745665.00,United States,2021,5112769,Technology,EDP Services
DOCU,DocuSign Inc. Common Stock,$47.23,-0.52,-1.089%,9182831039.00,United States,1989,8082891,Technology,Computer Software: Prepackaged Software
DOGZ,Dogness (International) Corporation Class A Common Stock,$1.49,0.01,0.676%,21620880.00,China,2017,77932,Consumer Discretionary,Miscellaneous manufacturing industries
DOLE,Dole plc Ordinary Shares,$14.25,0.01,0.07%,1356096191.00,Ireland,2021,3196088,Consumer Staples,Farming/Seeds/Milling
DOMH,Dominari Holdings Inc. Common Stock,$2.86,-0.08,-2.721%,46396164.00,United States,,81887,Health Care,Biotechnology: Pharmaceutical Preparations
DOMO,Domo Inc. Class B Common Stock,$3.57,-0.27,-7.031%,149220616.00,United States,2018,3032289,Technology,Computer Software: Prepackaged Software
DOO,BRP Inc. Common Subordinate Voting Shares,$61.62,-0.34,-0.549%,4520094862.00,Canada,,529244,Consumer Discretionary,Industrial Specialties
DORM,Dorman Products Inc. Common Stock,$101.98,-0.42,-0.41%,3078088855.00,United States,,723147,Consumer Discretionary,Auto Parts:O.E.M.
DOUG,Douglas Elliman Inc. Common Stock,$1.72,0.10,6.173%,151734000.00,United States,2021,2237146,Finance,Real Estate
DOV,Dover Corporation Common Stock,$209.37,-2.12,-1.002%,28237025486.00,United States,,1922927,Industrials,Industrial Machinery/Components
DOW,Dow Inc. Common Stock ,$36.65,-0.84,-2.241%,26374050020.00,United States,2019,15449255,Industrials,Major Chemicals
DOX,Amdocs Limited Ordinary Shares,$64.83,0.49,0.762%,6998368613.00,Guernsey,,1957596,Technology,EDP Services
DOYU,DouYu International Holdings Limited ADS,$4.85,-0.10,-2.02%,146367466.00,China,2019,21478,Technology,Computer Software: Programming Data Processing
DPG,Duff & Phelps Utility and Infrastructure Fund Inc.,$14.00,-0.40,-2.778%,0.00,United States,2011,101614,Finance,Trusts Except Educational Religious and Charitable
DPRO,Draganfly Inc. Common Shares,$5.66,-0.88,-13.456%,131657328.00,Canada,,2844715,Industrials,Aerospace
DPZ,Domino's Pizza Inc Common Stock,$373.35,-1.95,-0.52%,12555348695.00,United States,2004,1262152,Consumer Discretionary,Food Distributors
DQ,DAQO New Energy Corp. American Depositary Shares each representing five ordinary shares,$20.74,-0.51,-2.40%,1390756269.00,China,2010,1541429,Technology,Semiconductors
DRCT,Direct Digital Holdings Inc. Class A Common Stock,$0.819,-0.0554,-6.336%,1946010.00,United States,2022,110555,Consumer Discretionary,Advertising
DRD,DRDGOLD Limited American Depositary Shares,$26.14,-0.48,-1.803%,2260034888.00,South Africa,,681044,Basic Materials,Precious Metals
DRDB,Roman DBDR Acquisition Corp. II Ordinary shares,$10.48,0.01,0.096%,0.00,United States,2025,137544,,
DRDBU,Roman DBDR Acquisition Corp. II Unit,$10.53,0.02,0.19%,0.00,United States,2024,2084,,
DRDBW,Roman DBDR Acquisition Corp. II Warrants,$0.34,-0.0199,-5.529%,0.00,United States,2025,5100,,
DRH,Diamondrock Hospitality Company Common Stock,$9.21,-0.29,-3.053%,1884823866.00,United States,2005,3550497,Real Estate,Real Estate Investment Trusts
DRI,Darden Restaurants Inc. Common Stock,$203.05,-1.37,-0.67%,23379024509.00,United States,,5472454,Consumer Discretionary,Restaurants
DRIO,DarioHealth Corp. Common Stock,$7.99,-0.25,-3.034%,54077790.00,Israel,,26820,Health Care,Medical/Dental Instruments
DRMA,Dermata Therapeutics Inc. Common Stock,$1.46,0.25,20.661%,4139601.00,United States,2021,39386850,Health Care,Biotechnology: Pharmaceutical Preparations
DRMAW,Dermata Therapeutics Inc. Warrant,$0.023,0.0064,38.554%,65213.00,United States,2021,67097,Health Care,Biotechnology: Pharmaceutical Preparations
DRS,Leonardo DRS Inc. Common Stock,$43.82,-1.66,-3.65%,11649380177.00,Israel,,1371228,Industrials,Industrial Machinery/Components
DRTS,Alpha Tau Medical Ltd. Ordinary Shares,$7.07,-0.25,-3.415%,622228841.00,Israel,,179762,Health Care,Medical/Dental Instruments
DRTSW,Alpha Tau Medical Ltd. Warrant,$1.03,0.0194,1.92%,90650029.00,Israel,,1066,Health Care,Medical/Dental Instruments
DRUG,Bright Minds Biosciences Inc. Common Stock,$71.62,-0.66,-0.913%,700956471.00,Canada,,295741,Health Care,Biotechnology: Pharmaceutical Preparations
DRVN,Driven Brands Holdings Inc. Common Stock,$10.75,0.28,2.674%,1767882844.00,United States,2021,2795408,Consumer Discretionary,Automotive Aftermarket
DSAC,Daedalus Special Acquisition Corp. Class A Ordinary Shares,$9.96,0.00,0.00%,0.00,Cayman Islands,2026,257,Finance,Blank Checks
DSACU,Daedalus Special Acquisition Corp. Unit,$10.08,0.03,0.299%,0.00,Cayman Islands,2025,300,Finance,Blank Checks
DSGN,Design Therapeutics Inc. Common Stock,$10.31,0.05,0.487%,635841196.00,United States,2021,394353,Health Care,Biotechnology: Pharmaceutical Preparations
DSGR,Distribution Solutions Group Inc. Common Stock,$26.06,-0.87,-3.231%,1203614796.00,United States,,234741,Consumer Discretionary,Industrial Specialties
DSGX,Descartes Systems Group Inc. (The) Common Stock,$72.56,-0.01,-0.014%,6241922700.00,Canada,,635806,Technology,Computer Software: Prepackaged Software
DSL,DoubleLine Income Solutions Fund Common Shares of Beneficial Interests,$10.60,-0.20,-1.852%,1081166377.00,United States,2013,852254,Finance,Trusts Except Educational Religious and Charitable
DSM,BNY Mellon Strategic Municipal Bond Fund Inc. Common Stock,$5.94,-0.07,-1.165%,0.00,United States,1989,92805,Finance,Investment Managers
DSP,Viant Technology Inc. Class A Common Stock,$11.38,-0.23,-1.981%,720956856.00,United States,2021,143964,Technology,Computer Software: Programming Data Processing
DSS,DSS Inc. Common Stock,$0.9975,0.0667,7.166%,9069787.00,United States,,76609,Consumer Discretionary,Containers/Packaging
DSU,Blackrock Debt Strategies Fund Inc. Common Stock,$9.66,-0.10,-1.025%,0.00,United States,1998,230367,Finance,Finance Companies
DSWL,Deswell Industries Inc. Common Shares,$3.17,-0.13,-3.939%,50514708.00,Macau,1995,4732,Industrials,Plastic Products
DSX,Diana Shipping inc. common stock,$2.31,-0.14,-5.714%,285376839.00,Greece,2005,867441,Consumer Discretionary,Marine Transportation
DSX^B,Diana Shipping Inc. Perpetual Preferred Shares Series B (Marshall Islands),$26.86,-0.20,-0.739%,,Greece,,12972,,
DSY,Big Tree Cloud Holdings Limited Class A Ordinary Shares,$2.87,0.11,3.986%,13637873.00,China,,25155,Consumer Discretionary,Containers/Packaging
DSYWW,Big Tree Cloud Holdings Limited Warrants,$0.0219,-0.0001,-0.455%,104066.00,China,,862,Consumer Discretionary,Containers/Packaging
DT,Dynatrace Inc. Common Stock,$38.05,-1.01,-2.586%,11348454888.00,United States,2019,27371167,Technology,Computer Software: Prepackaged Software
DTB,DTE Energy Company 2020 Series G 4.375% Junior Subordinated Debentures due 2080,$16.90,-0.26,-1.515%,3515675177.00,United States,2020,11805,Utilities,Electric Utilities: Central
DTCK,Davis Commodities Limited Class A Ordinary Shares,$1.35,-0.10,-6.897%,1847521.00,Singapore,2023,213779,Industrials,Farming/Seeds/Milling
DTCX,Datacentrex Inc. Common Stock,$3.17,-0.015,-0.471%,102197487.00,United States,,1454393,Technology,EDP Services
DTE,DTE Energy Company Common Stock,$141.57,-5.57,-3.786%,29450540524.00,United States,,2498617,Utilities,Electric Utilities: Central
DTF,DTF Tax-Free Income 2028 Term Fund Inc. Common Stock,$11.38,-0.029,-0.254%,79996472.00,United States,1991,16961,Finance,Investment Managers
DTG,DTE Energy Company 2021 Series E 4.375% Junior Subordinated Debentures,$16.71,-0.15,-0.89%,3476149835.00,United States,2021,29079,Utilities,Electric Utilities: Central
DTI,Drilling Tools International Corporation Common Stock,$3.76,0.00,0.00%,132307858.00,United States,2021,427273,Consumer Discretionary,Oil and Gas Field Machinery
DTIL,Precision BioSciences Inc. Common Stock,$6.52,-0.20,-2.976%,161218051.00,United States,2019,548758,Health Care,Biotechnology: Biological Products (No Diagnostic Substances)
DTK,DTE Energy Company 2025 Series H 6.25% Junior Subordinated Debentures due 2085,$24.17,-0.32,-1.307%,0.00,United States,2025,42160,Utilities,Electric Utilities: Central
DTM,DT Midstream Inc. Common Stock ,$131.93,-6.31,-4.565%,13420113669.00,United States,2021,2316921,Utilities,Natural Gas Distribution
DTSQ,DT Cloud Star Acquisition Corporation Ordinary Shares,$11.10,0.00,0.00%,0.00,United States,2024,654,,
DTSQR,DT Cloud Star Acquisition Corporation Right,$0.1405,0.00,0.00%,0.00,United States,2024,2,,
DTSS,Datasea Inc. Common Stock,$0.84,-0.0207,-2.405%,8775609.00,China,,17059,Technology,Computer Software: Prepackaged Software
DTST,Data Storage Corporation Common Stock,$3.71,-0.29,-7.25%,27818908.00,United States,,27232,Technology,EDP Services
DTSTW,Data Storage Corporation Warrant,$0.072,0.004,5.882%,539882.00,United States,,107333,Technology,EDP Services
DTW,DTE Energy Company 2017 Series E 5.25% Junior Subordinated Debentures due 2077,$21.26,-0.39,-1.801%,4422677767.00,United States,2017,16802,Utilities,Electric Utilities: Central
DUK,Duke Energy Corporation (Holding Company) Common Stock,$126.81,-2.93,-2.258%,98673096026.00,United States,,7641725,Utilities,Power Generation
DUK^A,Duke Energy Corporation Depositary Shares each representing a 1/1000th interest in a share of 5.75% Series A Cumulative Redeemable Perpetual Preferred Stock,$24.73,-0.24,-0.961%,,United States,,129268,,
DUKB,Duke Energy Corporation 5.625% Junior Subordinated Debentures due 2078,$23.80,-0.32,-1.327%,18519199475.00,United States,2018,33571,Utilities,Power Generation
DUO,Fangdd Network Group Ltd. Class A Ordinary Shares,$1.04,-0.05,-4.587%,4053721.00,China,2019,53961,Finance,Real Estate
DUOL,Duolingo Inc. Class A Common Stock,$98.05,-1.555,-1.561%,4603476033.00,United States,2021,2027500,Technology,Computer Software: Prepackaged Software
DUOT,Duos Technologies Group Inc. Common Stock,$7.31,-0.24,-3.179%,152604978.00,United States,,758655,Technology,Computer Software: Prepackaged Software
DV,DoubleVerify Holdings Inc. Common Stock,$10.05,0.01,0.10%,1627979109.00,United States,2021,4585876,Technology,Computer Software: Programming Data Processing
DVA,DaVita Inc. Common Stock,$149.31,-0.45,-0.30%,9973908000.00,United States,,2285947,Health Care,Misc Health and Biotechnology Services
DVLT,Datavault AI Inc. Common Stock,$0.68,-0.1169,-14.669%,417729622.00,United States,2018,60654947,Technology,Semiconductors
DVN,Devon Energy Corporation Common Stock,$48.66,-0.13,-0.266%,30169200000.00,United States,1985,56055995,Energy,Oil & Gas Production
DVS,Dolly Varden Silver Corporation Common Shares,$2.85,-0.10,-3.39%,262198492.00,,2025,1740271,,
DWSN,Dawson Geophysical Company Common Stock,$2.41,-0.55,-18.581%,74825200.00,United States,,517641,Energy,Oil & Gas Production
DWTX,Dogwood Therapeutics Inc. Common Stock,$3.00,0.285,10.497%,100204659.00,United States,2020,336685,Health Care,Biotechnology: Pharmaceutical Preparations
DX,Dynex Capital Inc. Common Stock,$12.39,-0.58,-4.472%,2502572604.00,United States,,24307229,Real Estate,Real Estate Investment Trusts
DX^C,Dynex Capital Inc. 6.900% Series C Fixed-to-Floating Rate Cumulative Redeemable Preferred Stock,$25.69,-0.1463,-0.566%,,United States,,23411,,
DXC,DXC Technology Company Common Stock ,$11.90,-0.08,-0.668%,2020143560.00,United States,,4659779,Technology,EDP Services
DXCM,DexCom Inc. Common Stock,$66.95,-0.32,-0.476%,25766701172.00,United States,2005,8047066,Health Care,Medical/Dental Instruments
DXF,Eason Technology Limited American Depositary Shares (each representing sixty-thousand (60000) Ordinary Shares),$0.805,-0.091,-10.156%,1117296.00,,,28889,Finance,Finance: Consumer Services
DXLG,Destination XL Group Inc. Common Stock,$0.5121,-0.0078,-1.50%,27989550.00,United States,,271061,Consumer Discretionary,Clothing/Shoe/Accessory Stores
DXPE,DXP Enterprises Inc. Common Stock,$128.58,-2.58,-1.967%,1995846148.00,United States,,441603,Industrials,Industrial Machinery/Components
DXR,Daxor Corporation Common Stock,$10.94,-0.18,-1.619%,55122722.00,United States,,33979,Health Care,Medical/Dental Instruments
DXST,Decent Holding Inc Class A Ordinary Shares,$3.21,-0.71,-18.112%,5826481.00,China,2025,70120,Industrials,Miscellaneous
DXYZ,Destiny Tech100 Inc. Common Stock,$24.36,-0.64,-2.56%,0.00,,2024,774560,,
DY,Dycom Industries Inc. Common Stock,$336.38,-19.22,-5.405%,10081331137.00,United States,,1294869,Industrials,Water Sewer Pipeline Comm & Power Line Construction
DYAI,Dyadic International Inc. Common Stock,$0.94,0.1417,17.75%,34016530.00,United States,,356425,Health Care,Biotechnology: Biological Products (No Diagnostic Substances)
DYN,Dyne Therapeutics Inc. Common Stock,$17.56,-0.24,-1.348%,2897876210.00,United States,2020,5064572,Health Care,Biotechnology: Pharmaceutical Preparations
DYOR,Insight Digital Partners II Class A Ordinary Shares,$9.9471,-0.0129,-0.13%,0.00,United States,2025,199,Finance,Blank Checks
DYORU,Insight Digital Partners II Units,$10.13,-0.03,-0.295%,0.00,United States,2025,20607,Finance,Blank Checks
DYORW,Insight Digital Partners II Warrants,$0.29,-0.012,-3.974%,0.00,United States,2025,280,Finance,Blank Checks
E,ENI S.p.A. Common Stock,$54.54,-0.19,-0.347%,89568056644.00,Italy,,1326392,Energy,Oil & Gas Production
EA,Electronic Arts Inc. Common Stock,$200.51,-0.18,-0.09%,50178371994.00,United States,,5139327,Consumer Discretionary,Services-Misc. Amusement & Recreation
EAD,Allspring Income Opportunities Fund Common Shares,$6.46,-0.09,-1.374%,0.00,United States,2003,148028,Finance,Finance/Investors Services
EAF,GrafTech International Ltd. Common Stock,$5.82,-0.33,-5.366%,150273040.00,United States,2018,618562,Energy,Industrial Machinery/Components
EAI,Entergy Arkansas LLC First Mortgage Bonds 4.875% Series Due September 1 2066,$20.11,-0.32,-1.566%,9109625622.00,United States,2016,18607,Utilities,Electric Utilities: Central
EARN,Ellington Credit Company Common Shares of Beneficial Interest,$4.34,-0.09,-2.032%,163006906.00,United States,2013,453480,Real Estate,Real Estate Investment Trusts
EAT,Brinker International Inc. Common Stock,$143.40,-1.36,-0.939%,6245117035.00,United States,,1928417,Consumer Discretionary,Restaurants
EBAY,eBay Inc. Common Stock,$88.98,-1.76,-1.94%,39863040000.00,United States,1998,10698580,Real Estate,Real Estate
EBC,Eastern Bankshares Inc. Common Stock,$18.72,-0.10,-0.531%,4392419092.00,United States,2020,4046899,Finance,Savings Institutions
EBF,Ennis Inc. Common Stock,$20.44,-0.01,-0.049%,516986181.00,United States,,711501,Consumer Discretionary,Office Equipment/Supplies/Services
EBMT,Eagle Bancorp Montana Inc. Common Stock,$20.34,-0.225,-1.094%,162016867.00,United States,2010,134712,Finance,Major Banks
EBON,Ebang International Holdings Inc. Class A Ordinary Shares,$2.33,-0.095,-3.918%,15247376.00,China,2020,722,Technology,Semiconductors
EBS,Emergent BioSolutions Inc. Common Stock,$8.19,0.11,1.361%,424003319.00,United States,2006,2027475,Health Care,Biotechnology: Pharmaceutical Preparations
EC,Ecopetrol S.A. American Depositary Shares,$14.83,0.19,1.298%,30488029120.00,Colombia,,5290752,Energy,Oil & Gas Production
ECAT,BlackRock ESG Capital Allocation Term Trust Common Shares of Beneficial Interest,$13.45,-0.37,-2.677%,1454415750.00,United States,2021,870062,Finance,Trusts Except Educational Religious and Charitable
ECBK,ECB Bancorp Inc. Common Stock,$15.93,-0.48,-2.925%,140134458.00,United States,2022,60542,Finance,Banks
ECC           ,Eagle Point Credit Company Inc. Common Stock,$3.65,0.01,0.275%,221418213.00,United States,2014,1504215,Finance,Trusts Except Educational Religious and Charitable
ECC^D,Eagle Point Credit Company Inc. 6.75% Series D Preferred Stock,$18.13,-0.07,-0.385%,,United States,,7889,,
ECCC,Eagle Point Credit Company Inc. 6.50% Series C Term Preferred Stock due 2031,$24.55,-0.07,-0.284%,1489264964.00,United States,,14620,Finance,Trusts Except Educational Religious and Charitable
ECCU,Eagle Point Credit Company Inc. 7.75% Notes due 2030,$24.755,-0.135,-0.542%,0.00,United States,2024,7520,,
ECCV,Eagle Point Credit Company Inc. 5.375% Notes due 2029,$23.60,-0.037,-0.157%,1431635566.00,United States,2022,3874,Finance,Trusts Except Educational Religious and Charitable
ECCW,Eagle Point Credit Company Inc. 6.75% Notes due 2031,$24.98,-0.0744,-0.297%,1515349850.00,United States,2021,11001,Finance,Trusts Except Educational Religious and Charitable
ECCX,Eagle Point Credit Company Inc. 6.6875% Notes due 2028,$24.99,-0.045,-0.18%,1515956475.00,United States,2022,2136,Finance,Trusts Except Educational Religious and Charitable
ECF,Ellsworth Growth and Income Fund Ltd.,$10.97,-0.32,-2.834%,0.00,United States,1986,53566,Finance,Finance/Investors Services
ECF^A,Ellsworth Growth and Income Fund Ltd. 5.25% Series A Cumulative Preferred Shares (Liquidation Preference $25.00 per share),$21.23,-0.2899,-1.347%,,United States,,3418,,
ECG,Everus Construction Group Inc. Common Stock,$110.95,-6.56,-5.583%,5659195473.00,United States,2024,1251867,Consumer Discretionary,Homebuilding
ECL,Ecolab Inc. Common Stock,$256.48,-2.22,-0.858%,72319524023.00,United States,,2877646,Consumer Discretionary,Package Goods/Cosmetics
ECO,Okeanis Eco Tankers Corp. Common Stock,$46.12,-1.03,-2.185%,1800739489.00,,,364254,Consumer Discretionary,Marine Transportation
ECOR,electroCore Inc. Common Stock,$6.25,-0.305,-4.653%,49974394.00,United States,2018,187000,Health Care,Biotechnology: Electromedical & Electrotherapeutic Apparatus
ECPG,Encore Capital Group Inc Common Stock,$68.02,-1.12,-1.62%,1456326769.00,United States,,643192,Finance,Finance Companies
ECVT,Ecovyst Inc. Common Stock,$11.65,-0.11,-0.935%,1288328042.00,United States,2017,5596364,Industrials,Major Chemicals
ECX,ECARX Holdings Inc. Class A Ordinary shares,$1.00,-0.05,-4.762%,345730026.00,China,,1210167,Technology,EDP Services
ECXWW,ECARX Holdings Inc. Warrants,$0.059,0.00,0.00%,20398072.00,China,,1,Technology,EDP Services
ED,Consolidated Edison Inc. Common Stock,$109.45,-2.24,-2.006%,39538532089.00,United States,,4149956,Utilities,Power Generation
EDAP,EDAP TMS S.A. American Depositary Shares,$3.61,-0.19,-5.00%,134985430.00,France,1997,36256,Health Care,Biotechnology: Electromedical & Electrotherapeutic Apparatus
EDBL,Edible Garden AG Incorporated Common Stock,$1.815,-0.34,-15.777%,930489.00,United States,2022,64768,Consumer Staples,Farming/Seeds/Milling
EDBLW,Edible Garden AG Incorporated Warrant,$0.0731,-0.0498,-40.521%,37476.00,United States,2022,10540,Consumer Staples,Farming/Seeds/Milling
EDD,Morgan Stanley Emerging Markets Domestic Debt Fund Inc. Common Stock,$5.41,-0.14,-2.523%,0.00,United States,2007,295049,Finance,Finance Companies
EDF,Virtus Stone Harbor Emerging Markets Income Fund Common Shares of Beneficial Interest,$5.00,-0.08,-1.575%,0.00,United States,2010,132560,Finance,Investment Managers
EDHL,Everbright Digital Holding Limited Ordinary Shares,$2.83,0.05,1.799%,4715488.00,Hong Kong,2025,15466,Consumer Discretionary,Advertising
EDIT,Editas Medicine Inc. Common Stock,$2.34,-0.01,-0.426%,229020478.00,United States,2016,1779729,Health Care,Biotechnology: Biological Products (No Diagnostic Substances)
EDN,Empresa Distribuidora Y Comercializadora Norte S.A. (Edenor) American Depositary Shares,$27.76,-1.09,-3.778%,1258159679.00,Argentina,2007,169220,Utilities,Electric Utilities: Central
EDRY,EuroDry Ltd. Common Shares ,$19.35,0.88,4.764%,54696587.00,Greece,,25594,Consumer Discretionary,Marine Transportation
EDSA,Edesa Biotech Inc. Common Shares,$7.35,0.12,1.66%,61358983.00,United States,,2468239,Health Care,Biotechnology: Pharmaceutical Preparations
EDTK,Skillful Craftsman Education Technology Limited Ordinary Share,$1.03,0.02,1.98%,16407335.00,China,2020,3905,Real Estate,Other Consumer Services
EDU,New Oriental Education & Technology Group Inc. Sponsored ADR representing 10 Ordinary Share (Cayman Islands),$54.98,-1.89,-3.323%,21874582953.00,China,2006,743532,Real Estate,Other Consumer Services
EDUC,Educational Development Corporation Common Stock,$1.26,-0.0922,-6.819%,10724319.00,United States,,54141,Consumer Discretionary,Consumer Specialties
EE,Excelerate Energy Inc. Class A Common Stock,$32.99,-1.92,-5.50%,3763067031.00,United States,2022,896951,Utilities,Oil/Gas Transmission
EEA,The European Equity Fund Inc. Common Stock,$9.65,-0.35,-3.50%,0.00,United States,,233258,Finance,Trusts Except Educational Religious and Charitable
EEFT,Euronet Worldwide Inc. Common Stock,$66.53,-0.76,-1.129%,2616669542.00,United States,1997,922055,Finance,Investment Bankers/Brokers/Service
EEIQ,EpicQuest Education Group International Limited Common Stock,$1.91,-0.32,-14.35%,2825805.00,United States,2021,16297,Real Estate,Other Consumer Services
EEX,Emerald Holding Inc. Common Stock,$4.47,-0.04,-0.887%,884652238.00,United States,2017,102087,Real Estate,Real Estate
EFC,Ellington Financial Inc. Common Stock ,$11.30,-0.45,-3.83%,1408533960.00,United States,2010,10727922,Finance,Real Estate
EFC^B,Ellington Financial Inc. 6.250% Series B Fixed-Rate Reset Cumulative Redeemable Preferred Stock,$24.13,-0.25,-1.025%,,United States,,16131,,
EFC^C,Ellington Financial Inc. 8.625% Series C Fixed-Rate Reset Cumulative Redeemable Preferred Stock,$25.345,-0.255,-0.996%,,United States,,2642,,
EFC^D,Ellington Financial Inc. 7.00% Series D Cumulative Perpetual Redeemable Preferred Stock,$23.5778,-1.4223,-5.689%,,United States,,4295,,
EFOI,Energy Focus Inc. Common Stock,$1.83,0.01,0.549%,10503129.00,United States,,32535,Consumer Discretionary,Building Products
EFR,Eaton Vance Senior Floating-Rate Fund Common Shares of Beneficial Interest,$10.49,0.15,1.451%,0.00,United States,2003,490323,Finance,Trusts Except Educational Religious and Charitable
EFSC,Enterprise Financial Services Corporation Common Stock,$52.95,-0.18,-0.339%,1949407835.00,United States,,1029233,Finance,Major Banks
EFSCP,Enterprise Financial Services Corporation Depositary Shares Each Representing a 1/40th Interest in a Share of 5% Fixed Rate Non-Cumulative Perpetual Preferred Stock Series A,$19.25,-0.87,-4.324%,708708231.00,United States,,3674,Finance,Major Banks
EFSI,Eagle Financial Services Inc Common Stock,$32.01,-0.315,-0.974%,173250156.00,United States,,31502,Finance,Major Banks
EFT,Eaton Vance Floating Rate Income Trust Common Shares of Beneficial Interest,$10.81,0.10,0.934%,314467386.00,United States,2004,207992,Finance,Finance Companies
EFX,Equifax Inc. Common Stock,$178.02,-3.48,-1.917%,21475370958.00,United States,,2865793,Finance,Finance: Consumer Services
EFXT,Enerflex Ltd Common Shares,$21.35,-0.28,-1.294%,2600467982.00,Canada,2022,1447763,Industrials,Industrial Machinery/Components
EG,Everest Group Ltd. Common Stock,$316.02,0.06,0.019%,12764095519.00,Bermuda,,679003,Finance,Property-Casualty Insurers
EGAN,eGain Corporation Common Stock,$8.19,-0.31,-3.647%,224292241.00,United States,1999,171830,Technology,Computer Software: Prepackaged Software
EGBN,Eagle Bancorp Inc. Common Stock,$24.33,0.31,1.291%,738742666.00,United States,,322775,Finance,Major Banks
EGO,Eldorado Gold Corporation Ordinary Shares,$31.40,-0.95,-2.937%,6237453220.00,Canada,,3725058,Basic Materials,Precious Metals
EGP,EastGroup Properties Inc. Common Stock,$183.09,-4.06,-2.169%,9764959777.00,United States,,628317,Real Estate,Real Estate Investment Trusts
EGY,VAALCO Energy Inc.  Common Stock,$6.25,0.11,1.792%,651614081.00,United States,,4089085,Energy,Oil & Gas Production
EH,EHang Holdings Limited ADS,$9.95,-0.92,-8.464%,716249337.00,China,2019,1028720,Industrials,Aerospace
EHAB,Enhabit Inc. Common Stock,$13.62,0.00,0.00%,690850597.00,United States,2022,2143864,Health Care,Medical/Nursing Services
EHC,Encompass Health Corporation Common Stock,$95.86,-2.03,-2.074%,9530033289.00,United States,,1514032,Health Care,Hospital/Nursing Management
EHGO,Eshallgo Inc. Class A Ordinary Shares,$0.2015,-0.0015,-0.739%,5983374.00,China,2024,19018,Consumer Discretionary,Diversified Commercial Services
EHI,Western Asset Global High Income Fund Inc Common Stock,$6.07,-0.10,-1.621%,0.00,United States,2003,48950,Finance,Investment Managers
EHLD,Euroholdings Ltd. Common Stock ,$7.21,-0.07,-0.962%,20307794.00,Greece,,6725,Consumer Discretionary,Marine Transportation
EHTH,eHealth Inc. Common Stock,$1.48,-0.01,-0.671%,45988043.00,United States,2006,626903,Finance,Specialty Insurers
EIC,Eagle Point Income Company Inc. Common Stock,$9.55,-0.01,-0.105%,85072431.00,United States,2019,82234,Finance,Finance/Investors Services
EICA,Eagle Point Income Company Inc. 5.00% Series A Term Preferred Stock due 2026,$24.97,0.01,0.04%,222435457.00,United States,2021,3798,Finance,Finance/Investors Services
EICC,Eagle Point Income Company Inc. 8.00% Series C Term Preferred Stock due 2029,$24.95,0.01,0.04%,0.00,United States,,31803,,
EIG,Employers Holdings Inc Common Stock,$39.09,0.22,0.566%,761551263.00,United States,2007,580416,Finance,Property-Casualty Insurers
EIIA,Eagle Point Institutional Income Fund 8.125% Series A Term Preferred Shares Due 2029,$24.99,-0.01,-0.04%,0.00,,2024,7711,,
EIKN,Eikon Therapeutics Inc. Common Stock,$11.82,0.84,7.65%,638094863.00,United States,2026,1630182,Health Care,Biotechnology: Biological Products (No Diagnostic Substances)
EIM,Eaton Vance Municipal Bond Fund Common Shares of Beneficial Interest $.01 par value,$9.73,-0.12,-1.218%,0.00,United States,2002,132366,Finance,Finance/Investors Services
EIX,Edison International Common Stock,$69.75,-2.14,-2.977%,26847190082.00,United States,,8379295,Utilities,Electric Utilities: Central
EJH,E-Home Household Service Holdings Limited Ordinary Shares,$0.1027,0.0023,2.291%,8216396.00,China,2021,3381514,Consumer Discretionary,Other Consumer Services
EKSO,Ekso Bionics Holdings Inc. Common Stock,$10.54,0.14,1.346%,37558036.00,United States,,47604,Industrials,Industrial Machinery/Components
EL,Estee Lauder Companies Inc. (The) Common Stock,$85.92,0.32,0.374%,31079587535.00,United States,1995,5638613,Consumer Discretionary,Package Goods/Cosmetics
ELA,Envela Corporation Common Stock,$16.52,1.29,8.47%,428916624.00,United States,,324911,Consumer Discretionary,Consumer Specialties
ELAB,PMGC Holdings Inc. Common Stock,$3.52,-0.27,-7.124%,1905943.00,United States,2023,42032,Health Care,Biotechnology: Pharmaceutical Preparations
ELAN,Elanco Animal Health Incorporated Common Stock,$23.98,-1.14,-4.538%,11922090486.00,United States,2018,9322870,Health Care,Biotechnology: Pharmaceutical Preparations
ELBM,Electra Battery Materials Corporation Common Stock,$0.545,-0.029,-5.052%,51040470.00,Canada,,1254135,Miscellaneous,Industrial Machinery/Components
ELC,Entergy Louisiana Inc. Collateral Trust Mortgage Bonds 4.875 % Series due September 1 2066,$20.06,-0.212,-1.046%,4277545293.00,United States,2016,19355,Utilities,Electric Utilities: Central
ELDN,Eledon Pharmaceuticals Inc. Common Stock,$2.88,0.03,1.053%,172604771.00,United States,2014,4027023,Health Care,Biotechnology: Pharmaceutical Preparations
ELE,Elemental Royalty Corporation Common Stock,$17.12,-1.23,-6.703%,1091743992.00,Canada,,2017252,Basic Materials,Precious Metals
ELF,e.l.f. Beauty Inc. Common Stock,$72.50,-0.90,-1.226%,4281287328.00,United States,2016,2013597,Consumer Discretionary,Package Goods/Cosmetics
ELLO,Ellomay Capital Ltd Ordinary Shares (Israel),$25.34,0.00,0.00%,325684504.00,Israel,,12,Utilities,Electric Utilities: Central
ELMD,Electromed Inc. Common Stock,$23.28,-0.21,-0.894%,192649287.00,United States,2011,49641,Health Care,Biotechnology: Electromedical & Electrotherapeutic Apparatus
ELME,Elme Communities Common Stock,$2.02,0.00,0.00%,179492924.00,United States,2000,3127849,Real Estate,Real Estate Investment Trusts
ELOG,Eastern International Ltd. Ordinary Shares,$1.05,0.00,0.00%,12617850.00,China,2025,3151,Industrials,Integrated Freight & Logistics
ELPC,Companhia Paranaense de Energia (COPEL) American Depositary Shares (each representing four (4) Common Shares),$11.18,-0.71,-5.971%,3627137183.00,Brazil,2023,468221,Utilities,Electric Utilities: Central
ELPW,Elong Power Holding Limited Class A Ordinary Shares,$2.24,-0.18,-7.438%,3174662.00,China,,170143,Miscellaneous,Industrial Machinery/Components
ELS,Equity Lifestyle Properties Inc. Common Stock,$64.22,-1.00,-1.533%,12454028610.00,United States,,2427689,Real Estate,Real Estate Investment Trusts
ELSE,Electro-Sensors Inc. Common Stock,$4.47,-0.08,-1.758%,15557929.00,United States,,6234,Industrials,Industrial Machinery/Components
ELTK,Eltek Ltd. Ordinary Shares,$8.975,-0.065,-0.719%,60258509.00,Israel,1997,225,Technology,Electrical Products
ELTX,Elicio Therapeutics Inc. Common Stock,$10.85,-1.13,-9.432%,199597403.00,United States,2021,198794,Health Care,Biotechnology: Pharmaceutical Preparations
ELUT,Elutia Inc. Class A Common Stock,$1.10,0.05,4.762%,47063333.00,United States,2020,156898,Health Care,Biotechnology: Biological Products (No Diagnostic Substances)
ELV,Elevance Health Inc. Common Stock,$291.48,0.33,0.113%,64330996337.00,United States,,2452339,Health Care,Medical Specialities
ELVA,Electrovaya Inc. Common Shares,$7.24,-0.41,-5.359%,347525886.00,Canada,,251108,,
ELVN,Enliven Therapeutics Inc. Common Stock,$29.03,-1.02,-3.394%,1736005786.00,United States,2020,862451,Health Care,Biotechnology: Pharmaceutical Preparations
ELVR,Elevra Lithium Limited American Depository Shares,$43.87,0.29,0.665%,50640439596.00,Australia,,127251,Industrials,Mining & Quarrying of Nonmetallic Minerals (No Fuels)
ELWT,Elauwit Connection Inc. Common Stock,$6.67,0.11,1.677%,44154039.00,United States,2025,45087,Consumer Discretionary,Telecommunications Equipment
EM,Smart Share Global Limited American Depositary Shares,$1.12,-0.01,-0.885%,283997567.00,China,2021,120732,Consumer Discretionary,Other Consumer Services
EMA,Emera Incorporated Common Shares,$51.27,-1.01,-1.932%,15534810000.00,,2025,1351371,Utilities,Electric Utilities: Central
EMAT,Evolution Metals & Technologies Corp. Common Stock,$6.82,-0.30,-4.213%,0.00,United States,,37504,,
EMBC,Embecta Corp. Common Stock,$8.89,-0.23,-2.522%,526464502.00,United States,,2137722,Health Care,Medical/Dental Instruments
EMBJ,Embraer S.A. Common Stock,$54.60,-3.46,-5.959%,10013177811.00,Brazil,,2192750,Industrials,Aerospace
EMD,Western Asset Emerging Markets Debt Fund Inc Common Stock,$10.03,-0.24,-2.337%,0.00,United States,,170758,Finance,Finance/Investors Services
EME,EMCOR Group Inc. Common Stock,$724.93,-26.40,-3.514%,32282993070.00,United States,,919722,Industrials,Engineering & Construction
EMF,Templeton Emerging Markets Fund Common Stock,$17.48,-0.66,-3.638%,0.00,United States,1987,70399,Finance,Finance/Investors Services
EMIS,Emmis Acquisition Corp. Class A Ordinary Shares,$10.03,0.01,0.10%,0.00,United States,2025,11117,Health Care,Biotechnology: Pharmaceutical Preparations
EML,Eastern Company (The) Common Stock,$20.33,-0.02,-0.098%,122829123.00,United States,,22989,Consumer Discretionary,Industrial Machinery/Components
EMN,Eastman Chemical Company Common Stock,$65.33,-3.43,-4.988%,7453977524.00,United States,,5098360,Industrials,Major Chemicals
EMO,ClearBridge Energy Midstream Opportunity Fund Inc. Common Stock,$53.34,0.13,0.244%,0.00,United States,2011,59016,Finance,Investment Managers
EMP,Entergy Mississippi LLC First Mortgage Bonds 4.90% Series Due October 1 2066,$20.39,-0.25,-1.211%,9236462776.00,United States,2016,13055,Utilities,Electric Utilities: Central
EMPD,Empery Digital Inc. Common stock,$4.27,-0.26,-5.74%,0.00,United States,2021,463391,,
EMR,Emerson Electric Company Common Stock,$128.15,-1.75,-1.347%,72020300000.00,United States,,3352357,Technology,Consumer Electronics/Appliances
ENB,Enbridge Inc Common Stock,$53.46,-0.61,-1.128%,116667727146.00,Canada,,6690938,Energy,Natural Gas Distribution
ENGN,enGene Holdings Inc. Common Stock,$7.21,-0.005,-0.069%,482994050.00,Canada,,193065,Health Care,Biotechnology: Biological Products (No Diagnostic Substances)
ENGNW,enGene Holdings Inc. Warrants,$2.31,-0.19,-7.60%,154745666.00,Canada,,400,Health Care,Biotechnology: Biological Products (No Diagnostic Substances)
ENGS,Energys Group Limited Ordinary Shares,$1.03,-0.12,-10.435%,32191018.00,United Kingdom,2025,169628,Industrials,Engineering & Construction
ENIC,Enel Chile S.A. American Depositary Shares (Each representing 50 shares of Common Stock),$3.91,-0.22,-5.327%,5408824773.00,Chile,2016,822222,Utilities,Electric Utilities: Central
ENJ,Entergy New Orleans LLC First Mortgage Bonds 5.0% Series due December 1 2052,$20.4357,0.00,0.00%,9257164412.00,United States,,145,Utilities,Power Generation
ENLT,Enlight Renewable Energy Ltd. Ordinary Shares,$71.47,-5.37,-6.989%,9426676946.00,Israel,2023,204002,Utilities,Electric Utilities: Central
ENLV,Enlivex Ltd. Ordinary Shares,$1.02,-0.06,-5.556%,242129128.00,Israel,2014,240227,Health Care,Biotechnology: Pharmaceutical Preparations
ENO,Entergy New Orleans LLC First Mortgage Bonds 5.50% Series due April 1 2066,$22.18,-0.1099,-0.493%,4742768164.00,United States,2016,2892,Utilities,Power Generation
ENOV,Enovis Corporation Common Stock,$21.85,-0.72,-3.19%,1250806112.00,United States,,1577164,Health Care,Industrial Specialties
ENPH,Enphase Energy Inc. Common Stock,$44.11,-0.53,-1.187%,5782768906.00,United States,2012,6993539,Technology,Semiconductors
ENR,Energizer Holdings Inc. Common Stock,$16.71,-0.15,-0.89%,1144112996.00,United States,2015,1582894,Miscellaneous,Industrial Machinery/Components
ENS,EnerSys Common Stock,$165.34,-3.24,-1.922%,6093006177.00,United States,2004,987334,Technology,Industrial Machinery/Components
ENSC,Ensysce Biosciences Inc. Common Stock,$0.5841,0.0091,1.583%,2121631.00,United States,,583753,Health Care,Biotechnology: Pharmaceutical Preparations
ENSG,The Ensign Group Inc. Common Stock,$200.08,-2.41,-1.19%,11627205022.00,United States,2007,673062,Health Care,Hospital/Nursing Management
ENTA,Enanta Pharmaceuticals Inc. Common Stock,$12.51,-0.49,-3.769%,363031993.00,United States,2013,199671,Health Care,Biotechnology: Pharmaceutical Preparations
ENTG,Entegris Inc. Common Stock,$114.66,-1.20,-1.036%,17428320000.00,United States,2000,3584124,Industrials,Plastic Products
ENTX,Entera Bio Ltd. Ordinary Shares,$1.11,-0.08,-6.723%,50901539.00,Israel,2018,149485,Health Care,Biotechnology: Biological Products (No Diagnostic Substances)
ENVA,Enova International Inc. Common Stock,$134.99,-1.98,-1.446%,3376142962.00,United States,2014,485510,Finance,Finance: Consumer Services
ENVB,Enveric Biosciences Inc. Common Stock,$2.04,0.08,4.082%,2836283.00,United States,,58440,Health Care,Biotechnology: Pharmaceutical Preparations
ENVX,Enovix Corporation Common Stock,$4.86,-0.22,-4.331%,1055710788.00,United States,2021,7995109,Miscellaneous,Industrial Machinery/Components
EOD,Allspring Global Dividend Opportunity Fund Common Shares of Beneficial Interest,$5.68,-0.17,-2.906%,0.00,United States,2007,94772,Finance,Investment Managers
EOG,EOG Resources Inc. Common Stock,$138.73,-0.09,-0.065%,74427464824.00,United States,,15686913,Energy,Oil & Gas Production
EOI,Eaton Vance Enhance Equity Income Fund Eaton Vance Enhanced Equity Income Fund Shares of Beneficial Interest,$18.75,-0.36,-1.884%,0.00,United States,2004,75279,Finance,Finance/Investors Services
EOLS,Evolus Inc. Common Stock,$4.64,-0.22,-4.527%,301878354.00,United States,2018,1596876,Health Care,Biotechnology: Pharmaceutical Preparations
EONR,EON Resources Inc. Class A Common Stock,$1.03,-0.03,-2.83%,51467394.00,,2022,23347858,Energy,Oil & Gas Production
EOS,Eaton Vance Enhance Equity Income Fund II Common Stock,$20.20,-0.45,-2.179%,0.00,,2005,146867,Finance,Trusts Except Educational Religious and Charitable
EOSE,Eos Energy Enterprises Inc. Class A Common Stock,$5.19,-0.33,-5.978%,1761663804.00,United States,,16365989,Miscellaneous,Industrial Machinery/Components
EOT,Eaton Vance Municipal Income Trust EATON VANCE NATIONAL MUNICIPAL OPPORTUNITIES TRUST,$17.50,-0.21,-1.186%,273436118.00,United States,2009,22430,Finance,Investment Bankers/Brokers/Service
EP,Empire Petroleum Corporation Common Stock,$3.27,0.13,4.14%,115852202.00,United States,2022,204863,Energy,Oil & Gas Production
EP^C,El Paso Corporation Preferred Stock,$50.75,0.01,0.02%,,United States,,4423,,
EPAC,Enerpac Tool Group Corp. Common Stock,$35.97,-0.28,-0.772%,1898363691.00,United States,,741188,Technology,Industrial Machinery/Components
EPAM,EPAM Systems Inc. Common Stock,$137.43,1.76,1.297%,7440455940.00,United States,2012,2491228,Technology,EDP Services
EPC,Edgewell Personal Care Company Common Stock,$19.43,-0.24,-1.22%,907703635.00,United States,,1589569,Consumer Discretionary,Package Goods/Cosmetics
EPD,Enterprise Products Partners L.P. Common Stock,$37.56,0.11,0.294%,81195731253.00,United States,,4580611,Utilities,Natural Gas Distribution
EPM,Evolution Petroleum Corporation Inc. Common Stock,$4.62,0.02,0.435%,161717759.00,United States,,600062,Energy,Oil & Gas Production
EPOW,E-Power Inc. Class A Ordinary Shares,$0.739,0.009,1.233%,19943356.00,China,2021,66113,Real Estate,Real Estate
EPR,EPR Properties Common Stock,$50.46,-3.02,-5.647%,3861199755.00,United States,1997,2131196,Real Estate,Real Estate Investment Trusts
EPR^C,EPR Properties 5.75% Series C Cumulative Convertible Preferred Shares,$22.88,-1.42,-5.844%,,United States,,25504,,
EPR^E,EPR Properties Series E Cumulative Conv Pfd Shs Ser E,$30.56,-0.9001,-2.861%,,United States,,887,,
EPR^G,EPR Properties 5.750% Series G Cumulative Redeemable Preferred Shares,$19.79,-0.56,-2.752%,,United States,,4061,,
EPRT,Essential Properties Realty Trust Inc. Common Stock,$31.71,-0.86,-2.64%,6655289029.00,United States,2018,5709717,Real Estate,Real Estate Investment Trusts
EPRX,Eupraxia Pharmaceuticals Inc. Common Stock,$7.10,-0.50,-6.579%,436672578.00,Canada,,258182,Health Care,Pharmaceuticals and Biotechnology
EPSM,Epsium Enterprise Limited Class A Ordinary Shares,$1.58,-0.12,-7.059%,21232094.00,Macau,2025,50502,Consumer Staples,Beverages (Production/Distribution)
EPSN,Epsilon Energy Ltd. Common Share,$6.04,0.01,0.166%,180556329.00,United States,,762939,Energy,Oil & Gas Production
EQ,Equillium Inc. Common Stock,$2.13,-0.01,-0.467%,129702693.00,United States,2018,660975,Health Care,Biotechnology: Pharmaceutical Preparations
EQBK,Equity Bancshares Inc. Class A Common Stock,$42.91,-0.94,-2.144%,900772684.00,United States,,398603,Finance,Major Banks
EQH,Equitable Holdings Inc. Common Stock,$37.35,0.11,0.295%,10470991861.00,United States,2018,7135885,Finance,Specialty Insurers
EQH^A,Equitable Holdings Inc. Depositary Shares,$19.94,-0.11,-0.549%,,United States,,40899,,
EQH^C,Equitable Holdings Inc. Depositary Shares each representing a 1/1000th interest in a share of Fixed Rate Noncumulative Perpetual Preferred Stock Series C,$16.00,-0.11,-0.683%,,United States,,32220,,
EQIX,Equinix Inc. Common Stock REIT,$959.16,-15.60,-1.60%,94242196740.00,United States,2000,1817863,Real Estate,Real Estate Investment Trusts
EQNR,Equinor ASA,$41.60,1.09,2.691%,122500898790.00,Norway,,13531819,Energy,Integrated oil Companies
EQPT,EquipmentShare.com Inc Class A Common Stock,$21.80,-0.94,-4.134%,5477967089.00,United States,2026,5375311,Consumer Discretionary,Diversified Commercial Services
EQR,Equity Residential Common Shares of Beneficial Interest,$57.98,-1.33,-2.242%,21890181322.00,United States,,4113239,Real Estate,Real Estate Investment Trusts
EQS,Equus Total Return Inc. Common Stock,$1.66,-0.105,-5.949%,23184715.00,United States,,16883,Finance,Finance/Investors Services
EQT,EQT Corporation Common Stock,$64.67,-0.01,-0.015%,40410222355.00,United States,,15129320,Energy,Oil & Gas Production
EQX,Equinox Gold Corp. Common Shares,$11.99,-0.42,-3.384%,9451500209.00,Canada,,19063186,Basic Materials,Precious Metals
ERAS,Erasca Inc. Common Stock,$14.60,-0.66,-4.325%,4537673386.00,United States,2021,17307151,Health Care,Biotechnology: Pharmaceutical Preparations
ERC,Allspring Multi-Sector Income Fund Common Stock,$8.81,-0.12,-1.344%,0.00,United States,2003,51656,Finance,Finance/Investors Services
ERH,Allspring Utilities and High Income Fund Common Shares,$11.71,-0.48,-3.938%,0.00,,2004,49361,Finance,Finance/Investors Services
ERIC,Ericsson American Depositary Shares,$11.18,-0.40,-3.454%,37691712397.00,Sweden,,14268257,Technology,Radio And Television Broadcasting And Communications Equipment
ERIE,Erie Indemnity Company Class A Common Stock,$240.37,-0.56,-0.232%,11103077296.00,United States,,1472724,Finance,Specialty Insurers
ERII,Energy Recovery Inc. Common Stock,$9.46,-0.27,-2.775%,499759180.00,United States,2008,1899103,Technology,Industrial Machinery/Components
ERNA,Ernexa Therapeutics Inc. Common Stock,$0.2657,-0.0043,-1.593%,7746332.00,United States,,1816526,Health Care,Biotechnology: Pharmaceutical Preparations
ERNAW,Ernexa Therapeutics Inc. Warrants,$0.0351,-0.0099,-22.00%,1023321.00,United States,,1222,,
ERO,Ero Copper Corp. Common Shares,$23.59,-0.54,-2.238%,2459881833.00,Canada,2021,1367935,Basic Materials,Metal Mining
ES,Eversource Energy (D/B/A) Common Stock,$66.67,-2.95,-4.237%,25034359055.00,United States,,7240538,Utilities,Electric Utilities: Central
ESAB,ESAB Corporation Common Stock,$94.21,-4.13,-4.20%,5721251675.00,United States,2022,1340227,Industrials,Industrial Machinery/Components
ESCA,Escalade Incorporated Common Stock,$17.55,-0.16,-0.903%,240370258.00,United States,,69371,Consumer Discretionary,Recreational Games/Products/Toys
ESE,ESCO Technologies Inc. Common Stock,$260.95,-5.66,-2.123%,6757499094.00,United States,,590296,Telecommunications,Telecommunications Equipment
ESEA,Euroseas Ltd. Common Stock (Marshall Islands),$65.50,-4.87,-6.921%,458933086.00,Greece,,79388,Consumer Discretionary,Marine Transportation
ESHA,ESH Acquisition Corp. Class A Common Stock,$12.05,0.06,0.50%,0.00,United States,2023,4836,Finance,Blank Checks
ESI,Element Solutions Inc. Common Stock,$31.04,-0.76,-2.39%,7560673971.00,United States,2014,3324647,Industrials,Major Chemicals
ESLA,Estrella Immunopharma Inc. Common Stock,$1.04,-0.06,-5.455%,44371837.00,United States,2021,134237,Health Care,Biotechnology: Biological Products (No Diagnostic Substances)
ESLAW,Estrella Immunopharma Inc. Warrant,$0.0898,-0.0262,-22.586%,3831337.00,United States,2021,400,Health Care,Biotechnology: Biological Products (No Diagnostic Substances)
ESLT,Elbit Systems Ltd. Ordinary Shares,$920.75,-35.30,-3.692%,42823100060.00,Israel,,231233,Industrials,Military/Government/Technical
ESNT,Essent Group Ltd. Common Shares,$57.16,-0.71,-1.227%,5404069020.00,Bermuda,2013,1864904,Finance,Property-Casualty Insurers
ESOA,Energy Services of America Corporation Common Stock,$13.32,0.05,0.377%,221898399.00,United States,,208039,Industrials,Water Sewer Pipeline Comm & Power Line Construction
ESP,Espey Mfg. & Electronics Corp. Common Stock,$53.51,-2.72,-4.837%,158327689.00,United States,1960,18398,Technology,Industrial Machinery/Components
ESPR,Esperion Therapeutics Inc. Common Stock,$2.55,-0.05,-1.923%,654866729.00,United States,2013,5716544,Health Care,Biotechnology: Pharmaceutical Preparations
ESQ,Esquire Financial Holdings Inc. Common Stock,$105.47,-0.68,-0.641%,910924245.00,United States,2017,139855,Finance,Commercial Banks
ESRT,Empire State Realty Trust Inc. Class A Common Stock,$5.08,-0.08,-1.55%,869898662.00,United States,2013,2227476,Real Estate,Real Estate Investment Trusts
ESS,Essex Property Trust Inc. Common Stock,$240.19,-6.09,-2.473%,15486371786.00,United States,1994,879081,Real Estate,Real Estate Investment Trusts
ESTA,Establishment Labs Holdings Inc. Common Shares,$62.65,-2.88,-4.395%,1836951002.00,Costa Rica,2018,506897,Health Care,Industrial Specialties
ESTC,Elastic N.V. Ordinary Shares,$53.31,-1.84,-3.336%,5517638736.00,United States,2018,7821327,Technology,Computer Software: Prepackaged Software
ET,Energy Transfer LP Common Units ,$19.01,0.05,0.264%,65400380071.00,United States,,17403355,Utilities,Natural Gas Distribution
ET^I,Energy Transfer L.P. Series I Fixed Rate Perpetual Preferred Units,$11.52,-0.30,-2.538%,,United States,,121813,,
ETB,Eaton Vance Tax-Managed Buy-Write Income Fund Eaton Vance Tax-Managed Buy-Write Income Fund Common Shares of Beneficial Interest,$14.41,-0.12,-0.826%,423241845.00,United States,2005,60964,Finance,Investment Bankers/Brokers/Service
ETD,Ethan Allen Interiors Inc. Common Stock,$21.90,-0.28,-1.262%,557274824.00,United States,,1038734,Consumer Discretionary,Home Furnishings
ETG,Eaton Vance Tax-Advantaged Global Dividend Income Fund Common Shares of Beneficial Interest,$20.04,-0.57,-2.766%,0.00,United States,2004,247059,Finance,Investment Managers
ETHB,iShares Staked Ethereum Trust ETF Shares of Fractional Undivided Beneficial Interest,$27.45,-0.11,-0.399%,0.00,United States,,315263,,
ETHM,Dynamix Corporation Class A Ordinary Shares,$10.46,0.01,0.096%,0.00,United States,2024,38674,,
ETHMW,Dynamix Corporation Warrant,$0.80,-0.02,-2.439%,0.00,United States,2024,6638,,
ETI^,Entergy Texas Inc 5.375% Series A Preferred Stock Cumulative No Par Value,$23.68,0.06,0.254%,,United States,,1160,,
ETJ,Eaton Vance Risk-Managed Diversified Equity Income Fund Common Shares of Beneficial Interest,$8.09,-0.13,-1.582%,0.00,United States,2007,212187,Finance,Finance Companies
ETN,Eaton Corporation PLC Ordinary Shares,$356.80,-3.43,-0.952%,138433169312.00,Ireland,,4218016,Technology,Industrial Machinery/Components
ETO,Eaton Vance Tax-Advantage Global Dividend Opp Common Stock,$26.71,-0.69,-2.518%,437727166.00,United States,2004,49754,Finance,Investment Managers
ETON,Eton Pharmaceuticals Inc. Common Stock,$22.32,1.55,7.463%,598567381.00,United States,2018,896455,Health Care,Biotechnology: Pharmaceutical Preparations
ETOR,eToro Group Ltd. Class A Common Shares,$29.43,0.05,0.17%,2370478580.00,Israel,2025,1330677,Finance,Investment Bankers/Brokers/Service
ETR,Entergy Corporation Common Stock,$99.90,-4.04,-3.887%,45253684716.00,United States,,5883876,Utilities,Electric Utilities: Central
ETS,Elite Express Holding Inc. Class A Common Stock,$0.63,0.03,5.00%,10531503.00,United States,2025,193964,Industrials,Trucking Freight/Courier Services
ETSY,Etsy Inc. Common Stock,$52.84,-1.92,-3.506%,5085700991.00,United States,2025,3372112,Real Estate,Real Estate
ETV,Eaton Vance Corporation Eaton Vance Tax-Managed Buy-Write Opportunities Fund Common Shares of Beneficial Interest,$13.68,-0.24,-1.724%,1494791014.00,United States,2005,152377,Finance,Investment Bankers/Brokers/Service
ETW,Eaton Vance Corporation Eaton Vance Tax-Managed Global Buy-Write Opportunites Fund Common Shares of Beneficial Interest,$8.66,-0.17,-1.925%,949116827.00,United States,2005,389387,Finance,Investment Managers
ETX           ,Eaton Vance Municipal Income 2028 Term Trust Common Shares of Beneficial Interest,$18.94,-0.06,-0.316%,206161067.00,,2013,14531,Finance,Investment Managers
ETY,Eaton Vance Tax-Managed Diversified Equity Income Fund Common Shares of Beneficial Interest,$13.62,-0.31,-2.225%,0.00,United States,2006,245025,Finance,Finance Companies
EU,enCore Energy Corp. Common Shares,$1.72,-0.10,-5.495%,322069198.00,United States,,5958022,Basic Materials,Other Metals and Minerals
EUDA,EUDA Health Holdings Limited Ordinary Shares,$0.3661,-0.0325,-8.154%,18417572.00,Singapore,2021,206097,Health Care,Medical/Nursing Services
EUDAW,EUDA Health Holdings Limited Warrant,$0.0235,-0.0063,-21.141%,1182226.00,Singapore,2021,885,Health Care,Medical/Nursing Services
EURK,Eureka Acquisition Corp Class A Ordinary Share,$11.16,0.00,0.00%,0.00,United States,2024,49,,
EURKR,Eureka Acquisition Corp Right,$0.3897,0.00,0.00%,0.00,United States,2024,4,,
EVAC,EQV Ventures Acquisition Corp. II Class A Ordinary Shares,$10.07,-0.01,-0.099%,0.00,,2025,20715,Industrials,Fluid Controls
EVAX,Evaxion A/S American Depositary Share,$3.91,-0.09,-2.25%,32610241.00,Denmark,2021,21472,Health Care,Biotechnology: Biological Products (No Diagnostic Substances)
EVC,Entravision Communications Corporation Common Stock,$3.00,-0.04,-1.316%,275890260.00,United States,2000,434443,Industrials,Broadcasting
EVCM,EverCommerce Inc. Common Stock,$10.35,-0.08,-0.767%,1837817094.00,United States,2021,246143,Technology,Computer Software: Prepackaged Software
EVER,EverQuote Inc. Class A Common Stock,$15.34,-0.34,-2.168%,552695337.00,United States,2018,1250585,Technology,Computer Software: Programming Data Processing
EVEX,Eve Holding Inc. Common Stock,$2.40,-0.03,-1.235%,835931002.00,,2022,2240039,Industrials,Aerospace
EVF,Eaton Vance Senior Income Trust Common Stock,$4.99,0.05,1.012%,87518901.00,United States,1998,189952,Finance,Investment Bankers/Brokers/Service
EVG,Eaton Vance Short Diversified Income Fund Eaton Vance Short Duration Diversified Income Fund Common Shares of Beneficial Interest,$10.47,-0.08,-0.758%,0.00,United States,2005,41780,Finance,Investment Managers
EVGN,Evogene Ltd Ordinary Shares,$0.846,-0.0008,-0.094%,5511342.00,Israel,,87488,Industrials,Agricultural Chemicals
EVGO,EVgo Inc. Class A Common Stock,$1.94,-0.11,-5.366%,607382054.00,United States,,6810558,Technology,EDP Services
EVGOW,EVgo Inc. Warrants,$0.0254,-0.0024,-8.633%,7952322.00,United States,,39840,Technology,EDP Services
EVH,Evolent Health Inc Class A Common Stock,$2.58,-0.16,-5.839%,288026912.00,United States,2015,4445333,Consumer Discretionary,Other Consumer Services
EVI,EVI Industries Inc.  Common Stock,$20.56,-0.01,-0.049%,264445783.00,United States,1999,168076,Consumer Discretionary,Other Consumer Services
EVLV,Evolv Technologies Holdings Inc. Class A Common Stock,$5.59,0.095,1.729%,1002570631.00,United States,2020,3937533,Technology,Computer peripheral equipment
EVLVW,Evolv Technologies Holdings Inc. Warrant,$0.0899,0.0059,7.024%,16123631.00,United States,2020,38373,Technology,Computer peripheral equipment
EVMN,Evommune Inc. Common Stock,$23.33,-0.23,-0.976%,840308619.00,,2025,1500443,Health Care,Biotechnology: Pharmaceutical Preparations
EVN,Eaton Vance Municipal Income Trust Common Stock,$10.55,-0.18,-1.678%,418488570.00,United States,1999,95006,Finance,Investment Managers
EVO,Evotec SE American Depositary Shares,$2.43,-0.02,-0.816%,215524041.00,Germany,2021,95090,Health Care,Biotechnology: Pharmaceutical Preparations
EVOX,Evolution Global Acquisition Corp Class A Ordinary Shares,$9.97,-0.01,-0.10%,0.00,United States,2025,55380,Finance,Blank Checks
EVOXU,Evolution Global Acquisition Corp Units,$10.235,0.00,0.00%,0.00,United States,2025,1,Finance,Blank Checks
EVOXW,Evolution Global Acquisition Corp Warrants,$0.4085,-0.0015,-0.366%,0.00,United States,2025,200,Finance,Blank Checks
EVR,Evercore Inc. Class A Common Stock,$274.87,-0.02,-0.007%,10886349492.00,United States,2006,793641,Finance,Investment Managers
EVRG,Evergy Inc. Common Stock,$78.70,-2.36,-2.911%,18123160818.00,United States,,3789761,Utilities,Power Generation
EVT,Eaton Vance Tax Advantaged Dividend Income Fund Common Shares of Beneficial Interest,$24.22,-0.45,-1.824%,0.00,United States,2003,101726,Finance,Finance Companies
EVTC,Evertec Inc. Common Stock,$27.86,-0.45,-1.59%,1720597466.00,Puerto Rico,2013,1018389,Technology,EDP Services
EVTL,Vertical Aerospace Ltd. Ordinary Shares,$3.59,-0.12,-3.235%,358236382.00,,2021,605852,Industrials,Aerospace
EVTV,Envirotech Vehicles Inc. Common Stock,$1.76,-0.25,-12.438%,8499946.00,United States,,1200195,Consumer Discretionary,Auto Parts:O.E.M.
EVV,Eaton Vance Limited Duration Income Fund Common Shares of Beneficial Interest,$9.19,-0.10,-1.076%,0.00,United States,2003,567746,Finance,Finance/Investors Services
EW,Edwards Lifesciences Corporation Common Stock,$82.50,0.04,0.049%,47916000000.00,United States,,4358820,Health Care,Industrial Specialties
EWBC,East West Bancorp Inc. Common Stock,$103.53,-1.89,-1.793%,14248075543.00,United States,,5583827,Finance,Major Banks
EWCZ,European Wax Center Inc. Class A Common Stock,$5.77,0.00,0.00%,314678929.00,United States,2021,687405,Consumer Discretionary,Other Consumer Services
EWTX,Edgewise Therapeutics Inc. Common Stock,$29.06,-0.99,-3.295%,3117281340.00,United States,2021,1004175,Health Care,Biotechnology: Pharmaceutical Preparations
EXAS,Exact Sciences Corporation Common Stock,$104.91,0.99,0.953%,20026082216.00,United States,2001,21561877,Health Care,Medical Specialities
EXC,Exelon Corporation Common Stock,$46.44,-1.57,-3.27%,47516251226.00,United States,,15401589,Utilities,Power Generation
EXE,Expand Energy Corporation Common Stock,$107.32,-0.63,-0.584%,25799541263.00,United States,,9768874,Energy,Oil & Gas Production
EXEL,Exelixis Inc. Common Stock,$41.27,0.01,0.024%,10718177595.00,United States,2000,6698560,Health Care,Biotechnology: Biological Products (No Diagnostic Substances)
EXFY,Expensify Inc. Class A Common Stock,$0.8347,0.0204,2.505%,77717188.00,United States,2021,1740935,Technology,Computer Software: Prepackaged Software
EXG,Eaton Vance Tax-Managed Global Diversified Equity Income Fund Common Shares of Beneficial Interest,$8.57,-0.20,-2.281%,0.00,United States,2007,799589,Finance,Finance Companies
EXK,Endeavour Silver Corporation Ordinary Shares (Canada),$8.24,-0.45,-5.178%,2434183468.00,Canada,,27902567,Basic Materials,Precious Metals
EXLS,ExlService Holdings Inc. Common Stock,$30.92,0.17,0.553%,4835384251.00,United States,2006,3700947,Real Estate,Real Estate
EXOD,Exodus Movement Inc. Class A Common Stock,$7.38,-0.35,-4.528%,220024530.00,United States,,205842,Finance,Finance: Consumer Services
EXOZ,eXoZymes Inc. Common Stock,$7.21,-0.17,-2.304%,60565860.00,United States,2024,7795,Health Care,Biotechnology: Biological Products (No Diagnostic Substances)
EXP,Eagle Materials Inc Common Stock,$173.07,-3.92,-2.215%,5439960124.00,United States,,665327,Industrials,Building Materials
EXPD,Expeditors International of Washington Inc. Common Stock,$146.35,-0.89,-0.604%,19538263275.00,United States,,1702345,Industrials,Integrated Freight & Logistics
EXPE,Expedia Group Inc. Common Stock,$235.18,-4.23,-1.767%,28817751432.00,United States,,4863556,Consumer Discretionary,Transportation Services
EXPI,eXp World Holdings Inc. Common Stock,$5.91,-0.29,-4.677%,956788197.00,United States,,3261392,Finance,Real Estate
EXPO,Exponent Inc. Common Stock,$66.76,1.61,2.471%,3288219672.00,United States,,1160346,Consumer Discretionary,Professional Services
EXR,Extra Space Storage Inc Common Stock,$130.26,-5.73,-4.214%,27502793155.00,United States,2004,2102720,Real Estate,Real Estate Investment Trusts
EXTR,Extreme Networks Inc. Common Stock,$14.71,-0.32,-2.129%,1975104933.00,United States,1999,3543119,Telecommunications,Computer Communications Equipment
EYE,National Vision Holdings Inc. Common Stock,$26.57,-1.87,-6.575%,2110646005.00,United States,2017,1922939,Health Care,Ophthalmic Goods
EYPT,EyePoint Inc. Common Stock,$13.23,-0.56,-4.061%,1103804699.00,United States,,1034695,Industrials,Biotechnology: Laboratory Analytical Instruments
EZGO,EZGO Technologies Ltd. Ordinary Shares,$1.23,-0.05,-3.906%,1088236.00,China,2021,13221,Consumer Discretionary,Motor Vehicles
EZPW,EZCORP Inc. Class A Non Voting Common Stock,$25.44,-0.36,-1.395%,1569577379.00,United States,1991,1320687,Consumer Discretionary,Other Specialty Stores
EZRA,Reliance Global Group Inc. Common Stock,$0.1822,0.0081,4.652%,3872299.00,United States,,1628362,Finance,Specialty Insurers
F,Ford Motor Company Common Stock,$11.52,-0.12,-1.031%,45958754592.00,United States,,147625908,Industrials,Auto Manufacturing
F^B,Ford Motor Company 6.20% Notes due June 1 2059,$20.715,-0.335,-1.591%,,United States,,36326,,
F^C,Ford Motor Company 6% Notes due December 1 2059,$20.30,-0.42,-2.027%,,United States,,22028,,
F^D,Ford Motor Company 6.500% Notes due August 15 2062,$21.74,-0.4538,-2.045%,,United States,,30462,,
FA,First Advantage Corporation Common Stock,$10.69,-0.28,-2.552%,1863471361.00,United States,2021,2278393,Technology,EDP Services
FACT,FACT II Acquisition Corp. Class A Ordinary Shares,$10.485,0.005,0.048%,0.00,United States,2024,5544,,
FACTU,FACT II Acquisition Corp. Unit,$10.67,-0.04,-0.373%,0.00,United States,2024,1600,Finance,Blank Checks
FACTW,FACT II Acquisition Corp. Warrant,$0.34,-0.06,-15.00%,0.00,United States,2024,40588,Finance,Blank Checks
FAF,First American Corporation (New) Common Stock,$56.85,-1.39,-2.387%,5793015000.00,United States,,3012242,Finance,Specialty Insurers
FAMI,Farmmi Inc. Class A Ordinary Shares,$1.26,0.0143,1.148%,17407162.00,China,2018,986,Consumer Staples,Packaged Foods
FANG,Diamondback Energy Inc. Common Stock,$192.54,2.23,1.172%,54162253869.00,United States,2012,4605135,Energy,Oil & Gas Production
FARM,Farmer Brothers Company Common Stock,$1.24,-0.01,-0.80%,26941675.00,United States,,177887,Consumer Staples,Packaged Foods
FAST,Fastenal Company Common Stock,$43.76,-0.73,-1.641%,50245777425.00,United States,1987,30102315,Consumer Discretionary,RETAIL: Building Materials
FATE,Fate Therapeutics Inc. Common Stock,$1.10,0.02,1.852%,127889805.00,United States,2013,3467927,Health Care,Biotechnology: Biological Products (No Diagnostic Substances)
FATN,FatPipe Inc. Common Stock,$1.72,-0.10,-5.495%,23950085.00,United States,2025,31362,Technology,Computer Software: Prepackaged Software
FAX,abrdn Asia-Pacific Income Fund Inc. Common Stock,$14.72,-0.23,-1.538%,0.00,United States,1986,160981,Finance,Investment Managers
FBGL,FBS Global Limited Ordinary Shares,$0.7078,-0.0521,-6.856%,9555300.00,Singapore,2025,1024517,Consumer Discretionary,Miscellaneous manufacturing industries
FBIN,Fortune Brands Innovations Inc. Common Stock,$38.68,-2.22,-5.428%,4641150422.00,United States,,4450835,Basic Materials,Forest Products
FBIO,Fortress Biotech Inc. Common Stock,$2.99,-0.15,-4.777%,94597432.00,United States,,324732,Health Care,Biotechnology: Pharmaceutical Preparations
FBIOP,Fortress Biotech Inc. 9.375% Series A Cumulative Redeemable Perpetual Preferred Stock,$13.30,-0.25,-1.845%,420784562.00,United States,,9795,Health Care,Biotechnology: Pharmaceutical Preparations
FBIZ,First Business Financial Services Inc. Common Stock,$51.69,-0.51,-0.977%,431240728.00,United States,,76949,Finance,Major Banks
FBK,FB Financial Corporation Common Stock,$50.92,-0.20,-0.391%,2635494802.00,United States,2016,883334,Finance,Major Banks
FBLA,FB Bancorp Inc. Common Stock,$13.31,0.10,0.757%,264037125.00,United States,2024,475785,Finance,Banks
FBLG,FibroBiologics Inc. Common Stock,$0.254,-0.0019,-0.742%,17169059.00,United States,,967489,Health Care,Biotechnology: Pharmaceutical Preparations
FBNC,First Bancorp Common Stock,$52.71,-0.34,-0.641%,2186266322.00,United States,1987,600292,Finance,Major Banks
FBP,First BanCorp. New Common Stock,$20.57,-0.02,-0.097%,3220543346.00,Puerto Rico,,3926852,Finance,Major Banks
FBRT,Franklin BSP Realty Trust Inc. Common Stock,$8.83,-0.30,-3.286%,714927952.00,United States,2021,3066591,Real Estate,Real Estate Investment Trusts
FBRT^E,Franklin BSP Realty Trust Inc. 7.50% Series E Cumulative Redeemable Preferred Stock,$19.85,-0.57,-2.791%,,United States,,25299,,
FBRX,Forte Biosciences Inc. Common Stock,$23.50,-1.11,-4.51%,294382973.00,United States,2017,205816,Health Care,Biotechnology: Pharmaceutical Preparations
FBYD,Falcon's Beyond Global Inc. Class A Common Stock,$7.23,1.11,18.137%,955980995.00,United States,,322094,Consumer Discretionary,Services-Misc. Amusement & Recreation
FBYDW,Falcon's Beyond Global Inc. Warrants,$0.99,0.00,0.00%,130901962.00,United States,,162,Consumer Discretionary,Services-Misc. Amusement & Recreation
FC,Franklin Covey Company Common Stock,$12.19,0.27,2.265%,140825609.00,United States,,492483,Consumer Discretionary,Other Consumer Services
FCAP,First Capital Inc. Common Stock,$48.93,0.66,1.367%,163799389.00,United States,,13500,Finance,Savings Institutions
FCBC,First Community Bankshares Inc. (VA) Common Stock,$39.70,-0.78,-1.927%,757278612.00,United States,,227427,Finance,Major Banks
FCCO,First Community Corporation Common Stock,$28.16,0.06,0.214%,264254707.00,United States,,152022,Finance,Major Banks
FCEL,FuelCell Energy Inc. Common Stock,$6.59,-0.16,-2.37%,314185123.00,United States,,1492555,Energy,Industrial Machinery/Components
FCF,First Commonwealth Financial Corporation Common Stock,$16.84,0.02,0.119%,1720091993.00,United States,,6741142,Finance,Major Banks
FCFS,FirstCash Holdings Inc. Common Stock,$192.08,3.61,1.915%,8448580408.00,United States,1991,616614,Consumer Discretionary,Other Specialty Stores
FCHL,Fitness Champs Holdings Limited Common Stock,$0.1661,0.0009,0.545%,2491500.00,Singapore,2025,1406412,Consumer Discretionary,Services-Misc. Amusement & Recreation
FCN,FTI Consulting Inc. Common Stock,$174.20,4.83,2.852%,5327366457.00,United States,1999,956884,Consumer Discretionary,Professional Services
FCNCA,First Citizens BancShares Inc. Class A Common Stock,$1822.39,19.16,1.063%,21754190171.00,United States,,114819,Finance,Major Banks
FCNCN,First Citizens BancShares Inc. Depositary Shares each representing a 1/40th interest in a share of 6.625% Non-Cumulative Perpetual Preferred Stock Series E,$24.11,-0.45,-1.832%,287805313.00,United States,,188609,Finance,Major Banks
FCNCO,First Citizens BancShares Inc. 5.625% Non-Cumulative Perpetual Preferred Stock Series C,$21.59,-0.36,-1.64%,257723630.00,United States,,15688,Finance,Major Banks
FCNCP,First Citizens BancShares Inc. Depositary Shares,$20.93,-0.21,-0.993%,249845094.00,United States,,34161,Finance,Major Banks
FCO,abrdn Global Income Fund Inc. Common Stock,$3.22,-0.11,-3.303%,0.00,United States,1992,137971,Finance,Investment Managers
FCPT,Four Corners Property Trust Inc. Common Stock,$24.26,-1.00,-3.959%,2662414719.00,United States,2015,1741393,Real Estate,Real Estate Investment Trusts
FCRS,FutureCrest Acquisition Corp. Class A Ordinary Shares,$10.02,0.00,0.00%,0.00,,2025,60373,Finance,Blank Checks
FCRX,Crescent Capital BDC Inc. 5.00% Notes due 2026,$24.97,0.05,0.201%,925426829.00,United States,2023,5746,Finance,Finance: Consumer Services
FCT,First Trust Senior Floating Rate Income Fund II Common Shares of Beneficial Interest,$9.65,-0.07,-0.72%,0.00,United States,2004,53749,Finance,Finance Companies
FCUV,Focus Universal Inc. Common Stock,$4.20,-0.05,-1.176%,4143401.00,United States,,26449,Industrials,Industrial Machinery/Components
FCX,Freeport-McMoRan Inc. Common Stock,$52.09,-1.53,-2.853%,74863831657.00,United States,,24993562,Basic Materials,Metal Mining
FDBC,Fidelity D & D Bancorp Inc. Common Stock,$42.20,-1.75,-3.982%,244978723.00,United States,,16392,Finance,Major Banks
FDMT,4D Molecular Therapeutics Inc. Common Stock,$8.61,-0.37,-4.12%,439553303.00,United States,2020,1373462,Health Care,Biotechnology: Biological Products (No Diagnostic Substances)
FDP,Fresh Del Monte Produce Inc. Common Stock,$39.83,-0.57,-1.411%,1887285841.00,Cayman Islands,1997,1124226,Consumer Staples,Farming/Seeds/Milling
FDS,FactSet Research Systems Inc. Common Stock,$209.27,0.43,0.206%,7763761931.00,United States,2000,2000548,Technology,Computer Software: Programming Data Processing
FDSB,Fifth District Bancorp Inc. Common Stock,$14.61,-0.075,-0.511%,80687378.00,United States,2024,12818,Finance,Savings Institutions
FDUS,Fidus Investment Corporation Common Stock,$17.18,-0.41,-2.331%,652055974.00,United States,2011,842737,Finance,Finance/Investors Services
FDX,FedEx Corporation Common Stock,$358.85,2.74,0.769%,84373822522.00,United States,,6955631,Consumer Discretionary,Air Freight/Delivery Services
FE,FirstEnergy Corp. Common Stock,$48.54,-1.15,-2.314%,28052861947.00,United States,,8570652,Utilities,Electric Utilities: Central
FEAM,5E Advanced Materials Inc. Common Stock,$1.59,-0.07,-4.217%,66003894.00,United States,,858807,Industrials,Mining & Quarrying of Nonmetallic Minerals (No Fuels)
FEBO,Fenbo Holdings Limited Class A Ordinary Shares,$1.1701,0.0001,0.009%,12944231.00,Hong Kong,2023,1702,Consumer Discretionary,Home Furnishings
FEDU,Four Seasons Education (Cayman) Inc. American Depositary Shares each ADS representing 10 ordinary shares,$9.80,0.00,0.00%,22148568.00,,2017,184,Real Estate,Other Consumer Services
FEED,ENvue Medical Inc. Common Stock,$1.20,-0.01,-0.826%,1305811.00,United States,,119095,Health Care,Industrial Specialties
FEIM,Frequency Electronics Inc. Common Stock,$40.38,-2.44,-5.698%,397417012.00,United States,,256707,Industrials,Electrical Products
FELE,Franklin Electric Co. Inc. Common Stock,$89.89,-1.47,-1.609%,3973330994.00,United States,,869748,Consumer Discretionary,Metal Fabrications
FEMY,Femasys Inc. Common Stock,$0.5574,-0.0213,-3.681%,33166333.00,United States,2021,744193,Health Care,Medical/Dental Instruments
FENC,Fennec Pharmaceuticals Inc. Common Stock,$7.32,-0.33,-4.314%,205413840.00,United States,,574001,Health Care,Biotechnology: Biological Products (No Diagnostic Substances)
FENG,Phoenix New Media Limited American Depositary Shares each representing 48 Class A ordinary shares.,$1.79,-0.06,-3.243%,21499289.00,China,2011,7749,Industrials,Broadcasting
FER,Ferrovial SE Ordinary Shares,$61.64,-1.86,-2.929%,44347375833.00,Netherlands,,2934222,Industrials,Military/Government/Technical
FERA,Fifth Era Acquisition Corp I Class A Ordinary Shares,$10.30,0.01,0.097%,0.00,Cayman Islands,2025,25000,,
FERAR,Fifth Era Acquisition Corp I Rights,$0.27,-0.065,-19.403%,0.00,Cayman Islands,2025,90397,,
FERAU,Fifth Era Acquisition Corp I Units,$10.54,0.00,0.00%,0.00,Cayman Islands,2025,14,Finance,Blank Checks
FERG,Ferguson Enterprises Inc. Common Stock,$217.56,-0.15,-0.069%,42542978405.00,United Kingdom,2021,1648255,Miscellaneous,Miscellaneous
FET,Forum Energy Technologies Inc. Common Stock,$56.29,-1.60,-2.764%,633608684.00,United States,2012,422286,Consumer Discretionary,Oil and Gas Field Machinery
FF,FutureFuel Corp.  Common shares,$3.16,-0.23,-6.785%,138608682.00,United States,,846518,Industrials,Major Chemicals
FFA,First Trust Enhanced Equity Income Fund Common Shares of Beneficial Interest,$20.03,-0.84,-4.025%,0.00,United States,2004,65975,Finance,Investment Managers
FFAI,Faraday Future Intelligent Electric Inc. Class A Common Stock,$0.2698,-0.0311,-10.336%,55412464.00,United States,2020,19102356,Industrials,Auto Manufacturing
FFAIW,Faraday Future Intelligent Electric Inc. Warrant,$0.0121,0.0017,16.346%,2485140.00,United States,2020,418966,Industrials,Auto Manufacturing
FFBC,First Financial Bancorp. Common Stock,$26.70,-0.02,-0.075%,2792448683.00,United States,,2689665,Finance,Major Banks
FFC,Flaherty & Crumrine Preferred and Income Securities Fund Incorporated,$15.46,-0.34,-2.152%,0.00,United States,2003,138989,Finance,Trusts Except Educational Religious and Charitable
FFIC,Flushing Financial Corporation Common Stock,$14.80,-0.27,-1.792%,501477665.00,United States,,678386,Finance,Major Banks
FFIN,First Financial Bankshares Inc. Common Stock,$28.95,0.30,1.047%,4146468028.00,United States,,2125502,Finance,Major Banks
FFIV,F5 Inc. Common Stock,$284.28,-6.02,-2.074%,16067298928.00,United States,1999,2968274,Telecommunications,Computer Communications Equipment
FFWM,First Foundation Inc. Common Stock,$5.71,-0.08,-1.382%,473509127.00,United States,,1332208,Finance,Major Banks
FG,F&G Annuities & Life Inc. Common Stock,$23.58,-0.03,-0.127%,3197686582.00,United States,2022,989806,Finance,Life Insurance
FGBI,First Guaranty Bancshares Inc. Common Stock,$8.11,-0.19,-2.289%,124512400.00,United States,,17966,Finance,Savings Institutions
FGBIP,First Guaranty Bancshares Inc. 6.75% Series A Fixed-Rate Non-Cumulative Perpetual Preferred Stock,$17.61,0.00,0.00%,270365397.00,United States,,205,Finance,Savings Institutions
FGI,FGI Industries Ltd. Ordinary Shares,$3.60,-0.037,-1.017%,6912504.00,United States,2022,4281,Industrials,Industrial Specialties
FGII,FG Imperii Acquisition Corp. Class A Ordinary Shares,$9.88,0.00,0.00%,0.00,United States,2026,14,Finance,Blank Checks
FGIIU,FG Imperii Acquisition Corp. Units,$9.98,-0.01,-0.10%,0.00,United States,2026,376,Finance,Blank Checks
FGIIW,FG Imperii Acquisition Corp. Warrants,$0.19,0.03,18.75%,0.00,United States,2026,8054,Finance,Blank Checks
FGL,Founder Group Limited Class A Ordinary Shares,$4.15,-0.26,-5.896%,1840405.00,Malaysia,2024,10797,Consumer Discretionary,Engineering & Construction
FGMC,FG Merger II Corp. Common stock,$10.11,0.03,0.298%,103530424.00,United States,2025,114637,,
FGMCR,FG Merger II Corp. Rights,$0.495,-0.0414,-7.718%,0.00,United States,2025,1600,,
FGMCU,FG Merger II Corp. Unit,$10.69,0.00,0.00%,0.00,United States,2025,30,,
FGN,F&G Annuities & Life Inc. 7.950% Senior Notes due 2053,$24.74,0.00,0.00%,3119678078.00,United States,2023,38951,Finance,Life Insurance
FGNX,FG Nexus Inc. Common Stock ,$6.81,-0.03,-0.439%,44641205.00,United States,2014,97885,Finance,Property-Casualty Insurers
FGNXP,FG Nexus Inc. 8.00% Cumulative Preferred Stock,$24.2225,0.1225,0.508%,158784374.00,United States,,5264,Finance,Property-Casualty Insurers
FGSN,F&G Annuities & Life Inc. 7.300% Junior Subordinated Notes due 2065,$20.21,-0.30,-1.463%,0.00,United States,2025,33153,Finance,Life Insurance
FHB,First Hawaiian Inc. Common Stock,$23.80,0.11,0.464%,2920004293.00,United States,2016,3236132,Finance,Major Banks
FHI,Federated Hermes Inc. Common Stock,$55.67,-0.13,-0.233%,4229008626.00,United States,,3225427,Finance,Investment Managers
FHN,First Horizon Corporation Common Stock,$21.85,0.12,0.552%,10436127576.00,United States,,11978638,Finance,Major Banks
FHN^C,First Horizon Corporation Depositary Shares each representing a 1/400th interest in a share of Non-Cumulative Perpetual Preferred Stock Series C,$25.26,0.00,0.00%,,United States,,13485,,
FHN^E,First Horizon Corporation Depositary Shares each representing a 1/4000th interest in a share of Non-Cumulative Perpetual Preferred Stock Series E,$24.27,-0.08,-0.329%,,United States,,16222,,
FHN^F,First Horizon Corporation Depositary Shares each representing 1/4000th Interest in a Share of Non-Cumulative Perpetual Preferred Stock Series F,$18.48,-0.04,-0.216%,,United States,,8248,,
FHN^H,First Horizon Corporation Depositary Shares each representing a 1/4000th interest in a share of Non-Cumulative Perpetual Preferred Stock Series H,$24.37,-0.32,-1.296%,,United States,,420453,,
FHTX,Foghorn Therapeutics Inc. Common Stock,$5.00,0.11,2.249%,293501230.00,United States,2020,398870,Health Care,Biotechnology: Pharmaceutical Preparations
FIBK,First Interstate BancSystem Inc. Common Stock (DE),$32.48,0.20,0.62%,3284322449.00,United States,2010,3944696,Finance,Major Banks
FICO,Fair Isaac Corporation Common Stock,$1127.62,14.46,1.299%,26749552741.00,United States,,614031,Real Estate,Real Estate
FIEE,FiEE Inc Common Stock,$6.62,-0.15,-2.216%,41679262.00,United States,,28937,Utilities,Telecommunications Equipment
FIG,Figma Inc. Class A Common Stock,$23.73,-0.49,-2.023%,12380323243.00,United States,2025,18103910,Technology,Computer Software: Prepackaged Software
FIGR,Figure Technology Solutions Inc. Class A Common Stock,$34.29,1.21,3.658%,7418652679.00,U.S. Virgin Islands,2025,6365938,Finance,Finance: Consumer Services
FIGS,FIGS Inc. Class A Common Stock,$14.21,-0.01,-0.07%,2364218904.00,United States,2021,3401089,Consumer Discretionary,Apparel
FIHL,Fidelis Insurance Holdings Limited Common Shares,$18.84,0.18,0.965%,1629285932.00,Bermuda,2023,721241,Finance,Property-Casualty Insurers
FINS,Angel Oak Financial Strategies Income Term Trust Common Shares of Beneficial Interest,$12.49,-0.01,-0.08%,313032349.00,,2019,157443,Finance,Finance/Investors Services
FINV,FinVolution Group American Depositary Shares,$5.48,-0.11,-1.968%,1388707958.00,United States,2017,8674168,Finance,Finance: Consumer Services
FINW,FinWise Bancorp Common Stock,$15.29,-0.32,-2.05%,207744022.00,United States,2021,56454,Finance,Major Banks
FIP,FTAI Infrastructure Inc. Common Stock ,$4.64,-0.21,-4.33%,548278895.00,United States,,1266227,Energy,Oil Refining/Marketing
FIS,Fidelity National Information Services Inc. Common Stock,$49.79,0.53,1.076%,25612159626.00,United States,,8900305,Real Estate,Real Estate
FISI,Financial Institutions Inc. Common Stock,$30.59,-0.04,-0.131%,600610484.00,United States,1999,342716,Finance,Major Banks
FISV,Fiserv Inc. Common Stock,$57.07,0.05,0.088%,30519752610.00,United States,1986,8023807,Real Estate,Real Estate
FITB,Fifth Third Bancorp Common Stock,$44.19,0.53,1.214%,40016850977.00,United States,,23875307,Finance,Major Banks
FITBI,Fifth Third Bancorp Depositary Shares,$25.62,-0.01,-0.039%,23200536819.00,United States,,30843,Finance,Major Banks
FITBM,Fifth Third Bancorp Depositary Shares Representing a 1/40th Ownership Interest in a Share of 6.875% Fixed-Rate Reset Non-Cumulative Perpetual Preferred Stock Series M,$25.72,-0.26,-1.001%,23291093169.00,United States,,19253,Finance,Major Banks
FITBO,Fifth Third Bancorp Depositary Shares each representing a 1/1000th ownership interest in a share of Non-Cumulative Perpetual Preferred Stock Series K,$19.26,-0.23,-1.18%,17441152971.00,United States,,17318,Finance,Major Banks
FITBP,Fifth Third Bancorp Depositary Shares each representing 1/40th share of Fifth Third 6.00% Non-Cumulative Perpetual Class B Preferred Stock Series A,$23.34,-0.41,-1.726%,21135852043.00,United States,,8279,Finance,Major Banks
FIVE,Five Below Inc. Common Stock,$227.42,-7.75,-3.295%,12543824271.00,United States,2012,1990763,Consumer Discretionary,Department/Specialty Retail Stores
FIVN,Five9 Inc. Common Stock,$15.53,-0.27,-1.709%,1187977910.00,United States,2014,2182430,Technology,EDP Services
FIX,Comfort Systems USA Inc. Common Stock,$1356.75,-87.85,-6.081%,47723636477.00,United States,1997,935028,Industrials,Engineering & Construction
FIZZ,National Beverage Corp. Common Stock,$34.09,-0.47,-1.36%,3191918357.00,United States,,507342,Consumer Staples,Beverages (Production/Distribution)
FJET,Starfighters Space Inc. Common Stock,$6.92,-0.58,-7.733%,304102666.00,,2025,2123248,Consumer Discretionary,Air Freight/Delivery Services
FKWL,Franklin Wireless Corp. Common Stock,$3.54,-0.11,-3.014%,41716351.00,United States,,4477,Utilities,Telecommunications Equipment
FLC,Flaherty & Crumrine Total Return Fund Inc Common Stock,$16.65,-0.26,-1.538%,0.00,United States,2003,13569,Finance,Trusts Except Educational Religious and Charitable
FLD,Fold Holdings Inc. Class A Common Stock,$1.16,-0.13,-10.078%,57804306.00,United States,2025,650320,Finance,Finance: Consumer Services
FLDDW,Fold Holdings Inc. Warrant,$0.125,0.03,31.579%,6228912.00,United States,2025,119725,Finance,Finance: Consumer Services
FLEX,Flex Ltd. Ordinary Shares,$61.64,-4.15,-6.308%,22663420675.00,Singapore,1994,5261056,Technology,Electrical Products
FLG,Flagstar Bank N.A. Common Stock,$12.28,-0.23,-1.839%,5108395035.00,United States,,9736450,Finance,Banks
FLG^A,Flagstar Bank N.A. Depositary shares each representing a 1/40th interest in a share of Fixed-to-Floating Rate Series A Noncumulative Perpetual Preferred Stock,$21.23,-0.17,-0.794%,,United States,,130873,,
FLG^U,Flagstar Bank N.A. Bifurcated Option Note Unit SecuritiES,$39.93,-0.26,-0.647%,,United States,,7463,,
FLGT,Fulgent Genetics Inc. Common Stock,$15.51,-0.05,-0.321%,484387102.00,United States,2016,847112,Health Care,Medical Specialities
FLL,Full House Resorts Inc. Common Stock,$2.32,-0.15,-6.073%,83944722.00,United States,,166184,Consumer Discretionary,Hotels/Resorts
FLNA,Filana Therapeutics Inc. Common Stock,$1.79,-0.04,-2.186%,86471134.00,United States,,505747,Health Care,Biotechnology: Pharmaceutical Preparations
FLNC,Fluence Energy Inc. Class A Common Stock,$15.13,-0.90,-5.614%,2782940680.00,United States,2021,3724468,Miscellaneous,Industrial Machinery/Components
FLNG,FLEX LNG Ltd. Ordinary Shares,$30.08,-1.49,-4.72%,1627098670.00,,2019,1321158,Consumer Discretionary,Marine Transportation
FLNT,Fluent Inc. Common Stock,$3.85,0.39,11.272%,114098088.00,United States,,155753,Consumer Discretionary,Advertising
FLO,Flowers Foods Inc. Common Stock,$8.18,-0.19,-2.27%,1730514354.00,United States,,9224984,Consumer Staples,Packaged Foods
FLOC,Flowco Holdings Inc. Class A Common Stock,$21.69,-2.76,-11.288%,1944785156.00,United States,2025,5886466,Consumer Discretionary,Oil and Gas Field Machinery
FLR,Fluor Corporation Common Stock,$44.92,-2.95,-6.163%,6451746896.00,United States,,4700275,Industrials,Military/Government/Technical
FLS,Flowserve Corporation Common Stock,$71.40,-2.50,-3.383%,9086387491.00,United States,,2028092,Industrials,Fluid Controls
FLUT,Flutter Entertainment plc Ordinary Shares,$104.81,-1.60,-1.504%,18360732558.00,Ireland,2024,3815757,Technology,Computer Software: Programming Data Processing
FLUX,Flux Power Holdings Inc. Common Stock,$1.21,-0.02,-1.626%,25821563.00,United States,,114539,Miscellaneous,Industrial Machinery/Components
FLWS,1-800-FLOWERS.COM Inc. Common Stock,$3.01,-0.16,-5.047%,192838073.00,United States,1999,396429,Consumer Discretionary,Other Specialty Stores
FLX,BingEx Limited American Depositary Shares,$2.59,0.00,0.00%,184226467.00,China,2024,223445,Industrials,Trucking Freight/Courier Services
FLXS,Flexsteel Industries Inc. Common Stock,$43.40,-1.44,-3.211%,231995134.00,United States,,33686,Consumer Discretionary,Home Furnishings
FLY,Firefly Aerospace Inc. Common Stock,$23.22,0.26,1.132%,3697811053.00,United States,2025,15976992,Industrials,Military/Government/Technical
FLYE,Fly-E Group Inc. Common Stock,$1.78,-0.008,-0.447%,2905647.00,United States,2024,25081,Industrials,Aerospace
FLYW,Flywire Corporation Voting Common Stock,$11.91,0.02,0.168%,1443543189.00,United States,2021,1665582,Real Estate,Real Estate
FLYX,flyExclusive Inc. Class A Common Stock,$2.03,-0.20,-8.969%,191534621.00,,2023,539507,Consumer Discretionary,Transportation Services
FMAO,Farmers & Merchants Bancorp Inc. Common Stock,$25.01,0.01,0.04%,343839331.00,United States,,92991,Finance,Savings Institutions
FMBH,First Mid Bancshares Inc. Common Stock,$39.44,-0.18,-0.454%,1049983906.00,United States,,286992,Finance,Major Banks
FMC,FMC Corporation Common Stock,$13.09,-0.84,-6.03%,1636839482.00,United States,,13985028,Industrials,Major Chemicals
FMFC,Kandal M Venture Limited Class A Ordinary Shares,$0.59,-0.0299,-4.823%,11280800.00,Cambodia,2025,330825,Consumer Discretionary,Apparel
FMN,Federated Hermes Premier Municipal Income Fund,$10.9001,-0.1799,-1.624%,940186490.00,United States,2002,33563,Finance,Investment Managers
FMNB,Farmers National Banc Corp. Common Stock,$12.59,-0.07,-0.553%,475130976.00,United States,,876640,Finance,Major Banks
FMS,Fresenius Medical Care AG American Depositary Shares (Each representing 1/2 of an Ordinary Share),$21.64,-0.47,-2.126%,12087622943.00,Germany,,464895,Health Care,Misc Health and Biotechnology Services
FMST,Foremost Clean Energy Ltd. Common Shares,$1.74,-0.23,-11.675%,25387261.00,Canada,,196088,Basic Materials,Other Metals and Minerals
FMSTW,Foremost Clean Energy Ltd. Warrant,$0.905,-0.025,-2.688%,13204294.00,Canada,,703,Basic Materials,Other Metals and Minerals
FMX,Fomento Economico Mexicano S.A.B. de C.V. Common Stock,$101.39,-4.69,-4.421%,35243416968.00,Mexico,,318676,Consumer Staples,Beverages (Production/Distribution)
FMY,First Trust Mortgage Income Fund Common Shares of Beneficial Interest,$11.715,-0.0136,-0.116%,0.00,United States,2005,2741,Finance,Finance/Investors Services
FN,Fabrinet Ordinary Shares,$506.27,-34.48,-6.376%,18137688254.00,Cayman Islands,2010,1055559,Utilities,Telecommunications Equipment
FNB,F.N.B. Corporation Common Stock,$16.01,0.00,0.00%,5721798162.00,United States,,10754515,Finance,Major Banks
FND,Floor & Decor Holdings Inc. Common Stock,$50.10,-3.16,-5.933%,5404553031.00,United States,2017,3935615,Consumer Discretionary,RETAIL: Building Materials
FNF,Fidelity National Financial Inc. Common Stock,$43.26,-1.63,-3.631%,11729411451.00,United States,2014,8986996,Finance,Specialty Insurers
FNGR,FingerMotion Inc. Common Stock,$1.14,0.005,0.441%,69860691.00,United States,,168735,Technology,Computer Software: Prepackaged Software
FNKO,Funko Inc. Class A Common Stock,$3.37,-0.14,-3.989%,187155916.00,United States,2017,1199158,Consumer Discretionary,Recreational Games/Products/Toys
FNLC,First Bancorp Inc  (ME) Common Stock,$26.88,-0.25,-0.921%,302946175.00,United States,,66152,Finance,Major Banks
FNUC,Frontier Nuclear and Minerals Inc. Common Shares,$2.00,-0.16,-7.407%,36052538.00,Canada,2021,387846,Basic Materials,Other Metals and Minerals
FNV,Franco-Nevada Corporation,$222.54,-8.51,-3.683%,42905420918.00,Canada,,1607160,Basic Materials,Precious Metals
FNWB,First Northwest Bancorp Common Stock,$8.51,-0.08,-0.931%,80424155.00,United States,2015,80108,Finance,Banks
FNWD,Finward Bancorp Common Stock,$38.40,0.74,1.965%,166156800.00,United States,,26673,Finance,Major Banks
FOA,Finance of America Companies Inc. Class A Common Stock,$17.08,0.23,1.365%,146067186.00,United States,2021,273603,Finance,Finance: Consumer Services
FOF,Cohen & Steers Closed-End Opportunity Fund Inc. Common Stock,$12.95,-0.45,-3.358%,636345233.00,United States,2006,62799,Finance,Investment Managers
FOFO,Hang Feng Technology Innovation Co. Ltd. Ordinary Shares,$4.23,-0.5743,-11.954%,28192950.00,Hong Kong,2025,16896,Consumer Discretionary,Professional Services
FOLD,Amicus Therapeutics Inc. Common Stock,$14.43,0.05,0.348%,4531030274.00,United States,2007,10970099,Health Care,Biotechnology: Pharmaceutical Preparations
FONR,Fonar Corporation Common Stock,$18.38,-0.01,-0.054%,120493159.00,United States,1981,65608,Health Care,Biotechnology: Electromedical & Electrotherapeutic Apparatus
FOR,Forestar Group Inc Common Stock ,$24.29,-0.43,-1.739%,1236168623.00,United States,2017,247807,Finance,Real Estate
FORA,Forian Inc. Common Stock,$2.08,0.03,1.463%,64630284.00,United States,,77774,Technology,EDP Services
FORM,FormFactor Inc. FormFactor Inc. Common Stock,$92.22,-2.88,-3.028%,7185593072.00,United States,2003,2729817,Technology,Semiconductors
FORR,Forrester Research Inc. Common Stock,$5.96,-0.06,-0.997%,114288960.00,United States,1996,217182,Industrials,Diversified Commercial Services
FORTY,Formula Systems (1985) Ltd. American Depositary Shares,$130.50,-4.375,-3.244%,1998955544.00,Israel,,839,Technology,EDP Services
FOSL,Fossil Group Inc. Common Stock,$3.99,-0.31,-7.209%,232838301.00,United States,1993,831033,Consumer Discretionary,Consumer Specialties
FOUR,Shift4 Payments Inc. Class A Common Stock,$41.17,-0.78,-1.859%,3344622599.00,United States,2020,2786258,Real Estate,Real Estate
FOUR^A,Shift4 Payments Inc. 6.00% Series A Mandatory Convertible Preferred Stock,$52.89,-0.88,-1.637%,,United States,,90026,,
FOX,Fox Corporation Class B Common Stock,$52.18,0.16,0.308%,22197167350.00,United States,,4115275,Industrials,Broadcasting
FOXA,Fox Corporation Class A Common Stock,$57.82,0.14,0.243%,24596401230.00,United States,,6375404,Industrials,Broadcasting
FOXF,Fox Factory Holding Corp. Common Stock,$16.08,-0.30,-1.832%,672180678.00,United States,2013,1431259,Consumer Discretionary,Motor Vehicles
FOXX,Foxx Development Holdings Inc. Common Stock,$4.20,0.10,2.439%,29421802.00,United States,,15462,Telecommunications,Computer Communications Equipment
FOXXW,Foxx Development Holdings Inc. Warrant,$0.10,0.0099,10.988%,700519.00,United States,,3799,Telecommunications,Computer Communications Equipment
FPF,First Trust Intermediate Duration Preferred & Income Fund Common Shares of Beneficial Interest,$17.72,-0.41,-2.261%,0.00,United States,2013,205412,Finance,Trusts Except Educational Religious and Charitable
FPH,Five Point Holdings LLC Class A Common Shares,$4.98,-0.04,-0.797%,734184050.00,United States,2017,174124,Finance,Real Estate
FPI,Farmland Partners Inc. Common Stock,$10.84,-0.43,-3.815%,472942154.00,United States,2014,822072,Real Estate,Real Estate Investment Trusts
FPS,Forgent Power Solutions Inc. Class A Common Stock,$33.45,-2.45,-6.825%,10183146337.00,,2026,5994208,Energy,Industrial Machinery/Components
FR,First Industrial Realty Trust Inc. Common Stock,$57.00,-1.83,-3.111%,7553882877.00,United States,1994,2414461,Real Estate,Real Estate Investment Trusts
FRA,Blackrock Floating Rate Income Strategies Fund Inc  Common Stock,$10.84,-0.08,-0.733%,1612585186.00,United States,2003,146372,Finance,Investment Bankers/Brokers/Service
FRAF,Franklin Financial Services Corporation Common Stock,$48.47,-0.61,-1.243%,217285824.00,United States,,30412,Finance,Major Banks
FRBA,First Bank Common Stock,$15.475,-0.005,-0.032%,388954886.00,United States,2013,146377,Finance,Commercial Banks
FRD,Friedman Industries Inc. Common Stock,$17.40,0.32,1.874%,123751967.00,United States,,44948,Industrials,Steel/Iron Ore
FRGT,Freight Technologies Inc. Ordinary Shares,$1.03,-0.01,-0.962%,1611173.00,United States,2017,111091,Consumer Discretionary,Professional Services
FRHC,Freedom Holding Corp. Common Stock,$138.76,0.48,0.347%,8490798637.00,Kazakhstan,,164493,Finance,Investment Bankers/Brokers/Service
FRME,First Merchants Corporation Common Stock,$36.56,-0.04,-0.109%,2317638867.00,United States,,995465,Finance,Major Banks
FRMEP,First Merchants Corporation Depository Shares,$25.46,-0.0264,-0.104%,1613979364.00,United States,,1052,Finance,Major Banks
FRMI,Fermi Inc. Common Stock,$7.20,-0.67,-8.513%,4420982722.00,United States,2025,8203595,Real Estate,Real Estate Investment Trusts
FRMM,Forum Markets Incorporated Common Stock,$2.81,0.00,0.00%,53424369.00,United States,2017,430616,Health Care,Biotechnology: Pharmaceutical Preparations
FRO,Frontline Plc Ordinary Shares,$32.17,-0.71,-2.159%,7161778339.00,Bermuda,,4086322,Consumer Discretionary,Marine Transportation
FROG,JFrog Ltd. Ordinary Shares,$42.27,-1.19,-2.738%,5056714913.00,United States,2020,10008440,Technology,Computer Software: Prepackaged Software
FRPH,FRP Holdings Inc. Common Stock,$20.79,-0.34,-1.609%,397411702.00,United States,,117205,Finance,Real Estate
FRPT,Freshpet Inc. Common Stock,$64.54,1.37,2.169%,3166150204.00,United States,2014,1724773,Consumer Staples,Packaged Foods
FRSH,Freshworks Inc. Class A Common Stock,$8.03,-0.07,-0.864%,2281605576.00,United States,2021,11504746,Technology,Computer Software: Prepackaged Software
FRST,Primis Financial Corp. Common Stock,$12.76,0.04,0.314%,315161601.00,United States,2006,146988,Finance,Major Banks
FRSX,Foresight Autonomous Holdings Ltd. American Depositary Shares,$2.32,-0.05,-2.11%,3381892.00,Israel,,15423,Technology,Computer Software: Prepackaged Software
FRT,Federal Realty Investment Trust Common Stock,$103.15,-3.14,-2.954%,8899372804.00,United States,,1449131,Real Estate,Real Estate Investment Trusts
FRT^C,Federal Realty Investment Trust Depositary Shares each representing a 1/1000th interest in a 5.000% Series C Cumulative Redeemable Preferred Share,$19.63,0.01,0.051%,,United States,,13206,,
FSBC,Five Star Bancorp Common Stock,$36.36,-0.42,-1.142%,777236923.00,United States,2021,131620,Finance,Major Banks
FSBW,FS Bancorp Inc. Common Stock,$37.04,-0.66,-1.751%,277857116.00,United States,2012,37410,Finance,Banks
FSCO,FS Credit Opportunities Corp. Common Stock,$5.00,-0.05,-0.99%,991779500.00,United States,2022,1983665,Finance,Trusts Except Educational Religious and Charitable
FSEA,First Seacoast Bancorp Inc. Common Stock,$12.905,0.125,0.978%,60611778.00,United States,2019,937,Finance,Savings Institutions
FSHP,Flag Ship Acquisition Corp. Ordinary Shares,$10.93,0.01,0.092%,0.00,United States,2024,2947,,
FSHPR,Flag Ship Acquisition Corp. Right,$0.148,0.0219,17.367%,0.00,United States,2024,151,,
FSI,Flexible Solutions International Inc. Common Stock (CDA),$5.38,-0.08,-1.465%,68527739.00,Canada,2002,27387,Industrials,Major Chemicals
FSK,FS KKR Capital Corp. Common Stock,$9.97,-0.19,-1.87%,2792262337.00,United States,2014,7017319,Finance,Investment Managers
FSLR,First Solar Inc. Common Stock,$192.82,-6.83,-3.421%,20691705863.00,United States,2006,3564142,Technology,Semiconductors
FSLY,Fastly Inc. Class A Common Stock,$25.20,-1.25,-4.726%,3825360000.00,United States,,19969219,Technology,Computer Software: Prepackaged Software
FSM,Fortuna Mining Corp. Common Shares,$8.57,-0.43,-4.778%,2616078080.00,Canada,,12349860,Basic Materials,Precious Metals
FSP,Franklin Street Properties Corp. Common Stock,$0.5736,-0.0108,-1.848%,59476779.00,United States,,1552023,Real Estate,Real Estate Investment Trusts
FSS,Federal Signal Corporation Common Stock,$105.57,0.22,0.209%,6428384381.00,United States,,1858791,Industrials,Auto Manufacturing
FSSL,FS Specialty Lending Fund Common Shares of Beneficial Interest,$12.52,0.00,0.00%,0.00,,2025,830627,Finance,Finance/Investors Services
FSTR,L.B. Foster Company Common Stock,$28.11,-0.01,-0.036%,289740283.00,United States,,56744,Industrials,Metal Fabrications
FSUN,FirstSun Capital Bancorp Common Stock,$35.51,-0.39,-1.086%,991557555.00,United States,,300598,Finance,Major Banks
FSV,FirstService Corporation Common Shares,$134.25,-3.85,-2.788%,6170366414.00,Canada,,276346,Finance,Real Estate
FT,Franklin Universal Trust Common Stock,$8.00,-0.12,-1.478%,201055152.00,United States,,65802,Finance,Trusts Except Educational Religious and Charitable
FTAI,FTAI Aviation Ltd. Common Stock,$230.03,-10.11,-4.21%,23594932288.00,United States,,3914636,Industrials,Misc Corporate Leasing Services
FTAIM,FTAI Aviation Ltd. 9.500% Fixed-Rate Reset Series D Cumulative Perpetual Redeemable Preferred Shares,$27.12,0.105,0.389%,2781787435.00,United States,,3536,Industrials,Misc Corporate Leasing Services
FTAIN,FTAI Aviation Ltd. 8.25% Fixed - Rate Reset Series C Cumulative Perpetual Redeemable Preferred Shares,$25.20,-0.0475,-0.188%,2584846732.00,United States,,2384,Industrials,Misc Corporate Leasing Services
FTCI,FTC Solar Inc. Common Stock,$4.63,0.29,6.682%,69174084.00,United States,2021,133754,Technology,Semiconductors
FTDR,Frontdoor Inc. Common Stock,$57.14,0.335,0.59%,4035094692.00,United States,,2693653,Consumer Discretionary,Diversified Commercial Services
FTEK,Fuel Tech Inc. Common Stock,$1.24,0.00,0.00%,38078259.00,United States,,61346,Industrials,Pollution Control Equipment
FTF,Franklin Limited Duration Income Trust Common Shares of Beneficial Interest,$5.85,-0.03,-0.51%,236371438.00,United States,2003,207574,Finance,Finance/Investors Services
FTFT,Future FinTech Group Inc. Common Stock,$1.22,0.01,0.826%,6393464.00,China,,6565,Real Estate,Real Estate
FTHM,Fathom Holdings Inc. Common Stock,$0.7699,0.0399,5.466%,24937799.00,United States,2020,191956,Finance,Real Estate
FTHY,First Trust High Yield Opportunities 2027 Term Fund Common Stock,$13.42,-0.11,-0.813%,493493512.00,United States,2020,238272,Finance,Investment Managers
FTI,TechnipFMC plc Ordinary Share,$65.26,-0.96,-1.45%,26106932132.00,,,9919456,Consumer Discretionary,Oil and Gas Field Machinery
FTK,Flotek Industries Inc. Common Stock,$16.06,-1.17,-6.79%,580930205.00,United States,,342116,Industrials,Major Chemicals
FTLF,FitLife Brands Inc. Common Stock,$12.69,-0.49,-3.718%,119172704.00,United States,,37680,Health Care, Medicinal Chemicals and Botanical Products 
FTNT,Fortinet Inc. Common Stock,$81.40,-1.72,-2.069%,60229779656.00,United States,2009,16249594,Technology,Computer peripheral equipment
FTRE,Fortrea Holdings Inc. Common Stock,$9.53,-0.26,-2.656%,891055000.00,United States,,2576186,Health Care,Medical Specialities
FTRK,FAST TRACK GROUP Ordinary shares,$0.5344,-0.0456,-7.862%,11656600.00,Singapore,2025,34696,Consumer Discretionary,Package Goods/Cosmetics
FTS,Fortis Inc. Common Shares,$55.06,-1.13,-2.011%,27937444000.00,United States,2016,1081319,Utilities,Electric Utilities: Central
FTV,Fortive Corporation Common Stock ,$55.22,-0.33,-0.594%,16999984472.00,United States,2016,4696398,Industrials,Industrial Machinery/Components
FTW,Presidio Production Company Class A Common Stock,$12.92,0.63,5.126%,575876700.00,,,121025,Energy,Oil & Gas Production
FUBO,FuboTV Inc. Class A Common Stock,$1.13,-0.02,-1.739%,1469706743.00,United States,2020,15060745,Consumer Discretionary,Movies/Entertainment
FUFU,BitFuFu Inc. Class A Ordinary Shares,$1.56,-0.69,-30.667%,259712391.00,Singapore,,335621,Finance,Finance: Consumer Services
FUFUW,BitFuFu Inc. Warrant,$0.1599,-0.0387,-19.486%,26620520.00,Singapore,,17794,Finance,Finance: Consumer Services
FUL,H. B. Fuller Company Common Stock,$49.29,-1.02,-2.027%,2685094093.00,United States,,1295682,Industrials,Home Furnishings
FULC,Fulcrum Therapeutics Inc. Common Stock,$6.77,-0.27,-3.835%,450883415.00,United States,2019,4435049,Health Care,Biotechnology: Pharmaceutical Preparations
FULT,Fulton Financial Corporation Common Stock,$19.62,0.17,0.874%,3531807226.00,United States,,4248191,Finance,Major Banks
FULTP,Fulton Financial Corporation Depositary Shares Each Representing a 1/40th Interest in a Share of Fixed Rate Non-Cumulative Perpetual Preferred Stock Series A,$18.72,0.02,0.107%,3369797721.00,United States,,11531,Finance,Major Banks
FUN,Six Flags Entertainment Corporation Common Stock New,$16.25,-1.17,-6.716%,1655387598.00,United States,,2541688,Consumer Discretionary,Services-Misc. Amusement & Recreation
FUNC,First United Corporation Common Stock,$36.07,-0.12,-0.332%,234504849.00,United States,,35249,Finance,Major Banks
FUND,Sprott Focus Trust Inc. Common Stock,$8.96,-0.17,-1.862%,265516671.00,United States,,45579,Finance,Investment Managers
FURY,Fury Gold Mines Limited Common Shares,$0.5268,-0.0272,-4.91%,99640690.00,,2020,505280,Basic Materials,Precious Metals
FUSB,First US Bancshares Inc. Common Stock,$14.71,-0.54,-3.541%,83113809.00,United States,,32115,Finance,Major Banks
FUSE,Fusemachines Inc. Common stock,$1.42,0.10,7.576%,41092338.00,United States,,118250,Technology,EDP Services
FUSEW,Fusemachines Inc. Warrants,$0.09,0.001,1.124%,2604444.00,United States,,6667,Technology,EDP Services
FUTU,Futu Holdings Limited American Depositary Shares,$135.02,-4.45,-3.191%,18798497455.00,Hong Kong,2019,1436008,Finance,Investment Bankers/Brokers/Service
FVAV,Fortress Value Acquisition Corp. V Class A Ordinary Shares,$10.04,0.01,0.10%,0.00,United States,2026,86449,,
FVCB,FVCBankcorp Inc. Common Stock,$14.65,0.05,0.342%,262866298.00,United States,,108112,Finance,Major Banks
FVN,Future Vision II Acquisition Corporation Ordinary shares,$10.72,0.01,0.093%,0.00,China,2024,11258,,
FVNNR,Future Vision II Acquisition Corporation Right,$0.13,-0.0001,-0.077%,0.00,China,2024,12193,Finance,Blank Checks
FVR,FrontView REIT Inc. Common Stock,$15.44,-0.77,-4.75%,344512797.00,United States,2024,284959,Real Estate,Real Estate Investment Trusts
FVRR,Fiverr International Ltd. Ordinary Shares no par value,$10.25,0.05,0.49%,368494962.00,,2019,764361,Real Estate,Real Estate
FWDI,Forward Industries Inc. Common Stock,$4.68,-0.27,-5.455%,389090693.00,United States,,1158914,Industrials,Plastic Products
FWONA,Liberty Media Corporation Series A Liberty Formula One Common Stock,$74.51,-1.16,-1.533%,18662875634.00,United States,,383300,Industrials,Broadcasting
FWONK,Liberty Media Corporation Series C Liberty Formula One Common Stock,$81.42,-1.99,-2.386%,20393656343.00,United States,,1788300,Industrials,Broadcasting
FWRD,Forward Air Corporation Common Stock,$15.47,-0.04,-0.258%,488144170.00,United States,,937272,Industrials,Integrated Freight & Logistics
FWRG,First Watch Restaurant Group Inc. Common Stock,$12.18,-0.21,-1.695%,744662582.00,United States,2021,1365669,Consumer Discretionary,Restaurants
FXNC,First National Corporation Common Stock,$25.90,-0.17,-0.652%,233380160.00,United States,,91845,Finance,Major Banks
G,Genpact Limited Common Stock,$38.70,0.39,1.018%,6573728867.00,Bermuda,2007,4176336,Consumer Discretionary,Professional Services
GAB,Gabelli Equity Trust Inc. (The) Common Stock,$5.52,-0.02,-0.361%,1621871016.00,United States,1986,1105897,Finance,Investment Managers
GAB^G,Gabelli Equity Trust Inc. (The) Series G Cumulative Preferred Stock,$20.3299,0.3299,1.65%,,United States,,2230,,
GAB^H,Gabelli Equity Trust Inc. (The) Pfd Ser H,$20.5004,-0.3395,-1.629%,,United States,,9161,,
GAB^K,Gabelli Equity Trust Inc. (The) 5.00% Series K Cumulative Preferred Stock,$20.33,0.07,0.346%,,United States,,2404,,
GABC,German American Bancorp Inc. Common Stock,$40.55,0.73,1.833%,1523688755.00,United States,,1451665,Finance,Major Banks
GAIA,Gaia Inc. Class A Common Stock,$2.98,0.11,3.833%,74434059.00,United States,1999,181094,Consumer Discretionary,Movies/Entertainment
GAIN,Gladstone Investment Corporation Business Development Company,$14.05,-0.37,-2.566%,559498636.00,United States,2005,780807,Finance,Finance: Consumer Services
GAING,Gladstone Investment Corporation 7.125% Notes due 2031,$25.334,-0.026,-0.103%,0.00,United States,,2192,Finance,Finance: Consumer Services
GAINI,Gladstone Investment Corporation 7.875% Notes due 2030,$25.48,0.08,0.315%,0.00,United States,,13543,Finance,Finance: Consumer Services
GAINN,Gladstone Investment Corporation 5.00% Notes Due 2026,$25.165,-0.015,-0.06%,961786923.00,United States,,5369,Finance,Finance: Consumer Services
GAINZ,Gladstone Investment Corporation 4.875% Notes due 2028,$23.90,-0.125,-0.52%,913439597.00,United States,,2529,Finance,Finance: Consumer Services
GALT,Galectin Therapeutics Inc. Common Stock,$2.75,-0.05,-1.786%,177300178.00,United States,,147646,Health Care,Biotechnology: Pharmaceutical Preparations
GAM,General American Investors Inc. Common Stock,$59.11,-0.59,-0.988%,1417198307.00,United States,,27342,Finance,Investment Managers
GAM^B,General American Investors Company Inc. Cumulative Preferred Stock,$25.00,-0.0725,-0.289%,,United States,,17740,,
GAMB,Gambling.com Group Limited Ordinary Shares,$3.90,-0.08,-2.01%,139279339.00,Jersey,2021,650398,Consumer Discretionary,Services-Misc. Amusement & Recreation
GAME,GameSquare Holdings Inc. Common Stock,$0.281,-0.0036,-1.265%,27818605.00,United States,,1023355,Consumer Discretionary,Services-Misc. Amusement & Recreation
GANX,Gain Therapeutics Inc. Common Stock,$1.95,0.05,2.632%,97066482.00,United States,2021,759183,Health Care,Biotechnology: Pharmaceutical Preparations
GAP,Gap Inc. (The) Common Stock,$23.91,-0.17,-0.706%,8907969662.00,United States,,9356033,Consumer Discretionary,Clothing/Shoe/Accessory Stores
GASS,StealthGas Inc. Common Stock,$9.09,-0.36,-3.81%,336136192.00,Greece,2005,164836,Consumer Discretionary,Marine Transportation
GATX,GATX Corporation Common Stock,$164.70,-0.61,-0.369%,5850742520.00,United States,,451751,Consumer Discretionary,Transportation Services
GAU,Galiano Gold Inc.,$2.18,-0.10,-4.386%,566343153.00,Canada,,9885991,Industrials,Mining & Quarrying of Nonmetallic Minerals (No Fuels)
GAUZ,Gauzy Ltd. Ordinary Shares,$0.7271,0.0203,2.872%,13627376.00,Israel,2024,160103,Miscellaneous,Industrial Machinery/Components
GAVA,Grayscale Avalanche Staking ETF Common Units of Fractional Undivided Beneficial Interest,$22.9338,0.0588,0.257%,0.00,United States,,2249,Finance,Investment Bankers/Brokers/Service
GBAB,Guggenheim Taxable Municipal Bond & Investment Grade Debt Trust Common Shares of Beneficial Interest,$14.25,-0.45,-3.061%,319155896.00,United States,2010,227894,Finance,Investment Managers
GBCI,Glacier Bancorp Inc. Common Stock,$43.34,0.43,1.002%,5638859397.00,United States,,1516094,Finance,Major Banks
GBDC,Golub Capital BDC Inc. Common Stock,$12.35,-0.20,-1.594%,3250868035.00,United States,2010,2993399,Finance,Finance: Consumer Services
GBFH,GBank Financial Holdings Inc. Common Stock,$25.28,-0.57,-2.205%,363428137.00,United States,,87339,Finance,Commercial Banks
GBLI,Global Indemnity Group LLC Class A Common Stock ,$28.84,0.65,2.306%,413102833.00,United States,,6882,Finance,Property-Casualty Insurers
GBR,New Concept Energy Inc Common Stock,$0.999,0.1056,11.82%,5126802.00,United States,1993,249906,Energy,Oil & Gas Production
GBTG,Global Business Travel Group Inc. Class A Common Stock,$5.46,-0.04,-0.727%,2861038187.00,United States,2020,2114204,Consumer Discretionary,Transportation Services
GBX,Greenbrier Companies Inc. (The) Common Stock,$50.28,-0.24,-0.475%,1552956276.00,United States,1994,1113653,Industrials,Railroads
GCBC,Greene County Bancorp Inc. Common Stock,$22.90,0.74,3.339%,389914361.00,United States,,56544,Finance,Banks
GCDT,Green Circle Decarbonize Technology Limited Ordinary Shares,$0.8802,-0.4198,-32.292%,11002500.00,,2026,289265,Industrials,Industrial Machinery/Components
GCL,GCL Global Holdings Ltd Ordinary Shares,$0.5714,-0.0696,-10.858%,72178234.00,Singapore,,226915,Technology,Computer Software: Prepackaged Software
GCLWW,GCL Global Holdings Ltd Warrants,$0.025,-0.0003,-1.186%,3157956.00,Singapore,,12500,Technology,Computer Software: Prepackaged Software
GCMG,GCM Grosvenor Inc. Class A Common Stock,$9.69,-0.38,-3.774%,1962000095.00,United States,,2642414,Finance,Investment Managers
GCO,Genesco Inc. Common Stock,$24.84,-0.80,-3.12%,268091562.00,United States,,252126,Consumer Discretionary,Clothing/Shoe/Accessory Stores
GCT,GigaCloud Technology Inc Class A Ordinary Shares,$40.31,-2.43,-5.686%,1476075248.00,United States,2022,1043953,Consumer Discretionary,Catalog/Specialty Distribution
GCTK,GlucoTrack Inc. Common Stock,$1.09,-0.005,-0.457%,1102294.00,United States,,63787,Health Care,Medical/Dental Instruments
GCTS,GCT Semiconductor Holding Inc. Common Stock,$1.29,0.05,4.032%,93484930.00,United States,2021,952992,Technology,Semiconductors
GCV,Gabelli Convertible and Income Securities Fund Inc. (The) Common Stock,$4.25,-0.03,-0.701%,80920123.00,United States,,40053,Finance,Finance/Investors Services
GD,General Dynamics Corporation Common Stock,$345.78,-3.85,-1.101%,93495370867.00,United States,,2893939,Industrials,Marine Transportation
GDC,GD Culture Group Limited Common Stock,$2.32,-1.30,-35.912%,140962530.00,United States,2015,247975,Industrials,Steel/Iron Ore
GDDY,GoDaddy Inc. Class A Common Stock,$84.89,1.23,1.47%,11320430992.00,United States,2015,5605076,Technology,EDP Services
GDEN,Golden Entertainment Inc. Common Stock,$26.20,-1.02,-3.747%,686415870.00,United States,,313701,Consumer Discretionary,Services-Misc. Amusement & Recreation
GDEV,GDEV Inc. Ordinary Shares,$14.00,0.00,0.00%,253821260.00,Cyprus,,110,Technology,EDP Services
GDEVW,GDEV Inc. Warrant,$0.0082,-0.0018,-18.00%,148667.00,Cyprus,,2766,Technology,EDP Services
GDHG,Golden Heaven Group Holdings Ltd. Class A Ordinary Shares,$1.69,-0.11,-6.111%,33854241.00,China,2023,5260,Consumer Discretionary,Services-Misc. Amusement & Recreation
GDL,GDL Fund The Common Shares of Beneficial Interest,$8.24,-0.06,-0.723%,0.00,United States,2007,12394,Finance,Investment Managers
GDO,Western Asset Global Corporate Opportunity Fund Inc. Common Stock,$10.83,-0.06,-0.551%,0.00,United States,2009,18154,Finance,Finance Companies
GDOT,Green Dot Corporation Class A Common Stock $0.001 par value,$11.04,-0.15,-1.34%,613466172.00,United States,2010,1101062,Finance,Finance: Consumer Services
GDRX,GoodRx Holdings Inc. Class A Common Stock,$2.03,-0.12,-5.581%,695426231.00,United States,2020,3461242,Technology,EDP Services
GDS,GDS Holdings Limited ADS,$41.38,-3.17,-7.116%,8291607005.00,China,2016,2700559,Technology,Computer Software: Programming Data Processing
GDTC,CytoMed Therapeutics Limited Ordinary Shares,$1.10,0.05,4.762%,12694000.00,Singapore,2023,8159,Health Care,Biotechnology: Pharmaceutical Preparations
GDV,Gabelli Dividend & Income Trust Common Shares of Beneficial Interest,$26.34,-0.55,-2.045%,2375564853.00,United States,2003,111480,Finance,Investment Managers
GDV^H,The Gabelli Dividend & Income Trust 5.375% Series H Cumulative Preferred Shares,$22.42,-0.15,-0.665%,,United States,,3299,,
GDV^K,The Gabelli Dividend & Income Trust 4.250% Series K Cumulative Preferred Shares,$18.11,-0.095,-0.522%,,United States,,4067,,
GDYN,Grid Dynamics Holdings Inc. Class A Common Stock,$6.02,0.05,0.838%,513829701.00,United States,2018,2774155,Technology,Computer Software: Prepackaged Software
GE,GE Aerospace Common Stock,$286.79,-4.82,-1.653%,299646681558.00,United States,,10184861,Technology,Consumer Electronics/Appliances
GECC,Great Elm Capital Corp. Common Stock,$4.90,-0.06,-1.21%,37249604.00,United States,,62285,Finance,Finance: Consumer Services
GECCG,Great Elm Capital Corp. 7.75% Notes Due 2030,$24.00,-0.04,-0.166%,0.00,United States,,3372,Finance,Finance: Consumer Services
GECCH,Great Elm Capital Corp. 8.125% Notes Due 2029,$25.15,0.2499,1.004%,0.00,United States,,864,,
GECCI,Great Elm Capital Corp. 8.50% NOTES DUE 2029,$25.00,-0.28,-1.108%,0.00,United States,,1563,Finance,Finance Companies
GECCO,Great Elm Capital Corp. 5.875% Notes due 2026,$25.015,-0.015,-0.06%,0.00,United States,,293,Finance,Finance Companies
GEF,Greif Inc. Class A Common Stock,$62.60,-0.77,-1.215%,2897504539.00,United States,,1063747,,
GEG,Great Elm Group Inc. Common Stock,$1.81,-0.13,-6.701%,59267641.00,United States,,134301,Technology,Computer Software: Prepackaged Software
GEGGL,Great Elm Group Inc.  7.25% Notes due 2027,$24.26,-0.17,-0.696%,703462053.00,United States,,718,Technology,Computer Software: Prepackaged Software
GEHC,GE HealthCare Technologies Inc. Common Stock ,$69.65,-0.73,-1.037%,31742971272.00,United States,,5120522,Health Care,Medical Electronics
GEL,Genesis Energy L.P. Common Units,$17.62,0.08,0.456%,2157821283.00,United States,2001,610564,Energy,Oil Refining/Marketing
GELS,Gelteq Limited Ordinary Shares,$0.76,0.02,2.703%,8140405.00,Australia,2024,10450,Health Care,Biotechnology: Pharmaceutical Preparations
GEMI,Gemini Space Station Inc. Class A Common Stock,$5.97,-0.04,-0.666%,702392696.00,United States,2025,2789238,Finance,Investment Bankers/Brokers/Service
GEN,Gen Digital Inc. Common Stock,$20.97,0.41,1.994%,12700769341.00,United States,,36118419,Technology,Computer Software: Prepackaged Software
GENB,Generate Biomedicines Inc. Common Stock,$12.27,-0.02,-0.163%,1563813966.00,United States,2026,520832,Health Care,Biotechnology: Pharmaceutical Preparations
GENC,Gencor Industries Inc. Common Stock,$14.55,-0.07,-0.479%,213269564.00,United States,,74069,Industrials,Construction/Ag Equipment/Trucks
GENI,Genius Sports Limited Ordinary Shares,$4.53,-0.17,-3.617%,1165343297.00,Guernsey,2021,5983228,Consumer Discretionary,Services-Misc. Amusement & Recreation
GENK,GEN Restaurant Group Inc. Class A Common Stock,$1.83,0.12,7.018%,60284382.00,United States,2023,187411,Consumer Discretionary,Restaurants
GENVR,Gen Digital Inc. Contingent Value Rights,$1.09,0.00,0.00%,660173514.00,United States,,2833,Technology,Computer Software: Prepackaged Software
GEO,Geo Group Inc (The) REIT,$16.43,0.05,0.305%,2207561877.00,United States,,5303116,Consumer Discretionary,Homebuilding
GEOS,Geospace Technologies Corporation Common Stock (Texas),$10.85,-1.185,-9.846%,139833910.00,United States,,178469,Industrials,Industrial Machinery/Components
GERN,Geron Corporation Common Stock,$1.46,-0.09,-5.806%,935195205.00,United States,1996,39132718,Health Care,Biotechnology: Pharmaceutical Preparations
GETY,Getty Images Holdings Inc. Class A Common Stock,$0.805,-0.0297,-3.558%,336301321.00,United States,2022,5196727,Real Estate,Real Estate
GEV,GE Vernova Inc. Common Stock,$851.07,-26.32,-3.00%,229388440926.00,United States,2024,4435582,,
GEVO,Gevo Inc. Common Stock,$2.27,-0.07,-2.991%,551202767.00,United States,2011,6157221,Industrials,Major Chemicals
GF,New Germany Fund Inc. (The) Common Stock,$10.22,-0.303,-2.879%,0.00,United States,1990,50739,Finance,Investment Managers
GFAI,Guardforce AI Co. Limited Ordinary Shares,$0.475,-0.0397,-7.713%,9986176.00,Singapore,,209230,Consumer Discretionary,Diversified Commercial Services
GFAIW,Guardforce AI Co. Limited Warrant,$0.077,0.00,0.00%,1618812.00,Singapore,,2,Consumer Discretionary,Diversified Commercial Services
GFF,Griffon Corporation Common Stock,$68.25,-1.31,-1.883%,3179028557.00,United States,,651289,Industrials,Building Products
GFI,Gold Fields Limited American Depositary Shares,$39.07,-1.68,-4.123%,34968597330.00,South Africa,,6683454,Basic Materials,Precious Metals
GFL,GFL Environmental Inc. Subordinate voting shares no par value,$40.75,-1.76,-4.14%,14634300759.00,Canada,2020,1645626,Utilities,Environmental Services
GFR,Greenfire Resources Ltd. Common Shares,$6.92,0.32,4.848%,867961760.00,Canada,,257134,Energy,Oil & Gas Production
GFS,GlobalFoundries Inc. Ordinary Shares,$43.08,-0.28,-0.646%,23970455388.00,United States,2021,8014400,Technology,Semiconductors
GGAL,Grupo Financiero Galicia S.A. American Depositary Shares,$42.95,-0.90,-2.052%,6898859770.00,Argentina,,1313491,Finance,Commercial Banks
GGB,Gerdau S.A. Common Stock,$3.26,-0.04,-1.212%,6438969085.00,Brazil,,23943291,Industrials,Steel/Iron Ore
GGG,Graco Inc. Common Stock,$83.89,-0.39,-0.463%,13870230155.00,United States,,1984272,Industrials,Fluid Controls
GGN,GAMCO Global Gold Natural Resources & Income Trust,$4.84,-0.14,-2.811%,0.00,United States,2005,989687,Finance,Finance/Investors Services
GGN^B,GAMCO Global Gold Natural Reources & Income Trust 5.00% Series B Cumulative 25.00 Liquidation Preference,$20.01,-0.15,-0.744%,,United States,,7994,,
GGR,Gogoro Inc. Ordinary Shares,$3.325,-0.05,-1.481%,49056279.00,Taiwan,,16784,Industrials,Auto Manufacturing
GGROW,Gogoro Inc. Warrant,$0.0078,0.0012,18.182%,115079.00,Taiwan,,350,Industrials,Auto Manufacturing
GGRP,The Glimpse Group Inc. Common Stock,$0.571,-0.0229,-3.856%,12034685.00,United States,2021,32173,Technology,EDP Services
GGT,Gabelli Multi-Media Trust Inc. (The) Common Stock,$3.93,-0.04,-1.008%,108215501.00,United States,,422581,Finance,Trusts Except Educational Religious and Charitable
GGT^E,Gabelli Multi-Media Trust Inc. (The) 5.125% Series E Cumulative Preferred Stock,$21.35,0.00,0.00%,,United States,,41,,
GGT^G,Gabelli Multi-Media Trust Inc. (The) 5.125% Series G Cumulative Preferred Shares,$20.81,-0.5627,-2.633%,,United States,,937,,
GGZ,Gabelli Global Small and Mid Cap Value Trust (The) Common Shares of Beneficial Interest,$14.679,-0.2198,-1.475%,130231604.00,,2014,12281,Finance,Investment Managers
GH,Guardant Health Inc. Common Stock,$85.18,-3.90,-4.378%,11173098164.00,United States,2018,2400611,Health Care,Medical Specialities
GHC,Graham Holdings Company Common Stock,$1036.87,-27.47,-2.581%,4522655856.00,United States,,82023,Real Estate,Other Consumer Services
GHG,GreenTree Hospitality Group Ltd. American depositary shares each representing one Class A ordinary share,$1.22,-0.02,-1.613%,123859879.00,,2018,20435,Consumer Discretionary,Hotels/Resorts
GHI,Greystone Housing Impact Investors LP Beneficial Unit Certificates representing assignments of limited partnership interests,$5.35,-0.54,-9.168%,126059429.00,United States,2022,488044,Finance,Finance: Consumer Services
GHM,Graham Corporation Common Stock,$79.93,-2.75,-3.326%,885047305.00,United States,1978,200483,Industrials,Industrial Machinery/Components
GHRS,GH Research PLC Ordinary Shares,$13.97,-0.84,-5.672%,866550648.00,Ireland,2021,240060,Health Care,Biotechnology: Pharmaceutical Preparations
GHY,PGIM Global High Yield Fund Inc.,$11.59,-0.10,-0.855%,0.00,United States,2012,94094,Finance,Trusts Except Educational Religious and Charitable
GIB,CGI Inc. Common Stock,$72.80,0.90,1.252%,15634374683.00,Canada,,459190,Consumer Discretionary,Professional Services
GIBO,GIBO Holdings Limited Class A Ordinary Shares,$1.40,-0.02,-1.408%,5257470.00,Hong Kong,,20380,Technology,Computer Software: Prepackaged Software
GIC,Global Industrial Company Common Stock,$30.29,-0.12,-0.395%,1156979315.00,United States,,176028,Industrials,Industrial Machinery/Components
GIFT,Giftify Inc. Common Stock,$0.90,0.0205,2.331%,30278081.00,United States,,91046,Consumer Discretionary,Catalog/Specialty Distribution
GIG,GigCapital7 Corp. Class A Ordinary Share,$10.655,0.005,0.047%,0.00,United States,2024,2052,Finance,Blank Checks
GIGGU,GigCapital7 Corp. Unit,$11.27,0.00,0.00%,1756173671.00,United States,2024,9,Technology,Computer Software: Prepackaged Software
GIGGW,GigCapital7 Corp. Warrant,$0.35,0.00,0.00%,0.00,United States,2024,11264,Finance,Blank Checks
GIGM,GigaMedia Limited Ordinary Shares,$1.51,0.00,0.00%,16688875.00,Taiwan,,1,Technology,Computer Software: Programming Data Processing
GIII,G-III Apparel Group LTD. Common Stock,$26.64,-0.41,-1.516%,1123922606.00,United States,1989,1309857,Consumer Discretionary,Apparel
GIL,Gildan Activewear Inc. Class A Sub. Vot. Common Stock,$55.99,-0.51,-0.903%,10366660480.00,Canada,2000,1233347,Consumer Discretionary,Apparel
GILD,Gilead Sciences Inc. Common Stock,$137.21,-3.90,-2.764%,170335310647.00,United States,1992,15520575,Health Care,Biotechnology: Biological Products (No Diagnostic Substances)
GILT,Gilat Satellite Networks Ltd. Ordinary Shares,$16.25,-1.49,-8.399%,1226402905.00,Israel,,3635446,Technology,Radio And Television Broadcasting And Communications Equipment
GIPR,Generation Income Properties Inc. Common Stock,$0.34,0.003,0.89%,1852242.00,United States,,186966,Real Estate,Real Estate Investment Trusts
GIPRW,Generation Income Properties Inc Warrant,$0.0401,-0.0074,-15.579%,218456.00,United States,,256,Real Estate,Real Estate Investment Trusts
GIS,General Mills Inc. Common Stock,$37.01,-0.49,-1.307%,19747872818.00,United States,,28143562,Consumer Staples,Packaged Foods
GITS,Global Interactive Technologies Inc. Common Stock,$2.56,-0.13,-4.833%,19252127.00,South Korea,2023,40876,Technology,Computer Software: Programming Data Processing
GIW,GigCapital8 Corp. Class A Ordinary Shares,$9.98,0.01,0.10%,0.00,United States,2025,20208,,
GIWWR,GigCapital8 Corp. Rights,$0.292,-0.0279,-8.721%,0.00,United States,2025,100,,
GIX,GigCapital9 Corp. Class A Ordinary Share,$9.80,-0.01,-0.102%,0.00,United States,2026,28525,Finance,Blank Checks
GIXXR,GigCapital9 Corp. Rights,$0.2505,-0.0195,-7.222%,0.00,United States,2026,2000,,
GIXXU,GigCapital9 Corp. Units,$10.05,-0.01,-0.099%,0.00,United States,2026,4864,Finance,Blank Checks
GJH,Synthetic Fixed-Income Securities Inc 6.375% (STRATS) Cl A-1,$9.80,0.00,0.00%,0.00,United States,,9,Finance,Finance: Consumer Services
GJR,Synthetic Fixed-Income Securities Inc. STRATS Trust for Procter&Gamble Securities Series 2006-1,$24.53,-0.14,-0.567%,0.00,United States,,1000,Finance,Finance: Consumer Services
GJS,Goldman Sachs Group Securities STRATS Trust for Goldman Sachs Group Securities Series 2006-2,$23.37,0.02,0.086%,7292352201.00,United States,,1000,Finance,Finance: Consumer Services
GJT,Synthetic Fixed-Income Securities Inc. Floating Rate Structured Repackaged Asset-Backed Trust Securities Certificates Series 2006-3,$23.01,-0.29,-1.245%,0.00,United States,,1100,Finance,Finance: Consumer Services
GKOS,Glaukos Corporation Common Stock,$100.99,-1.10,-1.077%,5865379224.00,United States,2015,1143582,Health Care,Medical/Dental Instruments
GL,Globe Life Inc. Common Stock,$136.80,-0.91,-0.661%,10757559384.00,United States,,784524,Finance,Life Insurance
GL^D,Globe Life Inc. 4.25% Junior Subordinated Debentures due 2061,$15.60,-0.20,-1.266%,,United States,,15395,,
GLAD,Gladstone Capital Corporation Common Stock,$17.57,-0.54,-2.982%,396960222.00,United States,2001,575518,Consumer Discretionary,Textiles
GLBE,Global-E Online Ltd. Ordinary Shares,$32.34,-1.65,-4.854%,5469705207.00,Israel,2021,979585,Technology,Computer Software: Prepackaged Software
GLBS,Globus Maritime Limited Common Stock,$1.72,-0.03,-1.714%,37121558.00,Greece,,47612,Consumer Discretionary,Marine Transportation
GLDD,Great Lakes Dredge & Dock Corporation Common Stock,$16.94,-0.01,-0.059%,1131266718.00,United States,,3313392,Industrials,Military/Government/Technical
GLDG,GoldMining Inc. Common Shares,$1.09,-0.03,-2.679%,232995643.00,,,2937048,Basic Materials,Precious Metals
GLE,Global Engine Group Holding Limited Class A Ordinary Shares,$0.43,0.00,0.00%,7869000.00,Hong Kong,2024,50178,Technology,EDP Services
GLIBA,GCI Liberty Inc. Series A GCI Group Common Stock,$35.38,-0.26,-0.73%,1408430002.00,United States,,100855,Telecommunications,Cable & Other Pay Television Services
GLIBK,GCI Liberty Inc. Series C GCI Group Common Stock,$35.40,-0.49,-1.365%,1409226175.00,United States,,819469,Telecommunications,Cable & Other Pay Television Services
GLMD,Galmed Pharmaceuticals Ltd. Ordinary Shares,$0.60,0.0165,2.828%,3287539.00,Israel,2014,6802,Health Care,Biotechnology: Pharmaceutical Preparations
GLNG,Golar Lng Ltd,$52.67,1.71,3.356%,5510465811.00,Bermuda,,6704797,Consumer Discretionary,Marine Transportation
GLO,Clough Global Opportunities Fund Common Stock,$5.545,-0.115,-2.032%,0.00,United States,2006,246531,Finance,Finance/Investors Services
GLOB,Globant S.A. Common Shares,$44.71,-0.33,-0.733%,1930557949.00,United States,2014,1514117,Technology,EDP Services
GLOO,Gloo Holdings Inc. Class A Common Stock,$5.37,-0.195,-3.504%,434207718.00,United States,2025,481782,Technology,EDP Services
GLOP^A,GasLog Partners LP 8.625% Series A Cumulative Redeemable Perpetual Fixed to Floating Rate Preference Units,$25.2017,-0.2282,-0.897%,,Greece,,11840,,
GLOP^B,GasLog Partners LP 8.200% Series B Cumulative Redeemable Perpetual Fixed to Floating Rate Preference Units,$25.77,0.02,0.078%,,Greece,,6457,,
GLOP^C,GasLog Partners LP 8.500% Series C Cumulative Redeemable Perpetual Fixed to Floating Rate Preference Units,$25.32,-0.2655,-1.038%,,Greece,,395,,
GLP,Global Partners LP Common Units representing Limited Partner Interests,$46.64,-1.85,-3.815%,1585553058.00,United States,2005,213862,Energy,Oil Refining/Marketing
GLP^B,Global Partners LP 9.50% Series B Fixed Rate Cumulative Redeemable Perpetual Preferred Units representing limited partner interests,$25.41,0.0232,0.091%,,United States,,7485,,
GLPG,Galapagos NV American Depositary Shares,$32.01,-0.52,-1.599%,2109365243.00,Belgium,2015,134849,Health Care,Biotechnology: Pharmaceutical Preparations
GLPI,Gaming and Leisure Properties Inc. Common Stock,$46.04,-1.08,-2.292%,13039533560.00,United States,,4058717,Real Estate,Real Estate Investment Trusts
GLQ,Clough Global Equity Fund Clough Global Equity Fund Common Shares of Beneficial Interest,$7.54,-0.187,-2.42%,0.00,United States,2005,19609,Finance,Finance/Investors Services
GLRE,Greenlight Capital Re Ltd. Class A Ordinary Shares,$15.99,-0.25,-1.539%,543397812.00,Cayman Islands,2007,345118,Finance,Property-Casualty Insurers
GLSI,Greenwich LifeSciences Inc. Common Stock,$24.10,-1.78,-6.878%,333894390.00,United States,2020,137806,Health Care,Biotechnology: Pharmaceutical Preparations
GLU,Gabelli Global Utility Common Shares of Beneficial Ownership,$18.55,-0.93,-4.774%,110723299.00,United States,2004,17102,Finance,Finance/Investors Services
GLU^A,The Gabelli Global Utility and Income Trust Series A Cumulative Puttable and Callable Preferred Shares,$52.00,1.00,1.961%,,United States,,160,,
GLU^B,The Gabelli Global Utility and Income Trust Series B Cumulative Puttable and Callable Preferred Shares,$50.2199,0.0889,0.177%,,United States,,1254,,
GLUE,Monte Rosa Therapeutics Inc. Common Stock,$15.63,-0.43,-2.677%,1250644875.00,United States,2021,5472677,Health Care,Biotechnology: Biological Products (No Diagnostic Substances)
GLV,Clough Global Dividend and Income Fund Common Shares of beneficial interest,$5.85,-0.07,-1.182%,74351061.00,United States,2004,30149,Finance,Finance/Investors Services
GLW,Corning Incorporated Common Stock,$124.58,-8.50,-6.387%,106883175419.00,United States,,22203214,Industrials,Telecommunications Equipment
GLXG,Galaxy Payroll Group Limited Class A Ordinary Shares,$2.415,0.055,2.331%,14397059.00,Hong Kong,2024,41568,Industrials,Diversified Commercial Services
GLXY,Galaxy Digital Inc. Class A Common Stock,$20.72,-0.33,-1.568%,8093446038.00,United States,,5573793,Finance,Investment Bankers/Brokers/Service
GM,General Motors Company Common Stock,$72.81,-0.98,-1.328%,65817899377.00,United States,2010,17758126,Industrials,Auto Manufacturing
GMAB,Genmab A/S ADS,$25.10,-0.63,-2.449%,16123840408.00,Denmark,2019,2196844,Health Care,Biotechnology: Pharmaceutical Preparations
GME,GameStop Corporation Common Stock,$22.57,-0.66,-2.841%,10111573964.00,United States,2002,7077854,Consumer Discretionary,Electronics Distribution
GMED,Globus Medical Inc. Class A Common Stock,$86.26,-0.04,-0.046%,11666928179.00,United States,2012,1538221,Health Care,Medical/Dental Instruments
GMEX,GMEX ROBOTICS CORPORATION Class A Ordinary Shares,$0.83,-0.0699,-7.768%,1169967.00,Australia,2023,139619,Consumer Discretionary,Recreational Games/Products/Toys
GMHS,Gamehaus Holdings Inc. Class A Ordinary Shares,$1.085,0.015,1.402%,58122753.00,China,,4823,Technology,EDP Services
GMM,Global Mofy AI Limited Class A Ordinary Shares,$1.13,-0.01,-0.877%,56011901.00,China,2023,150149,Technology,Computer Software: Programming Data Processing
GNE,Genie Energy Ltd. Class B Common Stock Stock,$13.53,-0.33,-2.381%,358476728.00,United States,2011,185801,Utilities,Power Generation
GNK,Genco Shipping & Trading Limited Ordinary Shares New (Marshall Islands),$21.60,-0.94,-4.17%,935664696.00,United States,,798150,Consumer Discretionary,Marine Transportation
GNL,Global Net Lease Inc. Common Stock,$9.22,-0.35,-3.657%,1974794929.00,United States,2015,6390893,Real Estate,Real Estate Investment Trusts
GNL^A,Global Net Lease Inc. 7.25% Series A Cumulative Redeemable Preferred Stock $0.01 par value per share,$22.30,-0.35,-1.545%,,United States,,6779,,
GNL^B,Global Net Lease Inc. 6.875% Series B Cumulative Redeemable Perpetual Preferred Stock,$21.30,-0.38,-1.753%,,United States,,3489,,
GNL^D,Global Net Lease Inc. 7.50% Series D Cumulative Redeemable Perpetual Preferred Stock,$23.37,-0.03,-0.128%,,United States,,5259,,
GNL^E,Global Net Lease Inc. 7.375% Series E Cumulative Redeemable Perpetual Preferred Stock,$22.4601,-0.1269,-0.562%,,United States,,6639,,
GNLN,Greenlane Holdings Inc. Class A Common Stock,$0.609,-0.001,-0.164%,3002104.00,United States,2019,248048,Consumer Discretionary,Durable Goods
GNLX,Genelux Corporation Common Stock,$2.40,-0.14,-5.512%,91312267.00,United States,2023,504674,Health Care,Biotechnology: Pharmaceutical Preparations
GNPX,Genprex Inc. Common Stock,$1.88,-0.04,-2.083%,4359521.00,United States,2018,249529,Health Care,Biotechnology: Pharmaceutical Preparations
GNRC,Generac Holdlings Inc. Common Stock,$199.31,-1.54,-0.767%,11694679079.00,United States,2010,1587540,Consumer Discretionary,Metal Fabrications
GNS,Genius Group Limited Ordinary Shares,$0.346,-0.0316,-8.369%,55304351.00,Singapore,2022,1394080,Consumer Discretionary,Services-Misc. Amusement & Recreation
GNSS,Genasys Inc. Common Stock,$1.81,-0.02,-1.093%,81834283.00,United States,,87947,Consumer Staples,Consumer Electronics/Appliances
GNT,GAMCO Natural Resources Gold & Income Trust,$7.68,-0.10,-1.285%,141891372.00,United States,2011,120725,Finance,Finance/Investors Services
GNT^A,GAMCO Natural Resources Gold & Income Tust  5.20% Series A Cumulative Preferred Shares (Liquidation Preference $25.00 per share),$20.98,-0.135,-0.639%,,United States,,2670,,
GNTA,Genenta Science S.p.A. American Depositary Shares,$0.6306,0.0054,0.864%,14776335.00,Italy,2021,101901,Health Care,Biotechnology: Biological Products (No Diagnostic Substances)
GNTX,Gentex Corporation Common Stock,$20.70,-0.21,-1.004%,4458828914.00,United States,,3306427,Consumer Discretionary,Auto Parts:O.E.M.
GNW,Genworth Financial Inc Common Stock,$7.99,0.01,0.125%,3097012266.00,United States,2004,7235681,Finance,Life Insurance
GO,Grocery Outlet Holding Corp. Common Stock,$5.79,-0.04,-0.686%,568306368.00,United States,2019,6593206,Consumer Staples,Food Chains
GOAI,Eva Live Inc. Common Stock,$4.54,-0.58,-11.328%,142943666.00,United States,,430449,Technology,Computer Software: Programming Data Processing
GOCO,GoHealth Inc. Class A Common Stock,$1.52,0.04,2.703%,43645280.00,United States,2020,111683,Finance,Specialty Insurers
GOF,Guggenheim Strategic Opportunities Fund Common Shares of Beneficial Interest,$10.82,-0.26,-2.347%,0.00,United States,,1894878,Finance,Finance/Investors Services
GOGO,Gogo Inc. Common Stock,$4.26,-0.17,-3.837%,573744885.00,United States,2013,5311242,Consumer Discretionary,Telecommunications Equipment
GOLD,Gold.com Inc. Common Stock,$42.26,-1.71,-3.889%,1069050882.00,United States,,1071637,Industrials,Other Specialty Stores
GOLF,Acushnet Holdings Corp. Common Stock,$89.33,-1.97,-2.158%,5231196780.00,United States,2016,792340,Consumer Discretionary,Recreational Games/Products/Toys
GOOD,Gladstone Commercial Corporation Real Estate Investment Trust,$11.70,-0.33,-2.743%,566361818.00,United States,2003,1024005,Real Estate,Real Estate
GOODN,Gladstone Commercial Corporation 6.625% Series E Cumulative Redeemable Preferred Stock,$22.20,-0.25,-1.114%,1074635245.00,United States,,2692,Real Estate,Real Estate
GOODO,Gladstone Commercial Corporation 6.00% Series G Cumulative Redeemable Preferred Stock par value $0.001 per share,$19.69,-0.22,-1.105%,953133692.00,United States,,4006,Real Estate,Real Estate
GOOG,Alphabet Inc. Class C Capital Stock,$298.79,-6.94,-2.27%,3614462630000.00,United States,2004,34719344,Technology,Computer Software: Programming Data Processing
GOOGL,Alphabet Inc. Class A Common Stock,$301.00,-6.13,-1.996%,3641197000000.00,United States,2004,44325171,Technology,Computer Software: Programming Data Processing
GOOS,Canada Goose Holdings Inc. Subordinate Voting Shares,$10.78,-0.03,-0.278%,1047044680.00,,2017,385831,Consumer Discretionary,Apparel
GORO,Gold Resource Corporation Common Stock,$0.9852,-0.1348,-12.036%,159463338.00,United States,,3354057,Basic Materials,Precious Metals
GOSS,Gossamer Bio Inc. Common Stock,$0.4224,-0.0296,-6.549%,99135709.00,United States,2019,29563855,Health Care,Biotechnology: Pharmaceutical Preparations
GOTU,Gaotu Techedu Inc. American Depositary Shares,$1.96,0.01,0.513%,474421859.00,China,2019,534081,Real Estate,Other Consumer Services
GOVX,GeoVax Labs Inc. Common Stock,$1.47,0.04,2.797%,2677718.00,United States,,147802,Health Care,Biotechnology: Pharmaceutical Preparations
GP,GreenPower Motor Company Inc. Common Shares,$1.01,-0.0762,-7.015%,5079584.00,Canada,,21211,Consumer Discretionary,Construction/Ag Equipment/Trucks
GPAC,General Purpose Acquisition Corp. Class A Ordinary Shares,$9.90,0.00,0.00%,0.00,United States,2026,1,,
GPACU,General Purpose Acquisition Corp. Units,$10.02,-0.01,-0.10%,0.00,United States,2025,202,,
GPACW,General Purpose Acquisition Corp. Warrant,$0.25,0.00,0.00%,2467390.00,United States,2026,100000,Industrials,Major Chemicals
GPAT,GP-Act III Acquisition Corp. Class A Ordinary Share,$10.82,0.04,0.371%,0.00,United States,2024,88933,,
GPATW,GP-Act III Acquisition Corp. Warrants,$0.1501,-0.0299,-16.611%,0.00,United States,2024,12477,,
GPC,Genuine Parts Company Common Stock,$96.38,-2.71,-2.735%,13408588769.00,United States,,3982012,Consumer Discretionary,Automotive Aftermarket
GPCR,Structure Therapeutics Inc. American Depositary Shares,$48.59,-1.87,-3.706%,3442203645.00,United States,2023,908936,Health Care,Biotechnology: Pharmaceutical Preparations
GPGI,GPGI Inc. Class A Common Stock,$17.06,-0.23,-1.33%,4941302534.00,United States,,31621750,Finance,Finance: Consumer Services
GPI,Group 1 Automotive Inc. Common Stock,$318.33,2.03,0.642%,3796148598.00,United States,1997,764496,Consumer Discretionary,Retail-Auto Dealers and Gas Stations
GPJA,Georgia Power Company Series 2017A 5.00% Junior Subordinated Notes due October 1 2077,$21.46,-0.535,-2.432%,198751790.00,United States,2017,21965,Utilities,Electric Utilities: Central
GPK,Graphic Packaging Holding Company,$8.91,-0.45,-4.808%,2635051517.00,United States,,26409818,Consumer Discretionary,Containers/Packaging
GPMT,Granite Point Mortgage Trust Inc. Common Stock,$1.53,0.03,2.00%,72772374.00,United States,2017,535185,Real Estate,Real Estate Investment Trusts
GPMT^A,Granite Point Mortgage Trust Inc. 7.00% Series A Fixed-to-Floating Rate Cumulative Redeemable Preferred Stock,$18.75,-0.17,-0.899%,,United States,,22298,,
GPN,Global Payments Inc. Common Stock,$68.50,0.32,0.469%,18854146391.00,United States,,5448340,Real Estate,Real Estate
GPOR,Gulfport Energy Corporation Common Shares,$204.92,1.05,0.515%,3802990402.00,United States,2021,838529,Energy,Oil & Gas Production
GPRE,Green Plains Inc. Common Stock,$15.50,-1.01,-6.118%,1082502082.00,United States,,3300236,Industrials,Major Chemicals
GPRK,Geopark Ltd Common Shares,$9.80,-0.39,-3.827%,502223413.00,Bermuda,2014,873872,Energy,Oil & Gas Production
GPRO,GoPro Inc. Class A Common Stock,$0.6255,-0.0547,-8.042%,102683589.00,United States,2014,9582722,Consumer Discretionary,Industrial Machinery/Components
GPUS,Hyperscale Data Inc. Common Stock,$0.169,0.007,4.321%,65029881.00,United States,1997,17729947,Technology,Industrial Machinery/Components
GPUS^D,Hyperscale Data Inc. 13.00% Series D Cumulative Redeemable Perpetual Preferred Stock,$21.55,0.30,1.412%,,United States,,105,,
GRAB,Grab Holdings Limited Class A Ordinary Shares,$3.56,-0.12,-3.261%,14597715147.00,Singapore,,52621758,Real Estate,Real Estate
GRABW,Grab Holdings Limited Warrant,$0.0951,-0.0049,-4.90%,389955818.00,Singapore,,18731,Real Estate,Real Estate
GRAF,Graf Global Corp. Class A ordinary shares,$10.70,0.00,0.00%,0.00,,2024,2801,,
GRAL,GRAIL Inc. Common Stock ,$46.84,-1.63,-3.363%,1921388744.00,United States,,1199744,Health Care,Medical Specialities
GRAN,Grande Group Limited Class A Ordinary Shares,$1.83,0.25,15.823%,41632500.00,Hong Kong,2025,13765,Finance,Finance: Consumer Services
GRBK,Green Brick Partners Inc. Common Stock,$61.26,-1.67,-2.654%,2643815708.00,United States,2021,546235,Consumer Discretionary,Homebuilding
GRBK^A,Green Brick Partners Inc. Depositary Shares (each representing a 1/1000th fractional interest in a share of 5.75% Series A Cumulative Perpetual Preferred Stock),$21.54,-0.57,-2.578%,,United States,,5008,,
GRC,Gorman-Rupp Company (The) Common Stock,$58.73,-1.78,-2.942%,1545353211.00,United States,1971,595950,Industrials,Fluid Controls
GRCE,Grace Therapeutics Inc. Common Stock,$4.42,0.04,0.913%,59301969.00,Canada,,489795,Health Care,Biotechnology: Pharmaceutical Preparations
GRDN,Guardian Pharmacy Services Inc. Class A Common Stock,$35.62,1.23,3.577%,2255480983.00,United States,2024,854512,Consumer Staples,Retail-Drug Stores and Proprietary Stores
GRDX,GridAI Technologies Corp. Common Stock,$2.05,-0.04,-1.914%,6891901.00,United States,2016,100189,Health Care,Biotechnology: Pharmaceutical Preparations
GREE,Greenidge Generation Holdings Inc. Class A Common Stock,$1.27,0.01,0.794%,20064726.00,United States,,137271,Finance,Finance: Consumer Services
GREEL,Greenidge Generation Holdings Inc. 8.50% Senior Notes due 2026,$19.95,-0.55,-2.683%,312684669.00,United States,,7905,Finance,Finance: Consumer Services
GRF,Eagle Capital Growth Fund Inc. Common Stock,$10.36,0.00,0.00%,0.00,United States,,597,Finance,Finance/Investors Services
GRFS,Grifols S.A. American Depositary Shares,$7.58,-0.19,-2.445%,5211666203.00,Spain,,1560296,Health Care,Biotechnology: Pharmaceutical Preparations
GRI,GRI Bio Inc. Common Stock,$2.36,-0.25,-9.579%,3410268.00,United States,2021,50544,Health Care,Biotechnology: Pharmaceutical Preparations
GRML,Greenland Mines Ltd. Common Stock,$0.4049,0.0514,14.54%,0.00,United States,2022,2772867,,
GRMLW,Greenland Mines Ltd Warrant,$0.1105,-0.0328,-22.889%,11943797.00,United States,2022,33238,Health Care,Biotechnology: Biological Products (No Diagnostic Substances)
GRMN,Garmin Ltd. Common Stock (Switzerland),$232.36,-2.75,-1.17%,44724845659.00,Switzerland,2000,1376759,Industrials,Industrial Machinery/Components
GRND,Grindr Inc. Common Stock,$12.55,0.03,0.24%,2323603798.00,Singapore,2021,1350756,Technology,Computer Software: Programming Data Processing
GRNQ,Greenpro Capital Corp. Common Stock,$2.28,0.06,2.703%,19666854.00,China,,10681,Technology,EDP Services
GRNT,Granite Ridge Resources Inc. Common Stock,$5.49,0.04,0.734%,721742383.00,United States,2022,1353168,Energy,Oil & Gas Production
GRO,Brazil Potash Corp. Common Shares,$2.90,-0.60,-17.143%,154764558.00,,2024,1834847,Industrials,Mining & Quarrying of Nonmetallic Minerals (No Fuels)
GROV,Grove Collaborative Holdings Inc. Class A Common Stock,$1.40,0.11,8.527%,58833170.00,,2021,352574,Consumer Discretionary,Catalog/Specialty Distribution
GROW,U.S. Global Investors Inc. Class A Common Stock,$2.89,-0.19,-6.169%,36277476.00,United States,,69320,Finance,Investment Managers
GROY,Gold Royalty Corp. Common Shares,$3.15,-0.10,-3.077%,726995430.00,Canada,2021,3904120,Basic Materials,Precious Metals
GRPN,Groupon Inc. Common Stock,$11.43,0.45,4.098%,465698102.00,United States,2011,2308650,Consumer Discretionary,Advertising
GRRR,Gorilla Technology Group Inc. Ordinary shares,$10.38,-0.58,-5.292%,209906872.00,Taiwan,,433602,Technology,Computer Software: Prepackaged Software
GRRRW,Gorilla Technology Group Inc. Warrant,$0.21,-0.03,-12.50%,4246671.00,Taiwan,,4960,Technology,Computer Software: Prepackaged Software
GRVY,GRAVITY Co. Ltd. American Depository Shares,$61.00,-0.10,-0.164%,423882900.00,South Korea,2005,31169,Real Estate,Real Estate
GRWG,GrowGeneration Corp. Common Stock,$1.16,0.07,6.422%,69418394.00,United States,,1634185,Consumer Discretionary,RETAIL: Building Materials
GRX,The Gabelli Healthcare & Wellness Trust Common Shares of Beneficial Interest,$9.02,-0.26,-2.802%,154178616.00,United States,,38569,Finance,Finance/Investors Services
GS,Goldman Sachs Group Inc. (The) Common Stock,$813.53,4.03,0.498%,241417404635.00,United States,1999,3910976,Finance,Investment Bankers/Brokers/Service
GS^A,Goldman Sachs Group Inc. (The) Depositary Shares each representing 1/1000th Interest in a Share of Floating Rate Non-Cumulative Preferred Stock Series A,$19.50,-0.19,-0.965%,,United States,,66950,,
GS^C,Goldman Sachs Group Inc. (The) Depositary Share repstg 1/1000th Preferred Series C,$19.38,-0.17,-0.87%,,United States,,26979,,
GS^D,Goldman Sachs Group Inc. (The) Dep Shs repstg 1/1000 Pfd Ser D Fltg,$19.22,-0.11,-0.569%,,United States,,90745,,
GSAT,Globalstar Inc. Common Stock,$58.73,-2.80,-4.551%,7549996858.00,United States,2025,1306968,Consumer Discretionary,Telecommunications Equipment
GSBC,Great Southern Bancorp Inc. Common Stock,$61.01,-0.64,-1.038%,668860744.00,United States,1989,133937,Finance,Major Banks
GSBD,Goldman Sachs BDC Inc. Common Stock,$9.04,-0.24,-2.586%,1017624366.00,United States,2015,2418011,Finance,Investment Managers
GSHD,Goosehead Insurance Inc. Class A Common Stock,$42.42,0.21,0.498%,1552096005.00,United States,2018,1043531,Finance,Specialty Insurers
GSHR,Gesher Acquisition Corp. II Class A Ordinary Shares,$10.31,-0.06,-0.579%,0.00,United States,2025,51000,,
GSIT,GSI Technology Common Stock,$5.83,-0.40,-6.421%,210965563.00,United States,2007,1263711,Technology,Semiconductors
GSIW,Garden Stage Limited Class A Ordinary Shares,$16.42,-0.10,-0.605%,21847697.00,Hong Kong,2023,28826,Finance,Investment Bankers/Brokers/Service
GSK,GSK plc American Depositary Shares (Each representing two Ordinary Shares),$51.84,-0.53,-1.012%,105723146799.00,United Kingdom,2022,4637060,Health Care,Biotechnology: Pharmaceutical Preparations
GSL,Global Ship Lease Inc New Class A Common Shares,$37.80,-0.92,-2.376%,1357709623.00,United Kingdom,,1093743,Consumer Discretionary,Marine Transportation
GSL^B,Global Ship Lease Inc. Depository Shares Representing 1/100th Perpetual Preferred Series B% (Marshall Island),$27.50,0.3438,1.266%,,United Kingdom,,23041,,
GSM,Ferroglobe PLC Ordinary Shares,$3.74,-0.23,-5.793%,697980758.00,United Kingdom,,2290051,Basic Materials,Metal Mining
GSRF,GSR IV Acquisition Corp. Class A ordinary share,$10.03,0.01,0.10%,0.00,United States,2025,22783,,
GSUN,Golden Sun Technology Group Limited Class A Ordinary Shares,$0.33,-0.029,-8.078%,3309527.00,China,2022,328775,Real Estate,Other Consumer Services
GT,The Goodyear Tire & Rubber Company Common Stock,$6.15,-0.21,-3.302%,1762081008.00,United States,,10993480,Consumer Discretionary,Automotive Aftermarket
GTBP,GT Biopharma Inc. Common Stock,$0.4601,0.0347,8.157%,14517946.00,United States,,1663099,Health Care,Biotechnology: Pharmaceutical Preparations
GTE,Gran Tierra Energy Inc. Common Stock,$8.64,0.06,0.699%,304981407.00,Canada,,732971,Energy,Oil & Gas Production
GTEC,Greenland Technologies Holding Corporation Class A Ordinary Shares,$0.7117,0.0027,0.381%,12379471.00,China,2018,53566,Industrials,Industrial Machinery/Components
GTEN,Gores Holdings X Inc. Class A ordinary shares,$10.25,0.01,0.098%,0.00,United States,2025,304,,
GTENU,Gores Holdings X Inc. Units,$10.35,0.00,0.00%,0.00,United States,2025,10,,
GTENW,Gores Holdings X Inc. Warrants,$0.58,-0.08,-12.121%,0.00,United States,2025,300,,
GTERA,Globa Terra Acquisition Corporation Class A Ordinary Shares,$10.255,0.065,0.638%,0.00,Mexico,2025,122,Finance,Blank Checks
GTERR,Globa Terra Acquisition Corporation Rights,$0.13,0.00,0.00%,0.00,Mexico,2025,90,Finance,Blank Checks
GTES,Gates Industrial Corporation plc Ordinary Shares,$21.74,-0.40,-1.807%,5518822896.00,United Kingdom,2018,5986586,Industrials,Industrial Machinery/Components
GTIM,Good Times Restaurants Inc. Common Stock,$1.13,-0.08,-6.612%,11930422.00,United States,,65387,Consumer Discretionary,Restaurants
GTLB,GitLab Inc. Class A Common Stock,$22.25,-0.64,-2.796%,3784725000.00,United States,2021,8022299,Technology,Computer Software: Prepackaged Software
GTLS,Chart Industries Inc. Common Stock,$207.03,-0.09,-0.043%,9909613719.00,United States,2006,3793420,Industrials,Metal Fabrications
GTM,ZoomInfo Technologies Inc Common Stock,$5.91,-0.04,-0.672%,1804291346.00,United States,2020,56032852,Technology,Computer Software: Prepackaged Software
GTN,Gray Media Inc. Common Stock,$4.53,0.14,3.189%,470105910.00,United States,,3445840,Industrials,Broadcasting
GTX,Garrett Motion Inc. Common Stock,$16.96,-0.44,-2.529%,3221909042.00,Switzerland,,6411059,Consumer Discretionary,Auto Parts:O.E.M.
GTY,Getty Realty Corporation Common Stock,$32.08,-1.15,-3.461%,1918914314.00,United States,,1181521,Finance,Real Estate
GUG,Guggenheim Active Allocation Fund Common Shares of Beneficial Interest,$15.00,-0.03,-0.20%,0.00,United States,2021,84203,Finance,Trusts Except Educational Religious and Charitable
GURE,Gulf Resources Inc. (NV) Common Stock,$4.89,0.12,2.516%,7528307.00,China,,25886,Industrials,Major Chemicals
GUT,Gabelli Utility Trust (The) Common Stock,$5.80,-0.11,-1.861%,425714368.00,United States,,247602,Finance,Trusts Except Educational Religious and Charitable
GUT^C,Gabelli Utility Trust (The) 5.375% Series C Cumulative Preferred Shares,$22.34,-0.41,-1.802%,,United States,,7713,,
GUTS,Fractyl Health Inc. Common Stock,$0.4413,0.0047,1.077%,60477711.00,United States,2024,1660800,Health Care,Medical/Dental Instruments
GV,Visionary Holdings Inc. Common Shares,$0.3562,-0.0406,-10.232%,1997337.00,Canada,2022,121469,Real Estate,Other Consumer Services
GVA,Granite Construction Incorporated Common Stock,$116.19,-3.95,-3.288%,5054691766.00,United States,,1092530,Industrials,Military/Government/Technical
GVH,Globavend Holdings Limited Ordinary Shares,$0.973,-0.067,-6.442%,2225075.00,Australia,2023,18987,Industrials,Integrated Freight & Logistics
GWAV,Greenwave Technology Solutions Inc. Common Stock,$3.69,-0.03,-0.806%,3061338.00,United States,,9966,Industrials,Metal Fabrications
GWH,ESS Tech Inc. Common Stock,$1.23,-0.03,-2.381%,33423721.00,United States,,637701,Miscellaneous,Industrial Machinery/Components
GWRE,Guidewire Software Inc. Common Stock,$155.61,-0.42,-0.269%,13173548907.00,United States,2012,2074907,Technology,Computer Software: Prepackaged Software
GWRS,Global Water Resources Inc. Common Stock,$7.48,-0.23,-2.983%,215101268.00,United States,2016,326968,Utilities,Water Supply
GWW,W.W. Grainger Inc. Common Stock,$1041.95,-1.10,-0.105%,49315477871.00,United States,,494214,Industrials,Office Equipment/Supplies/Services
GXAI,Gaxos.ai Inc. Common Stock,$1.32,-0.04,-2.941%,13490313.00,United States,2023,822217,Technology,Computer Software: Prepackaged Software
GXO,GXO Logistics Inc. Common Stock ,$49.93,-1.34,-2.614%,5727648999.00,United States,2021,2072933,Consumer Discretionary,Transportation Services
GYRE,Gyre Therapeutics Inc. Common Stock,$6.72,-0.08,-1.176%,651595466.00,United States,2006,224787,Health Care,Biotechnology: Pharmaceutical Preparations
GYRO,Gyrodyne LLC Common Stock,$8.5101,0.00,0.00%,18716331.00,United States,,34,Real Estate,Building operators
H,Hyatt Hotels Corporation Class A Common Stock,$142.11,-2.23,-1.545%,13424814084.00,United States,2009,901187,Consumer Discretionary,Hotels/Resorts
HACQU,HCM IV Acquisition Corp. Unit,$10.05,0.01,0.10%,0.00,United States,2026,927,,
HAE,Haemonetics Corporation Common Stock,$58.58,-0.32,-0.543%,2722291683.00,United States,1991,1260868,Health Care,Medical/Dental Instruments
HAFC,Hanmi Financial Corporation Common Stock,$25.34,-0.37,-1.439%,757478205.00,United States,,1620063,Finance,Major Banks
HAFN,Hafnia Limited Common Shares,$7.00,-0.13,-1.823%,3485927494.00,,2024,2440801,Consumer Discretionary,Transportation Services
HAIN,Hain Celestial Group Inc. (The) Common Stock,$0.58,-0.0897,-13.394%,52775789.00,United States,,2815917,Consumer Staples,Packaged Foods
HAL,Halliburton Company Common Stock,$36.53,-0.40,-1.083%,30595641043.00,United States,,58779009,Energy,Oilfield Services/Equipment
HALO,Halozyme Therapeutics Inc. Common Stock,$63.43,0.16,0.253%,7485818310.00,United States,,3570457,Health Care,Biotechnology: Biological Products (No Diagnostic Substances)
HAO,Haoxi Health Technology Limited Class A Ordinary Shares,$1.165,-0.01,-0.851%,69252060.00,China,2024,17972,Consumer Discretionary,Advertising
HAS,Hasbro Inc. Common Stock,$91.11,-0.25,-0.274%,12817879411.00,United States,,2715916,Consumer Discretionary,Recreational Games/Products/Toys
HASI,HA Sustainable Infrastructure Capital Inc. Common Stock,$35.62,-1.14,-3.101%,4565934455.00,United States,2013,2577869,Finance,Finance/Investors Services
HAVA,Harvard Ave Acquisition Corporation Class A Ordinary Share,$10.00,0.00,0.00%,0.00,South Korea,2025,22947,,
HAVAR,Harvard Ave Acquisition Corporation Rights that convert on a 1/10th of 1 basis to Class A ordinary Shares,$0.1301,0.00,0.00%,0.00,South Korea,2025,1000,,
HAVAU,Harvard Ave Acquisition Corporation Unit,$10.12,0.00,0.00%,0.00,South Korea,2025,16,Finance,Blank Checks
HAYW,Hayward Holdings Inc. Common Stock,$13.64,-0.14,-1.016%,2962712469.00,United States,2021,2807563,Industrials,Industrial Machinery/Components
HBAN,Huntington Bancshares Incorporated Common Stock,$15.09,-0.08,-0.527%,30740135669.00,United States,,40812197,Finance,Major Banks
HBANL,Huntington Bancshares Incorporated Depositary Shares Each Representing a 1/40th Interest in a Share of 6.875% Series J Non-Cumulative Perpetual Preferred Stock,$24.72,-0.26,-1.041%,50357597995.00,United States,,46622,Finance,Major Banks
HBANM,Huntington Bancshares Incorporated Depositary Shares each representing a 1/1000th interest in a share of Huntington Series I Preferred Stock,$21.74,-0.31,-1.406%,44286981408.00,United States,,7422,Finance,Major Banks
HBANP,Huntington Bancshares Incorporated Depositary Shares 4.500% Series H Non-Cumulative Perpetual Preferred Stock,$17.21,-0.28,-1.601%,35058829349.00,United States,,36689,Finance,Major Banks
HBANZ,Huntington Bancshares Incorporated Depositary Shares Each Representing a 1/1000th Interest in a Share of 5.50% Series L Non-Cumulative Perpetual Preferred Stock,$20.70,-0.20,-0.957%,42168376962.00,United States,,6037,Finance,Major Banks
HBB,Hamilton Beach Brands Holding Company Class A Common Stock ,$16.42,0.32,1.988%,220443968.00,United States,2017,32770,Consumer Discretionary,Home Furnishings
HBCP,Home Bancorp Inc. Common Stock,$59.56,0.29,0.489%,466732768.00,United States,2008,151481,Finance,Banks
HBIO,Harvard Bioscience Inc. Common Stock,$5.27,-0.33,-5.893%,23567382.00,United States,2000,63160,Industrials,Biotechnology: Laboratory Analytical Instruments
HBM,Hudbay Minerals Inc. Ordinary Shares (Canada),$18.08,-0.57,-3.056%,7174959607.00,Canada,,5559668,Basic Materials,Metal Mining
HBNB,Hotel101 Global Holdings Corp. Class A Ordinary Shares,$7.99,0.0699,0.883%,1870877660.00,Singapore,,1257,Consumer Discretionary,Hotels/Resorts
HBNC,Horizon Bancorp Inc. Common Stock,$15.81,-0.11,-0.691%,809882206.00,United States,,715318,Finance,Major Banks
HBT,HBT Financial Inc. Common Stock,$26.21,0.03,0.115%,823830728.00,United States,2019,151057,Finance,Major Banks
HCA,HCA Healthcare Inc. Common Stock,$493.88,-5.77,-1.155%,110416240928.00,United States,2011,2120672,Health Care,Hospital/Nursing Management
HCAC,Hall Chadwick Acquisition Corp Class A Ordinary Shares,$9.92,-0.03,-0.302%,0.00,Cayman Islands,2026,1334,Consumer Discretionary,Auto Parts:O.E.M.
HCACR,Hall Chadwick Acquisition Corp Rights,$0.24,0.01,4.348%,0.00,Cayman Islands,2026,981,,
HCACU,Hall Chadwick Acquisition Corp. Unit,$10.14,-0.01,-0.099%,0.00,Cayman Islands,2025,2436,Consumer Discretionary,Auto Parts:O.E.M.
HCAI,Huachen AI Parking Management Technology Holding Co. Ltd. Class A Ordinary Shares,$0.1527,0.0029,1.936%,5328848.00,China,2025,67364,Consumer Discretionary,Miscellaneous manufacturing industries
HCAT,Health Catalyst Inc Common Stock,$1.23,0.015,1.235%,90511005.00,United States,2019,894843,Technology,Computer Software: Programming Data Processing
HCC,Warrior Met Coal Inc. Common Stock,$88.54,-2.08,-2.295%,4674861532.00,United States,2017,1770217,Energy,Coal Mining
HCHL,Happy City Holdings Limited Class A Ordinary shares,$1.36,-0.02,-1.449%,26128320.00,Hong Kong,2025,39520,Consumer Discretionary,Restaurants
HCI,HCI Group Inc. Common Stock,$151.55,-2.49,-1.616%,1968930780.00,United States,,286858,Finance,Property-Casualty Insurers
HCICU,Hennessy Capital Investment Corp. VIII Units,$10.00,0.00,0.00%,0.00,United States,2026,15,,
HCKT,Hackett Group Inc (The). Common Stock,$13.18,-0.09,-0.678%,334514054.00,United States,,506192,Consumer Discretionary,Professional Services
HCM,HUTCHMED (China) Limited American Depositary Shares,$13.94,0.12,0.868%,2432049405.00,Hong Kong,2016,22526,Health Care,Biotechnology: Pharmaceutical Preparations
HCMA,HCM III Acquisition Corp. Class A Ordinary Share,$10.11,0.00,0.00%,801780991.00,United States,2025,1164,Consumer Discretionary,Hotels/Resorts
HCMAU,HCM III Acquisition Corp. Units,$10.31,0.00,0.00%,0.00,United States,2025,100,,
HCMAW,HCM III Acquisition Corp. Warrants,$0.5973,0.0273,4.789%,47369316.00,United States,2025,92763,Consumer Discretionary,Hotels/Resorts
HCSG,Healthcare Services Group Inc. Common Stock,$18.97,-0.19,-0.992%,1332976031.00,United States,1983,2058515,Health Care,Hospital/Nursing Management
HCTI,Healthcare Triangle Inc. Common Stock,$2.62,-0.13,-4.727%,1983298.00,United States,2021,61273,Technology,EDP Services
HCWB,HCW Biologics Inc. Common Stock,$0.7385,-0.014,-1.86%,2597166.00,United States,2021,1144208,Health Care,Biotechnology: Pharmaceutical Preparations
HCWC,Healthy Choice Wellness Corp. Class A Common Stock,$0.2882,0.0092,3.297%,6556788.00,,2024,404932,Consumer Staples,Food Chains
HCXY,Hercules Capital Inc. 6.25% Notes due 2033,$25.07,-0.11,-0.437%,4554609373.00,United States,2018,253,Finance,Investment Managers
HD,Home Depot Inc. (The) Common Stock,$320.75,-7.46,-2.273%,319470677720.00,United States,,9662334,Consumer Discretionary,RETAIL: Building Materials
HDB,HDFC Bank Limited Common Stock,$25.39,-0.75,-2.869%,129946693013.00,India,2001,14987782,Finance,Commercial Banks
HDL,SUPER HI INTERNATIONAL HOLDING LTD. American Depositary Shares,$15.15,-0.84,-5.253%,985202985.00,Singapore,2024,775,Consumer Discretionary,Restaurants
HDSN,Hudson Technologies Inc. Common Stock,$5.81,-0.11,-1.858%,246743856.00,United States,,425411,Consumer Discretionary,Industrial Specialties
HE,Hawaiian Electric Industries Inc. Common Stock,$14.06,-0.14,-0.986%,2427043893.00,United States,,7725732,Utilities,Electric Utilities: Central
HEI,Heico Corporation Common Stock,$275.16,-2.00,-0.722%,38389882669.00,United States,2000,811103,Industrials,Aerospace
HEI/A,Heico Corporation,$209.42,-4.08,-1.911%,,United States,,766548,,
HELE,Helen of Troy Limited Common Stock,$14.85,-0.13,-0.868%,342620730.00,Bermuda,,684774,Consumer Discretionary,Home Furnishings
HELP,Cybin Inc. Common Stock,$4.62,-0.19,-3.95%,231165373.00,Canada,,474821,Health Care,Biotechnology: Pharmaceutical Preparations
HEPS,D-Market Electronic Services & Trading American Depositary Shares,$2.62,-0.03,-1.132%,842023214.00,Turkey,2021,46378,Consumer Discretionary,Catalog/Specialty Distribution
HEQ,John Hancock Diversified Income Fund Common Shares of Beneficial Interest,$10.56,-0.10,-0.938%,0.00,United States,2011,56731,Finance,Investment Managers
HERE,Here Group Limited American Depositary Shares,$3.19,-0.26,-7.536%,173486922.00,China,2023,237920,Real Estate,Other Consumer Services
HERZ,Herzfeld Credit Income Fund Inc. Common Stock,$15.76,0.5099,3.344%,0.00,United States,,6769,Finance,Investment Managers
HESM,Hess Midstream LP Class A Representing Limited Partner Interests,$39.59,-0.09,-0.227%,5123074430.00,United States,2017,1383320,Energy,Oil & Gas Production
HFBL,Home Federal Bancorp Inc. of Louisiana Common Stock,$15.74,-1.74,-9.954%,48394786.00,United States,2010,4526,Finance,Savings Institutions
HFFG,HF Foods Group Inc. Common Stock,$1.88,0.03,1.622%,99722404.00,United States,2017,361684,Consumer Discretionary,Food Distributors
HFRO,Highland Opportunities and Income Fund Common Shares of Beneficial Interest,$5.57,-0.13,-2.281%,0.00,United States,2017,93478,Finance,Finance/Investors Services
HFRO^A,Highland Opportunities and Income Fund 5.375% Series A Cumulative Preferred Shares,$16.705,0.115,0.693%,,United States,,32234,,
HFRO^B,Highland Opportunities and Income Fund 5.375% Series B Cumulative Preferred Shares,$16.50,-0.075,-0.452%,,United States,,4813,,
HFWA,Heritage Financial Corporation Common Stock,$24.69,-0.33,-1.319%,1015526859.00,United States,,2213197,Finance,Banks
HG,Hamilton Insurance Group Ltd. Class B Common Shares,$28.55,0.34,1.205%,1896212859.00,Bermuda,2023,822564,Finance,Property-Casualty Insurers
HGBL,Heritage Global Inc. Common Stock,$1.21,-0.02,-1.626%,42037279.00,United States,,186541,Real Estate,Real Estate
HGLB,Highland Global Allocation Fund Common Stock,$8.20,-0.15,-1.796%,0.00,,2019,42097,Finance,Trusts Except Educational Religious and Charitable
HGTY,Hagerty Inc. Class A Common Stock,$10.49,0.25,2.441%,3594070048.00,United States,2021,316142,Finance,Specialty Insurers
HGV,Hilton Grand Vacations Inc. Common Stock ,$40.24,-1.40,-3.362%,3269856848.00,United States,2016,1094439,Consumer Discretionary,Hotels/Resorts
HHH,Howard Hughes Holdings Inc. Common Stock,$61.65,-0.41,-0.661%,3676580546.00,United States,,794279,Real Estate,Real Estate Investment Trusts
HHS,Harte Hanks Inc. Common Stock,$2.58,-0.07,-2.642%,19130169.00,United States,,27481,Consumer Discretionary,Advertising
HIFS,Hingham Institution for Savings Common Stock,$271.59,0.29,0.107%,583212366.00,United States,,41564,Finance,Banks
HIG,The Hartford Insurance Group Inc. Common Stock,$132.65,1.29,0.982%,36593256133.00,United States,,2414457,Finance,Property-Casualty Insurers
HIG^G,The Hartford Insurance Group Inc. Depositary Shares each representing a 1/1000th interest in a share of 6.000% Non-Cumulative Preferred Stock Series G,$24.62,-0.215,-0.866%,,United States,,41209,,
HIHO,Highway Holdings Limited Common Stock,$0.802,-0.019,-2.314%,3690664.00,Hong Kong,,8575,Industrials,Metal Fabrications
HII,Huntington Ingalls Industries Inc. Common Stock,$407.98,-10.44,-2.495%,16010231850.00,United States,,1810240,Industrials,Marine Transportation
HIMS,Hims & Hers Health Inc. Class A Common Stock,$22.02,-2.14,-8.858%,5019211627.00,United States,2019,33223898,Health Care,Medical/Nursing Services
HIMX,Himax Technologies Inc. American Depositary Shares,$8.59,-0.40,-4.449%,1502506226.00,Taiwan,2006,3182647,Technology,Semiconductors
HIND,Vyome Holdings Inc. Common Stock,$2.28,0.00,0.00%,16002244.00,United States,2016,30068,Health Care,Medical/Dental Instruments
HIO,Western Asset High Income Opportunity Fund Inc. Common Stock,$3.58,-0.07,-1.918%,0.00,United States,,612911,Finance,Finance/Investors Services
HIPO,Hippo Holdings Inc. Common Stock,$25.58,-0.07,-0.273%,664337617.00,United States,2021,184551,Finance,Property-Casualty Insurers
HIT,Health In Tech Inc. Class A Common Stock,$1.80,-0.20,-10.00%,102435854.00,United States,2024,365368,Finance,Specialty Insurers
HITI,High Tide Inc. Common Shares,$2.24,-0.08,-3.448%,196891202.00,Canada,,832564,Consumer Discretionary,Other Specialty Stores
HIVE,HIVE Digital Technologies Ltd. Common Shares,$2.02,-0.07,-3.349%,503375833.00,Canada,,13694900,Finance,Finance: Consumer Services
HIW,Highwoods Properties Inc. Common Stock,$20.60,-0.99,-4.585%,2264580578.00,United States,1994,3084038,Real Estate,Real Estate Investment Trusts
HIX,Western Asset High Income Fund II Inc. Common Stock,$3.94,-0.06,-1.50%,0.00,United States,1998,164449,Finance,Finance/Investors Services
HKD,AMTD Digital Inc. American Depositary Shares (every five of which represent two Class A Ordinary Shares),$1.52,-0.05,-3.185%,191769236.00,,2022,258722,Finance,Finance: Consumer Services
HKIT,Hitek Global Inc. Class A Ordinary Share,$1.19,0.14,13.333%,34866243.00,China,2023,1249064,Technology,Computer Software: Prepackaged Software
HKPD,Cellyan Biotechnology Co. Ltd Class A Ordinary Shares,$0.635,0.015,2.419%,6985000.00,Hong Kong,2025,5125,Health Care,Other Pharmaceuticals
HL,Hecla Mining Company Common Stock,$17.24,-0.37,-2.101%,11556830569.00,United States,,38273613,Industrials,Mining & Quarrying of Nonmetallic Minerals (No Fuels)
HL^B,Hecla Mining Company Preferred Stock,$66.95,1.81,2.779%,,United States,,657,,
HLF,Herbalife Ltd. Common Shares,$14.71,-0.18,-1.209%,1521159188.00,Cayman Islands,2004,3388902,Health Care,Other Pharmaceuticals
HLI,Houlihan Lokey Inc. Class A Common Stock,$139.51,0.56,0.403%,9735747063.00,United States,2015,1289105,Finance,Investment Managers
HLIO,Helios Technologies Inc. Common Stock,$63.00,-0.83,-1.30%,2085748119.00,United States,2021,520474,Industrials,Metal Fabrications
HLIT,Harmonic Inc. Common Stock,$9.00,-0.26,-2.808%,992181204.00,United States,1995,2304808,Technology,Radio And Television Broadcasting And Communications Equipment
HLLY,Holley Inc. Common Stock,$2.72,-0.20,-6.849%,331936111.00,United States,2020,2026531,Consumer Discretionary,Auto Parts:O.E.M.
HLMN,Hillman Solutions Corp. Common Stock,$7.76,-0.17,-2.144%,1525545423.00,United States,2020,2308718,Consumer Discretionary,Industrial Machinery/Components
HLN,Haleon plc American Depositary Shares (Each representing two Ordinary Shares),$10.07,-0.16,-1.564%,44844083952.00,United Kingdom,2022,7461687,Consumer Discretionary,Package Goods/Cosmetics
HLNE,Hamilton Lane Incorporated Class A Common Stock,$99.59,-0.87,-0.866%,5554643603.00,United States,2017,808246,Finance,Investment Managers
HLP,Hongli Group Inc. Ordinary Shares,$0.9766,-0.0134,-1.354%,71720283.00,China,2023,192543,Industrials,Industrial Machinery/Components
HLT,Hilton Worldwide Holdings Inc. Common Stock ,$292.58,-5.25,-1.763%,67086140717.00,United States,2016,3092542,Consumer Discretionary,Hotels/Resorts
HLX,Helix Energy Solutions Group Inc. Common Stock,$9.59,-0.14,-1.439%,1412569522.00,United States,,4463120,Energy,Oilfield Services/Equipment
HLXC,Helix Acquisition Corp. III Class A Ordinary Shares,$10.30,0.05,0.488%,0.00,United States,2026,1568,,
HMC,Honda Motor Company Ltd. Common Stock,$24.12,-0.49,-1.991%,34945936959.00,Japan,,1803356,Industrials,Auto Manufacturing
HMN,Horace Mann Educators Corporation Common Stock,$41.49,-0.14,-0.336%,1678251830.00,United States,1991,752029,Finance,Property-Casualty Insurers
HMR,Heidmar Maritime Holdings Corp. Common Stock,$0.8701,0.0071,0.823%,50607923.00,Greece,,18922,Consumer Discretionary,Marine Transportation
HMY,Harmony Gold Mining Company Limited,$13.32,-0.33,-2.418%,8455106084.00,South Africa,,12944314,Basic Materials,Precious Metals
HNGE,Hinge Health Inc. Class A Common Stock,$42.48,-2.03,-4.561%,3345862435.00,United States,2025,783803,Technology,EDP Services
HNI,HNI Corporation Common Stock,$33.99,-0.52,-1.507%,2422501256.00,United States,,1996216,Consumer Discretionary,Office Equipment/Supplies/Services
HNNA,Hennessy Advisors Inc. Common Stock,$9.29,-0.46,-4.718%,73318324.00,United States,,32118,Finance,Investment Managers
HNNAZ,Hennessy Advisors Inc. 4.875% Notes due 2026,$24.8601,0.0101,0.041%,193599520.00,United States,,472,Finance,Investment Managers
HNRG,Hallador Energy Company Common Stock,$15.72,-1.09,-6.484%,739209341.00,United States,,1688243,Energy,Coal Mining
HNST,The Honest Company Inc. Common Stock,$2.67,-0.12,-4.301%,300306159.00,United States,2021,1912564,Consumer Discretionary,Catalog/Specialty Distribution
HNVR,Hanover Bancorp Inc. Common Stock,$20.80,-0.10,-0.478%,149180262.00,United States,2022,39750,Finance,Major Banks
HOFT,Hooker Furnishings Corporation Common Stock,$10.96,-0.45,-3.944%,118123811.00,United States,,126708,Consumer Discretionary,Home Furnishings
HOG,Harley-Davidson Inc. Common Stock,$17.58,-0.02,-0.114%,1966332898.00,United States,,6152521,Consumer Discretionary,Motor Vehicles
HOLO,MicroCloud Hologram Inc. Ordinary Shares,$1.96,-0.18,-8.411%,28551939.00,United States,2021,426616,Technology,Computer Software: Programming Data Processing
HOLOW,MicroCloud Hologram Inc. Warrant,$0.091,-0.0084,-8.451%,1325626.00,United States,2021,2862,Technology,Computer Software: Programming Data Processing
HOLX,Hologic Inc. Common Stock,$75.41,0.08,0.106%,16834898286.00,United States,1990,4231602,Health Care,Medical Electronics
HOMB,Home BancShares Inc. Common Stock,$26.12,0.00,0.00%,5136084729.00,United States,2006,3235083,Finance,Major Banks
HON,Honeywell International Inc. Common Stock,$221.50,-7.53,-3.288%,140802167772.00,United States,,8095896,Industrials,Aerospace
HOOD,Robinhood Markets Inc. Class A Common Stock,$70.89,-3.27,-4.409%,63822861767.00,United States,2021,34326637,Finance,Investment Bankers/Brokers/Service
HOPE,Hope Bancorp Inc. Common Stock,$10.84,0.00,0.00%,1385865686.00,United States,,2481672,Finance,Major Banks
HOTH,Hoth Therapeutics Inc. Common Stock,$0.9146,-0.0088,-0.953%,14189390.00,United States,2019,230910,Health Care,Biotechnology: Pharmaceutical Preparations
HOUR,Hour Loop Inc. Common Stock,$1.89,-0.0242,-1.264%,66483245.00,United States,2022,11126,Consumer Discretionary,Catalog/Specialty Distribution
HOV,Hovnanian Enterprises Inc. Class A Common Stock,$104.05,-3.38,-3.146%,617869086.00,United States,1983,246116,Consumer Discretionary,Homebuilding
HOVNP,Hovnanian Enterprises Inc Dep Shr Srs A Pfd,$20.85,-0.445,-2.09%,123811345.00,United States,,1860,Consumer Discretionary,Homebuilding
HOVR,New Horizon Aircraft Ltd. Class A Ordinary Share,$1.72,-0.06,-3.371%,76114728.00,United States,2023,829365,Industrials,Aerospace
HOVRW,New Horizon Aircraft Ltd. Warrant,$0.34,-0.0001,-0.029%,15045935.00,United States,2023,31558,Industrials,Aerospace
HOWL,Werewolf Therapeutics Inc. Common Stock,$0.786,-0.0241,-2.975%,38152597.00,United States,2021,207728,Health Care,Biotechnology: Pharmaceutical Preparations
HP,Helmerich & Payne Inc. Common Stock,$36.48,0.53,1.474%,3642509322.00,United States,,2380736,Energy,Oil & Gas Production
HPAI,Helport AI Limited Ordinary Shares,$2.31,-0.23,-9.055%,86465536.00,Singapore,,1100,Technology,Computer Software: Prepackaged Software
HPE,Hewlett Packard Enterprise Company Common Stock,$21.69,-0.43,-1.944%,28779465190.00,United States,2015,24415272,Technology,Retail: Computer Software & Peripheral Equipment
HPE^C,Hewlett Packard Enterprise Company 7.625% Series C Mandatory Convertible Preferred Stock,$59.90,-0.91,-1.496%,,United States,,37684,,
HPF,John Hancock Pfd Income Fund II Pfd Income Fund II,$15.43,-0.20,-1.28%,0.00,United States,2002,30874,Finance,Finance Companies
HPI,John Hancock Preferred Income Fund Common Shares of Beneficial Interest,$15.50,-0.39,-2.454%,0.00,United States,2002,69829,Finance,Trusts Except Educational Religious and Charitable
HPK,HighPeak Energy Inc. Common Stock,$6.83,0.01,0.147%,863025850.00,United States,,1228905,Energy,Oil & Gas Production
HPP,Hudson Pacific Properties Inc. Common Stock,$5.65,-0.41,-6.766%,306467436.00,United States,2010,1611841,Finance,Real Estate
HPP^C,Hudson Pacific Properties Inc. 4.750% Series C Cumulative Redeemable Preferred Stock,$13.15,-0.29,-2.158%,,United States,,8314,,
HPQ,HP Inc. Common Stock,$18.27,-0.21,-1.136%,16767929246.00,United States,,49079696,Technology,Computer Manufacturing
HPS,John Hancock Preferred Income Fund III Preferred Income Fund III,$14.07,-0.26,-1.814%,0.00,United States,2003,54310,Finance,Investment Managers
HQ,Horizon Quantum Holdings Ltd. Class A Ordinary Shares,$9.85,9.85,,0.00,Singapore,,73058,,
HQH,abrdn Healthcare Investors Shares of Beneficial Interest,$17.69,-0.20,-1.118%,837510513.00,United States,1987,94181,Finance,Finance Companies
HQI,HireQuest Inc. Common Stock (DE),$9.83,-0.44,-4.284%,138603000.00,United States,,50749,Consumer Discretionary,Professional Services
HQL,abrdn Life Sciences Investors Shares of Beneficial Interest,$16.19,-0.09,-0.553%,415753307.00,United States,1992,138112,Finance,Investment Managers
HQWWW,Horizon Quantum Holdings Ltd. Warrant,$2.245,2.245,,0.00,Singapore,,5329,,
HQY,HealthEquity Inc. Common Stock,$81.02,-0.11,-0.136%,6844440454.00,United States,2014,1302890,Real Estate,Real Estate
HR,Healthcare Realty Trust Incorporated Common Stock,$17.22,-0.73,-4.067%,6007195312.00,United States,,5752864,Real Estate,Real Estate Investment Trusts
HRB,H&R Block Inc. Common Stock,$31.79,0.91,2.947%,4029692071.00,United States,,5905873,Consumer Discretionary,Other Consumer Services
HRI,Herc Holdings Inc. Common Stock ,$100.42,-2.69,-2.609%,3351041308.00,United States,2016,628911,Industrials,Misc Corporate Leasing Services
HRL,Hormel Foods Corporation Common Stock,$22.14,-0.23,-1.028%,12183292343.00,United States,,8898310,Consumer Staples,Meat/Poultry/Fish
HRMY,Harmony Biosciences Holdings Inc. Common Stock,$27.72,-0.09,-0.324%,1603341820.00,United States,2020,1028093,Health Care,Biotechnology: Pharmaceutical Preparations
HROW,Harrow Inc. Common Stock,$33.28,-1.13,-3.284%,1239004582.00,United States,,1009935,Health Care,Biotechnology: Pharmaceutical Preparations
HRTG,Heritage Insurance Holdings Inc. Common Stock,$25.65,-0.97,-3.644%,787991547.00,United States,2014,512562,Finance,Property-Casualty Insurers
HRTX,Heron Therapeutics Inc. Common Stock,$0.7786,-0.0387,-4.735%,146795014.00,United States,,2039521,Health Care,Biotechnology: Pharmaceutical Preparations
HRZN,Horizon Technology Finance Corporation Common Stock,$4.10,-0.17,-3.981%,195999315.00,United States,2010,638971,Finance,Finance: Consumer Services
HSAI,Hesai Group American Depositary Share each ADS represents one Class B ordinary share,$22.85,-1.49,-6.122%,3026886122.00,China,2023,4207628,Industrials,Industrial Machinery/Components
HSBC,HSBC Holdings plc. Common Stock,$76.95,-2.51,-3.159%,264326941445.00,United Kingdom,,3816073,Finance,Savings Institutions
HSCS,HeartSciences Inc. Common Stock,$2.55,-0.02,-0.778%,8120985.00,United States,2022,7941,Health Care,Industrial Specialties
HSCSW,HeartSciences Inc. Warrant,$0.0724,0.0018,2.55%,230572.00,United States,2022,2073,Health Care,Industrial Specialties
HSDT,Solana Company Class A Common Stock (DE),$2.04,-0.07,-3.318%,84254856.00,United States,,356972,Health Care,Biotechnology: Electromedical & Electrotherapeutic Apparatus
HSHP,Himalaya Shipping Ltd. Common Shares,$12.36,-0.63,-4.85%,577830000.00,,2023,448923,Consumer Discretionary,Marine Transportation
HSIC,Henry Schein Inc. Common Stock,$72.29,-0.39,-0.537%,8291960907.00,United States,1995,1313985,Health Care,Medical Specialities
HSLV,Highlander Silver Corp. Common Shares,$4.91,-0.17,-3.346%,998137540.00,,,301179,,
HSPT,Horizon Space Acquisition II Corp. Ordinary share,$8.15,0.10,1.242%,0.00,United States,2025,16033,Finance,Blank Checks
HSPTR,Horizon Space Acquisition II Corp. Right,$0.2227,-0.0838,-27.341%,0.00,United States,2025,3616,Finance,Blank Checks
HSPTU,Horizon Space Acquisition II Corp. Units,$7.24,0.00,0.00%,0.00,United States,2024,5,,
HST,Host Hotels & Resorts Inc. Common Stock,$18.60,-0.50,-2.618%,12690479833.00,United States,,9363764,Real Estate,Real Estate Investment Trusts
HSTM,HealthStream Inc. Common Stock,$20.34,-0.22,-1.07%,597108159.00,United States,2000,590463,Technology,Computer Software: Programming Data Processing
HSY,The Hershey Company Common Stock,$210.14,-0.44,-0.209%,42593476653.00,United States,,5666451,Consumer Staples,Specialty Foods
HTB,HomeTrust Bancshares Inc. Common Stock,$41.48,-0.42,-1.002%,702192230.00,United States,,250611,Finance,Savings Institutions
HTBK,Heritage Commerce Corp Common Stock,$12.05,-0.20,-1.633%,742199072.00,United States,,1645248,Finance,Major Banks
HTCO,High-Trend International Group Class A Ordinary Shares,$8.01,-0.28,-3.378%,59156445.00,Singapore,,20155,Consumer Discretionary,Marine Transportation
HTCR,Heartcore Enterprises Inc. Common Stock,$0.2252,-0.0038,-1.659%,5724541.00,Japan,2022,133580,Technology,EDP Services
HTD,John Hancock Tax Advantaged Dividend Income Fund Common Shares of Beneficial Interest,$24.21,-0.72,-2.888%,0.00,United States,2004,72744,Finance,Finance Companies
HTFC,Horizon Technology Finance Corporation 6.25% Notes due 2027,$24.9599,0.2504,1.013%,1061936892.00,United States,2022,3712,Finance,Finance: Consumer Services
HTFL,Heartflow Inc. Common Stock,$26.02,0.13,0.502%,2231416759.00,United States,2025,2734788,Health Care,Medical/Dental Instruments
HTGC,Hercules Capital Inc. Common Stock,$14.17,-0.25,-1.734%,2602964342.00,United States,2012,2291583,Finance,Investment Managers
HTH,Hilltop Holdings Inc.,$34.63,-0.23,-0.66%,2058738159.00,United States,,1144438,Finance,Major Banks
HTHT,H World Group Limited American Depositary Shares,$50.13,-0.40,-0.792%,15386855729.00,China,2010,2859033,Consumer Discretionary,Hotels/Resorts
HTLD,Heartland Express Inc. Common Stock,$9.65,0.07,0.731%,747439978.00,United States,1986,760093,Industrials,Trucking Freight/Courier Services
HTLM,HomesToLife Ltd Ordinary Shares,$1.98,0.05,2.591%,177581250.00,Singapore,2024,17302,Consumer Discretionary,Other Specialty Stores
HTO,H2O America Common Stock,$56.30,-0.18,-0.319%,2036060562.00,United States,,1682304,Utilities,Water Supply
HTOO,Fusion Fuel Green PLC Class A Ordinary Shares,$2.61,-0.23,-8.099%,7876568.00,Ireland,,59165,Energy,Industrial Machinery/Components
HTT,High Templar Tech Limited American depositary shares each representing one Class A ordinary share,$2.44,-0.06,-2.40%,402908640.00,China,2017,127221,Finance,Finance: Consumer Services
HTZ,Hertz Global Holdings Inc Common Stock,$3.95,-0.03,-0.754%,1233824678.00,United States,,5803973,Consumer Discretionary,Rental/Leasing Companies
HTZWW,Hertz Global Holdings Inc Warrant,$1.99,-0.0394,-1.941%,621597749.00,United States,,69558,Consumer Discretionary,Rental/Leasing Companies
HUBB,Hubbell Inc Common Stock,$475.74,-16.91,-3.432%,25291100535.00,United States,2015,1019482,Technology,Electrical Products
HUBC,Hub Cyber Security Ltd. Ordinary Shares,$0.192,-0.066,-25.581%,419277.00,Israel,,2819569,Telecommunications,Computer Communications Equipment
HUBCW,Hub Cyber Security Ltd. Warrant 2/27/28,$0.0078,-0.0012,-13.333%,17033.00,Israel,,133200,Telecommunications,Computer Communications Equipment
HUBCZ,Hub Cyber Security Ltd. Warrant ,$0.004,-0.0009,-18.367%,8735.00,Israel,,330583,Telecommunications,Computer Communications Equipment
HUBG,Hub Group Inc. Class A Common Stock,$34.825,0.315,0.913%,2129670986.00,United States,1996,1510366,Industrials,Integrated Freight & Logistics
HUBS,HubSpot Inc. Common Stock,$258.81,-3.51,-1.338%,13649778122.00,United States,2014,1160129,Technology,Computer Software: Prepackaged Software
HUDI,Huadi International Group Co. Ltd. Ordinary Shares,$1.22,0.07,6.087%,17445002.00,China,2021,13418,Industrials,Steel/Iron Ore
HUHU,HUHUTECH International Group Inc. Ordinary Shares,$6.00,-0.65,-9.774%,144622494.00,China,2024,22976,Telecommunications,Metal Fabrications
HUIZ,Huize Holding Limited American Depositary Shares,$1.675,-0.025,-1.471%,16898365.00,China,2020,7932,Finance,Specialty Insurers
HUM,Humana Inc. Common Stock,$169.90,3.45,2.073%,20489254793.00,United States,,3986134,Health Care,Medical Specialities
HUMA,Humacyte Inc. Common Stock,$0.7829,-0.0712,-8.336%,164160633.00,United States,2020,31542865,Health Care,Biotechnology: Biological Products (No Diagnostic Substances)
HUMAW,Humacyte Inc. Warrant,$0.0887,-0.007,-7.315%,18598861.00,United States,2020,43810,Health Care,Biotechnology: Biological Products (No Diagnostic Substances)
HUN,Huntsman Corporation Common Stock,$10.41,-1.10,-9.557%,1811091607.00,United States,2005,17907343,Industrials,Major Chemicals
HURA,TuHURA Biosciences Inc. Common Stock,$1.94,0.15,8.38%,117797786.00,United States,,2137194,Health Care,Biotechnology: Pharmaceutical Preparations
HURC,Hurco Companies Inc. Common Stock,$14.755,0.03,0.204%,95117429.00,United States,,35648,Industrials,Industrial Machinery/Components
HURN,Huron Consulting Group Inc. Common Stock,$129.87,2.62,2.059%,2197780140.00,United States,2004,251259,Consumer Discretionary,Professional Services
HUT,Hut 8 Corp. Common Stock,$47.46,-2.68,-5.345%,5262710499.00,United States,,4331438,Finance,Finance: Consumer Services
HUYA,HUYA Inc. American depositary shares each  representing one Class A ordinary share,$3.04,-0.25,-7.599%,679469515.00,United States,2018,1627847,Technology,Computer Software: Programming Data Processing
HVII,Hennessy Capital Investment Corp. VII Ordinary Shares,$10.31,0.01,0.097%,,United States,2025,730,,
HVIIR,Hennessy Capital Investment Corp. VII Rights,$0.30,0.00,0.00%,0.00,United States,2025,20,Finance,Blank Checks
HVMC,Highview Merger Corp. Class A Ordinary Share,$10.05,0.00,0.00%,0.00,United States,2025,1192,,
HVMCW,Highview Merger Corp. Warrants,$0.2508,-0.0192,-7.111%,0.00,United States,2025,2600,,
HVT,Haverty Furniture Companies Inc. Common Stock,$20.80,-0.32,-1.515%,335796989.00,United States,,329822,Consumer Discretionary,Other Specialty Stores
HVT/A,Haverty Furniture Companies Inc.,$23.72,1.605,7.258%,,United States,,3100,,
HWBK,Hawthorn Bancshares Inc. Common Stock,$32.41,-0.27,-0.826%,223687662.00,United States,,22590,Finance,Major Banks
HWC,Hancock Whitney Corporation Common Stock,$61.29,0.05,0.082%,4997986456.00,United States,,2225849,Finance,Major Banks
HWCPZ,Hancock Whitney Corporation 6.25% Subordinated Notes due 2060,$21.815,-0.515,-2.306%,1848929845.00,United States,,18105,Finance,Major Banks
HWH,HWH International Inc. Common Stock,$1.36,0.03,2.256%,8807904.00,United States,2022,22859,Health Care,Other Pharmaceuticals
HWKN,Hawkins Inc. Common Stock,$132.28,-2.70,-2.00%,2764928862.00,United States,,690206,Consumer Discretionary,Specialty Chemicals
HWM,Howmet Aerospace Inc. Common Stock,$231.21,-1.73,-0.743%,92701351966.00,United States,,4336528,Industrials,Metal Fabrications
HXHX,Haoxin Holdings Limited Class A Ordinary Shares,$0.4499,-0.0115,-2.492%,6186125.00,China,2025,24071,Industrials,Trucking Freight/Courier Services
HXL,Hexcel Corporation Common Stock,$78.81,0.15,0.191%,5979347564.00,United States,,2717027,Industrials,Major Chemicals
HY,Hyster-Yale Inc. Class A common stock,$29.10,-0.80,-2.676%,520892561.00,United States,,133095,Industrials,Construction/Ag Equipment/Trucks
HYAC,Haymaker Acquisition Corp. 4 Class A Ordinary Shares,$11.44,-0.04,-0.348%,0.00,,2023,16970,,
HYFM,Hydrofarm Holdings Group Inc. Common Stock,$1.09,0.03,2.83%,5087034.00,United States,2020,39171,Consumer Discretionary,Consumer Specialties
HYFT,MindWalk Holdings Corp. Common Stock,$1.16,-0.06,-4.918%,54185765.00,Canada,,110230,Health Care,Biotechnology: Pharmaceutical Preparations
HYI,Western Asset High Yield Opportunity Fund Inc. Common Stock,$10.71,-0.15,-1.381%,0.00,,2010,153711,Finance,Investment Managers
HYLN,Hyliion Holdings Corp. Class A Common Stock,$1.77,-0.13,-6.842%,314728628.00,United States,2019,1785158,Consumer Discretionary,Construction/Ag Equipment/Trucks
HYMC,Hycroft Mining Holding Corporation Class A Common Stock,$30.00,-1.76,-5.542%,2731081110.00,United States,2018,11729842,Basic Materials,Precious Metals
HYNE,Hoyne Bancorp Inc. Common Stock,$14.90,0.60,4.196%,120644376.00,United States,2025,538064,Finance,Banks
HYPD,Hyperion DeFi Inc. Common Stock,$3.27,-0.37,-10.165%,26724595.00,United States,2018,381538,Health Care,Biotechnology: Pharmaceutical Preparations
HYPR,Hyperfine Inc. Class A Common Stock,$1.24,0.03,2.479%,121467560.00,United States,2021,1025822,Health Care,Biotechnology: Electromedical & Electrotherapeutic Apparatus
HYT,Blackrock Corporate High Yield Fund Inc. Common Stock,$8.39,-0.07,-0.827%,0.00,United States,2003,1293860,Finance,Finance Companies
HZO,MarineMax Inc.  (FL) Common Stock,$24.71,-0.36,-1.436%,544297400.00,United States,1998,1163327,Consumer Discretionary,Auto & Home Supply Stores
IAC,IAC Inc. Common Stock,$37.59,-0.84,-2.186%,2890970367.00,United States,,1769189,Technology,Computer Software: Programming Data Processing
IACOU,Idea Acquisition Corp. Units,$9.88,-0.015,-0.152%,0.00,United States,2026,166149,Finance,Blank Checks
IAE,Voya Asia Pacific High Dividend Equity Income Fund ING Asia Pacific High Dividend Equity Income Fund Common Shares of Beneficial Interest,$7.22,-0.16,-2.168%,0.00,United States,2007,63460,Finance,Trusts Except Educational Religious and Charitable
IAF,abrdn Australia Equity Fund Inc. Common Stock,$11.95,-0.49,-3.939%,0.00,United States,1985,116040,Finance,Finance/Investors Services
IAG,Iamgold Corporation Ordinary Shares,$16.07,-0.82,-4.855%,9462016000.00,Canada,,18373493,Basic Materials,Precious Metals
IART,Integra LifeSciences Holdings Corporation Common Stock,$8.94,0.04,0.449%,696758640.00,United States,,1684687,Health Care,Medical/Dental Instruments
IAUX,i-80 Gold Corp. Common Shares,$1.27,-0.05,-3.788%,1066929896.00,Canada,2022,31935082,Basic Materials,Precious Metals
IBAC,IB Acquisition Corp. Common Stock,$10.78,0.03,0.279%,0.00,United States,2024,21619,Finance,Blank Checks
IBACR,IB Acquisition Corp. Right,$0.10,-0.0006,-0.596%,0.00,United States,2024,66236,Finance,Blank Checks
IBCP,Independent Bank Corporation Common Stock,$31.98,-0.855,-2.604%,658418503.00,United States,,990301,Finance,Major Banks
IBEX,IBEX Limited Common Shares,$28.01,-0.61,-2.131%,375488615.00,Bermuda,2020,177168,Technology,EDP Services
IBG,Innovation Beverage Group Limited Ordinary Shares,$1.18,0.02,1.724%,1261280.00,Australia,2024,274278,Consumer Staples,Beverages (Production/Distribution)
IBIO,iBio Inc. Common Stock,$2.09,-0.01,-0.476%,72196042.00,United States,,1206183,Health Care,Biotechnology: Pharmaceutical Preparations
IBKR,Interactive Brokers Group Inc. Class A Common Stock,$65.47,-2.22,-3.28%,29174510749.00,United States,2019,8990934,Finance,Investment Bankers/Brokers/Service
IBM,International Business Machines Corporation Common Stock,$241.77,-8.60,-3.435%,226788577855.00,United States,,11305308,Technology,Computer Manufacturing
IBN,ICICI Bank Limited Common Stock,$26.08,-0.78,-2.904%,93047435236.00,India,,6340678,Finance,Commercial Banks
IBO,Impact BioMedical Inc. Common Stock,$0.78,0.317,68.467%,84100560.00,,2024,7126811,Health Care,Biotechnology: Pharmaceutical Preparations
IBOC,International Bancshares Corporation Common Stock,$66.65,-0.30,-0.448%,4144144971.00,United States,,3547942,Finance,Major Banks
IBP,Installed Building Products Inc. Common Stock,$258.79,-13.91,-5.101%,6980905021.00,United States,2014,895342,Consumer Discretionary,Homebuilding
IBRX,ImmunityBio Inc. Common Stock,$8.47,-0.35,-3.968%,8708104032.00,United States,2015,31559022,Health Care,Biotechnology: Biological Products (No Diagnostic Substances)
IBTA,Ibotta Inc. Class A Common Stock,$27.42,-0.27,-0.975%,667681936.00,United States,2024,794570,Consumer Discretionary,Advertising
ICCC,ImmuCell Corporation Common Stock,$6.07,-0.08,-1.301%,54908316.00,United States,1987,41199,Health Care,Biotechnology: In Vitro & In Vivo Diagnostic Substances
ICCM,IceCure Medical Ltd. Ordinary Shares,$0.6284,-0.0006,-0.095%,45950049.00,Israel,,454923,Health Care,Medical/Dental Instruments
ICE,Intercontinental Exchange Inc. Common Stock,$158.43,-0.07,-0.044%,89971844555.00,United States,2005,4515964,Finance,Investment Bankers/Brokers/Service
ICFI,ICF International Inc. Common Stock,$65.89,-0.48,-0.723%,1204026419.00,United States,2006,246080,Consumer Discretionary,Professional Services
ICG,Intchains Group Limited American Depositary Shares,$1.09,-0.01,-0.909%,130743862.00,China,2023,32448,Technology,Semiconductors
ICHR,Ichor Holdings Ordinary Shares,$46.83,-4.29,-8.392%,1622394068.00,United States,2016,1186197,Technology,Semiconductors
ICL,ICL Group Ltd. Ordinary Shares,$4.93,-0.26,-5.01%,6363016554.00,Israel,2014,2483263,Industrials,Agricultural Chemicals
ICLR,ICON plc Ordinary Shares,$99.70,1.65,1.683%,8051458942.00,Ireland,1998,1375389,Health Care,Biotechnology: Commercial Physical & Biological Resarch
ICMB,Investcorp Credit Management BDC Inc. Common Stock,$1.71,0.00,0.00%,24657793.00,United States,2014,92850,Finance,Finance: Consumer Services
ICON,Icon Energy Corp. Common stock,$0.9258,-0.0426,-4.399%,2975585.00,Greece,2024,99472,Consumer Discretionary,Marine Transportation
ICR^A,InPoint Commercial Real Estate Income Inc. 6.75% Series A Cumulative Redeemable Preferred Stock,$21.03,-0.115,-0.544%,,,,4570,,
ICU,SeaStar Medical Holding Corporation Common Stock,$2.23,-0.04,-1.762%,8038510.00,United States,2021,125662,Health Care,Medical/Dental Instruments
ICUCW,SeaStar Medical Holding Corporation Warrant,$0.026,-0.0038,-12.752%,93723.00,United States,2021,3502,Health Care,Medical/Dental Instruments
ICUI,ICU Medical Inc. Common Stock,$125.36,-1.27,-1.003%,3095172874.00,United States,1992,489559,Health Care,Medical/Dental Instruments
IDA,IDACORP Inc. Common Stock,$135.48,-4.23,-3.028%,7437721126.00,United States,,1388613,Utilities,Electric Utilities: Central
IDAI,T Stamp Inc. Class A Common Stock,$2.70,0.05,1.887%,14163204.00,United States,,126354,Technology,Computer Software: Prepackaged Software
IDCC,InterDigital Inc. Common Stock,$325.69,-26.91,-7.632%,8365922819.00,United States,,4664719,Miscellaneous,Multi-Sector Companies
IDE,Voya Infrastructure Industrials and Materials Fund Common Shares of Beneficial Interest,$12.20,-0.39,-3.098%,0.00,United States,2010,70475,Finance,Finance/Investors Services
IDN,Intellicheck Inc. Common Stock,$5.54,0.74,15.417%,111935185.00,United States,1999,2208041,Technology,Computer Software: Prepackaged Software
IDR,Idaho Strategic Resources Inc. Common Stock,$26.73,-2.47,-8.459%,416784157.00,United States,2022,541008,Basic Materials,Precious Metals
IDT,IDT Corporation Class B Common Stock,$47.56,-0.23,-0.481%,1192625499.00,United States,,226773,Telecommunications,Telecommunications Equipment
IDXX,IDEXX Laboratories Inc. Common Stock,$577.26,-2.59,-0.447%,45903102727.00,United States,1991,765308,Health Care,Biotechnology: In Vitro & In Vivo Diagnostic Substances
IDYA,IDEAYA Biosciences Inc. Common Stock,$32.75,0.15,0.46%,2875909384.00,United States,2019,2403041,Health Care,Biotechnology: Pharmaceutical Preparations
IE,Ivanhoe Electric Inc. Common Stock,$11.29,-0.08,-0.704%,1766993937.00,Canada,2022,5584870,Basic Materials,Metal Mining
IEAG,Infinite Eagle Acquisition Corp. Class A Ordinary Shares,$10.03,0.02,0.20%,0.00,United States,2026,13341,Finance,Blank Checks
IEAGR,Infinite Eagle Acquisition Corp. Rights,$0.185,0.005,2.778%,0.00,United States,2026,205202,Finance,Blank Checks
IEAGU,Infinite Eagle Acquisition Corp. Unit,$10.15,-0.01,-0.098%,0.00,United States,2026,2440,,
IEP,Icahn Enterprises L.P. Common Stock,$7.55,-0.08,-1.048%,4810931363.00,United States,,2127127,Consumer Discretionary,Auto Parts:O.E.M.
IESC,IES Holdings Inc. Common Stock,$436.95,-17.68,-3.889%,8707539163.00,United States,,268295,Industrials,Engineering & Construction
IEX,IDEX Corporation Common Stock,$184.11,-3.27,-1.745%,13688177877.00,United States,1989,3105855,Industrials,Fluid Controls
IFBD,Infobird Co. Ltd Ordinary Shares,$0.99,0.0251,2.601%,8106688.00,China,2021,331,Technology,Computer Software: Prepackaged Software
IFF,International Flavors & Fragrances Inc. Common Stock,$66.62,-1.51,-2.216%,17019910184.00,United States,,2942085,Industrials,Major Chemicals
IFN,Aberdeen India Fund Inc. Common Stock,$11.35,-0.24,-2.071%,0.00,United States,,177710,Finance,Finance/Investors Services
IFRX,InflaRx N.V. Common Stock,$0.94,0.0304,3.342%,55790607.00,Germany,2017,1030153,Health Care,Biotechnology: Pharmaceutical Preparations
IFS,Intercorp Financial Services Inc. Common Shares,$46.94,-0.54,-1.137%,5419115273.00,,2019,502252,Finance,Commercial Banks
IGA,Voya Global Advantage and Premium Opportunity Fund Common Shares of Beneficial Interest,$9.44,-0.17,-1.769%,0.00,United States,2005,47661,Finance,Investment Managers
IGAC,Invest Green Acquisition Corporation Class A Ordinary Shares,$9.92,0.00,0.00%,0.00,United States,2025,1,Finance,Blank Checks
IGACR,Invest Green Acquisition Corporation Rights,$0.19,0.00,0.00%,0.00,United States,2025,1262,,
IGACU,Invest Green Acquisition Corporation Units,$10.06,0.00,0.00%,0.00,United States,2025,492,Finance,Blank Checks
IGC,IGC Pharma Inc. Common Stock,$0.2862,0.0142,5.221%,27423118.00,United States,,764356,Health Care,Biotechnology: Pharmaceutical Preparations
IGD,Voya Global Equity Dividend and Premium Opportunity Fund,$5.72,-0.13,-2.222%,0.00,United States,2005,234316,Finance,Trusts Except Educational Religious and Charitable
IGI,Western Asset Investment Grade Opportunity Trust Inc. Common Stock,$15.98,-0.08,-0.498%,0.00,United States,2009,13557,Finance,Investment Managers
IGIC,International General Insurance Holdings Ltd. Ordinary Share,$22.49,0.17,0.762%,1014499971.00,Jordan,2018,75531,Finance,Property-Casualty Insurers
IGR,CBRE Global Real Estate Income Fund Common Shares of Beneficial Interest,$4.34,-0.25,-5.447%,0.00,United States,2004,828964,Finance,Finance Companies
IH,iHuman Inc. American depositary shares each representing five Class A ordinary shares,$1.76,-0.14,-7.368%,90677977.00,United States,2020,20446,Real Estate,Other Consumer Services
IHD,Voya Emerging Markets High Income Dividend Equity Fund Common Shares,$6.33,-0.21,-3.211%,0.00,United States,2011,142381,Finance,Investment Managers
IHG,Intercontinental Hotels Group American Depositary Shares (Each representing one Ordinary Share),$129.24,-1.68,-1.283%,19565850772.00,United Kingdom,,223869,Consumer Discretionary,Hotels/Resorts
IHRT,iHeartMedia Inc. Class A Common Stock,$2.49,-0.09,-3.488%,375099432.00,United States,,2204505,Consumer Discretionary,Broadcasting
IHS,IHS Holding Limited Ordinary Shares,$8.21,0.02,0.244%,2754629233.00,Cayman Islands,2021,2047641,Telecommunications,Telecommunications Equipment
IHT,InnSuites Hospitality Trust Shares of Beneficial Interest,$1.01,-0.0405,-3.855%,9296882.00,United States,1999,5367,Finance,Investment Bankers/Brokers/Service
IIF,Morgan Stanley India Investment Fund Inc. Common Stock,$20.77,-0.41,-1.936%,0.00,United States,1994,75795,Finance,Trusts Except Educational Religious and Charitable
III,Information Services Group Inc. Common Stock,$3.82,0.015,0.394%,182115983.00,United States,,414242,Consumer Discretionary,Professional Services
IIIN,Insteel Industries Inc. Common Stock,$30.61,-0.60,-1.922%,593723192.00,United States,,1136295,Industrials,Steel/Iron Ore
IIIV,i3 Verticals Inc. Class A Common Stock,$22.30,-0.26,-1.152%,679611477.00,United States,2018,588601,Technology,Computer Software: Prepackaged Software
IIM,Invesco Value Municipal Income Trust Common Stock,$12.48,-0.33,-2.576%,587414119.00,United States,,213568,Finance,Investment Managers
IINN,Inspira Technologies Oxy B.H.N. Ltd. Ordinary Shares,$0.5529,-0.0077,-1.374%,23924999.00,Israel,2021,97428,Health Care,Medical/Dental Instruments
IINNW,Inspira Technologies Oxy B.H.N. Ltd. Warrant,$0.107,-0.001,-0.926%,4630087.00,Israel,2021,100,Health Care,Medical/Dental Instruments
IIPR,Innovative Industrial Properties Inc. Common Stock,$51.61,-2.01,-3.749%,1452091993.00,United States,2016,509942,Finance,Real Estate
IIPR^A,Innovative Industrial Properties Inc. 9.00% Series A Cumulative Redeemable Preferred Stock,$22.17,-0.13,-0.583%,,United States,,58957,,
IKT,Inhibikase Therapeutics Inc. Common Stock,$1.80,-0.03,-1.639%,344088202.00,United States,2020,8868801,Health Care,Biotechnology: Biological Products (No Diagnostic Substances)
ILAG,Intelligent Living Application Group Inc. Ordinary Shares,$2.35,0.1921,8.902%,4882003.00,Hong Kong,2022,219301,Consumer Discretionary,Office Equipment/Supplies/Services
ILLUU,Illumination Acquisition Corp I Units,$9.955,-0.005,-0.05%,0.00,United States,2026,7116,Finance,Blank Checks
ILMN,Illumina Inc. Common Stock,$124.33,-2.26,-1.785%,19010057000.00,United States,2000,2663974,Health Care,Medical Specialities
ILPT,Industrial Logistics Properties Trust Common Shares of Beneficial Interest,$5.77,-0.34,-5.565%,384588554.00,United States,2018,542489,Real Estate,Real Estate Investment Trusts
IMA,ImageneBio Inc. Common Stock,$5.69,0.00,0.00%,60622859.00,United States,2021,55472,Health Care,Biotechnology: Biological Products (No Diagnostic Substances)
IMAX,Imax Corporation Common Stock,$36.69,0.07,0.191%,1981003794.00,Canada,,1137872,Consumer Discretionary,Industrial Machinery/Components
IMCC,IM Cannabis Corp. Common Shares,$0.6196,-0.0344,-5.26%,3652426.00,Canada,,75909,Health Care, Medicinal Chemicals and Botanical Products 
IMCR,Immunocore Holdings plc American Depositary Shares,$29.91,-0.13,-0.433%,1438322429.00,United Kingdom,2021,278980,Health Care,Biotechnology: Biological Products (No Diagnostic Substances)
IMDX,Insight Molecular Diagnostics Inc. Common Stock,$4.26,0.34,8.673%,122110502.00,United States,,166831,Health Care,Biotechnology: In Vitro & In Vivo Diagnostic Substances
IMKTA,Ingles Markets Incorporated Class A Common Stock,$83.56,-0.20,-0.239%,1587170059.00,United States,1987,368490,Consumer Staples,Food Chains
IMMP,Immutep Limited American Depositary Shares,$0.3947,-0.0179,-4.338%,58096696.00,Australia,,1423862,Health Care,Biotechnology: Pharmaceutical Preparations
IMMR,Immersion Corporation Common Stock,$5.86,-0.21,-3.46%,192922264.00,United States,1999,559015,Technology,Computer peripheral equipment
IMMX,Immix Biopharma Inc. Common Stock,$9.11,-0.57,-5.888%,482421234.00,United States,2021,2007381,Health Care,Biotechnology: Pharmaceutical Preparations
IMNM,Immunome Inc. Common Stock,$20.01,-0.82,-3.937%,2263795312.00,United States,2020,5731038,Health Care,Biotechnology: Pharmaceutical Preparations
IMNN,Imunon Inc. Common Stock,$2.87,-0.08,-2.712%,9260695.00,United States,,50628,Health Care,Biotechnology: Pharmaceutical Preparations
IMO,Imperial Oil Limited Common Stock,$126.61,-0.42,-0.331%,61227709730.00,Canada,1929,757325,Energy,Integrated oil Companies
IMOS,ChipMOS TECHNOLOGIES INC. American Depositary Shares,$38.23,-2.31,-5.698%,1346695944.00,Taiwan,,42340,Technology,Semiconductors
IMPP,Imperial Petroleum Inc. Common Shares,$4.36,-0.22,-4.803%,199464493.00,Greece,,572746,Consumer Discretionary,Marine Transportation
IMPPP,Imperial Petroleum Inc. 8.75% Series A Cumulative Redeemable Perpetual Preferred Shares,$26.70,0.00,0.00%,1221491278.00,Greece,,106,Consumer Discretionary,Marine Transportation
IMRN,Immuron Limited American Depositary Shares,$0.703,-0.006,-0.846%,4713966.00,Australia,2017,6117,Health Care,Biotechnology: Pharmaceutical Preparations
IMRX,Immuneering Corporation Class A Common Stock,$5.02,0.16,3.292%,324557689.00,United States,2021,7291698,Health Care,Biotechnology: Pharmaceutical Preparations
IMSR,Terrestrial Energy Inc. Common Stock  ,$6.12,0.00,0.00%,647388606.00,United States,2024,6606204,,
IMSRW,Terrestrial Energy Inc. Warrant,$3.0099,-0.0701,-2.276%,0.00,United States,2024,14459,,
IMTE,Integrated Media Technology Limited Ordinary Shares,$0.584,-0.011,-1.849%,2012717.00,Australia,,6550,Consumer Staples,Consumer Electronics/Appliances
IMTX,Immatics N.V. Ordinary Shares,$9.43,-0.28,-2.884%,1264530712.00,Germany,,224392,Health Care,Biotechnology: Biological Products (No Diagnostic Substances)
IMUX,Immunic Inc. Common Stock,$1.10,-0.06,-5.172%,143511308.00,United States,2014,2016826,Health Care,Biotechnology: Pharmaceutical Preparations
IMVT,Immunovant Inc. Common Stock,$22.98,-0.67,-2.833%,4677169496.00,United States,2019,3885142,Health Care,Biotechnology: Biological Products (No Diagnostic Substances)
IMXI,International Money Express Inc. Common Stock,$15.77,0.01,0.063%,475256279.00,United States,2017,485522,Real Estate,Real Estate
INAB,IN8bio Inc. Common Stock,$2.00,0.28,16.279%,19694178.00,United States,2021,254133,Health Care,Biotechnology: Biological Products (No Diagnostic Substances)
INAC,Indigo Acquisition Corp. Ordinary Shares,$10.13,-0.01,-0.099%,0.00,United States,2025,154,,
INACU,Indigo Acquisition Corp. Unit,$10.27,0.00,0.00%,0.00,United States,2025,632,,
INBK,First Internet Bancorp Common Stock,$19.66,0.15,0.769%,171369575.00,United States,,83082,Finance,Major Banks
INBKZ,First Internet Bancorp 6.0% Fixed-to-Floating Rate Subordinated Notes Due 2029,$24.252,-0.063,-0.259%,211309956.00,United States,,1477,Finance,Major Banks
INBS,Intelligent Bio Solutions Inc. Common Stock,$3.43,-0.01,-0.291%,5500976.00,United States,2020,33558,Health Care,Medical/Dental Instruments
INBX,Inhibrx Biosciences Inc. Common Stock,$60.92,-3.95,-6.089%,886004519.00,United States,,680559,Health Care,Biotechnology: Biological Products (No Diagnostic Substances)
INCR,Intercure Ltd. Ordinary Shares,$0.7737,0.0038,0.494%,42306949.00,Israel,,32140,Health Care,Biotechnology: Pharmaceutical Preparations
INCY,Incyte Corp. Common Stock,$90.78,-2.17,-2.335%,18066535039.00,United States,,4388937,Health Care,Biotechnology: Commercial Physical & Biological Resarch
INDB,Independent Bank Corp. Common Stock,$74.70,0.35,0.471%,3659201537.00,United States,,783716,Finance,Major Banks
INDI,indie Semiconductor Inc. Class A Common Stock,$2.56,-0.05,-1.916%,572571405.00,United States,,6315647,Technology,Semiconductors
INDO,Indonesia Energy Corporation Limited Ordinary Shares,$4.34,0.12,2.844%,65045637.00,,2019,1575414,Energy,Oil & Gas Production
INDP,Indaptus Therapeutics Inc. Common Stock,$1.70,-0.06,-3.409%,3811951.00,United States,,59066,Health Care,Biotechnology: Pharmaceutical Preparations
INDV,Indivior Pharmaceuticals Inc. Common Stock,$29.30,-1.20,-3.934%,3655755726.00,United Kingdom,,6782213,Health Care,Biotechnology: Pharmaceutical Preparations
INEO,INNEOVA Holdings Limited Class A Ordinary Shares,$0.475,-0.0067,-1.391%,7681046.00,Singapore,2024,23311,Consumer Discretionary,Motor Vehicles
INFQ,Infleqtion Inc. Common Stock,$8.81,-0.81,-8.42%,1907117677.00,,2026,3540100,Technology,EDP Services
INFU,InfuSystems Holdings Inc. Common Stock,$9.09,-0.46,-4.817%,183755795.00,United States,,191889,Health Care,Medical/Dental Instruments
INFY,Infosys Limited American Depositary Shares,$13.12,0.07,0.536%,54503278680.00,India,,100977911,Technology,EDP Services
ING,ING Group N.V. Common Stock,$25.14,-0.80,-3.084%,72967283476.00,Netherlands,1997,6535453,Finance,Commercial Banks
INGM,Ingram Micro Holding Corporation Common Stock,$22.13,-0.05,-0.225%,5202202978.00,United States,2024,2001286,Technology,Retail: Computer Software & Peripheral Equipment
INGN,Inogen Inc Common Stock,$6.10,-0.06,-0.974%,166117335.00,United States,2014,290671,Health Care,Industrial Specialties
INGR,Ingredion Incorporated Common Stock,$109.16,-1.08,-0.98%,6871080676.00,United States,,2361740,Consumer Staples,Packaged Foods
INHD,Inno Holdings Inc. Common Stock,$1.01,-0.06,-5.607%,8497356.00,United States,2023,192335,Industrials,Steel/Iron Ore
INKT,MiNK Therapeutics Inc. Common Stock,$9.41,-0.33,-3.388%,79511668.00,United States,2021,27846,Health Care,Biotechnology: Biological Products (No Diagnostic Substances)
INLF,INLIF LIMITED Class A Ordinary Shares,$0.312,-0.043,-12.113%,68920800.00,China,2025,255608,Industrials,Industrial Machinery/Components
INLX,Intellinetics Inc. Common Stock,$7.29,-0.01,-0.137%,32652807.00,,2022,1605,Technology,Computer Software: Prepackaged Software
INM,InMed Pharmaceuticals Inc. Common Shares,$0.8176,-0.0024,-0.293%,2292702.00,Canada,,1169548,Health Care,Biotechnology: Pharmaceutical Preparations
INMB,INmune Bio Inc. Common stock,$1.17,-0.05,-4.098%,71342847.00,United States,2019,2486344,Health Care,Biotechnology: Biological Products (No Diagnostic Substances)
INMD,InMode Ltd. Ordinary Shares,$13.53,-0.26,-1.885%,857243888.00,Israel,2019,1398028,Health Care,Biotechnology: Electromedical & Electrotherapeutic Apparatus
INN,Summit Hotel Properties Inc. Common Stock,$4.17,-0.21,-4.795%,453690521.00,United States,2011,19723174,Real Estate,Real Estate Investment Trusts
INN^E,Summit Hotel Properties Inc. 6.250% Series E Cumulative Redeemable Preferred Stock,$18.18,-0.06,-0.329%,,United States,,11507,,
INN^F,Summit Hotel Properties Inc. 5.875% Series F Cumulative Redeemable Preferred Stock $0.01 par value per share,$17.495,0.388,2.268%,,United States,,1827,,
INNV,InnovAge Holding Corp. Common Stock,$7.75,-0.61,-7.297%,1051670900.00,United States,2021,392111,Health Care,Medical/Nursing Services
INO,Inovio Pharmaceuticals Inc. Common Stock,$1.58,-0.07,-4.242%,109165290.00,United States,,988641,Health Care,Medical/Dental Instruments
INOD,Innodata Inc. Common Stock,$43.66,-0.77,-1.733%,1423420653.00,United States,1993,795119,Technology,EDP Services
INR,Infinity Natural Resources Inc. Class A Common Stock,$17.53,0.03,0.171%,1111641705.00,United States,2025,524541,Energy,Oil & Gas Production
INSE,Inspired Entertainment Inc. Common Stock,$6.11,-0.44,-6.718%,165333991.00,United States,2014,278187,Technology,Computer Software: Prepackaged Software
INSG,Inseego Corp. Common Stock,$10.98,-1.10,-9.106%,178083895.00,United States,,277175,Telecommunications,Telecommunications Equipment
INSM,Insmed Incorporated Common Stock,$136.00,-8.00,-5.556%,29315057856.00,United States,,4561159,Health Care,Biotechnology: Pharmaceutical Preparations
INSP,Inspire Medical Systems Inc. Common Stock,$53.72,-0.96,-1.756%,1546991332.00,United States,2018,1282316,Health Care,Medical/Dental Instruments
INSW,International Seaways Inc. Common Stock ,$67.75,-3.79,-5.298%,3348716038.00,United States,2016,1136074,Consumer Discretionary,Marine Transportation
INTA,Intapp Inc. Common Stock,$25.73,0.20,0.783%,2068583651.00,United States,2021,985111,Technology,Computer Software: Prepackaged Software
INTC,Intel Corporation Common Stock,$43.87,-2.31,-5.002%,219130650000.00,United States,,162426313,Technology,Semiconductors
INTG,Intergroup Corporation (The) Common Stock,$38.14,0.62,1.652%,81955690.00,United States,,11660,Real Estate,Building operators
INTJ,Intelligent Group Limited Class A Ordinary Shares ,$7.99,0.94,13.333%,12284625.00,Hong Kong,2024,28326,Consumer Discretionary,Professional Services
INTR,Inter & Co. Inc. Class A Common Shares,$7.80,-0.30,-3.704%,3429692534.00,Brazil,,2276596,Finance,Commercial Banks
INTS,Intensity Therapeutics Inc. Common stock,$5.98,-0.35,-5.529%,15152501.00,United States,2023,48442,Health Care,Biotechnology: Biological Products (No Diagnostic Substances)
INTT,inTest Corporation Common Stock,$14.03,-0.08,-0.567%,175312482.00,United States,1997,91897,Industrials,Electrical Products
INTU,Intuit Inc. Common Stock,$455.56,0.32,0.07%,125985118000.00,United States,1993,4717806,Technology,Computer Software: Prepackaged Software
INTZ,Intrusion Inc. Common Stock,$1.17,-0.05,-4.098%,23520439.00,United States,,335055,Telecommunications,Computer Communications Equipment
INUV,Inuvo Inc.,$2.48,0.02,0.813%,36490038.00,United States,,86494,Consumer Discretionary,Advertising
INV,Innventure Inc. Common Stock,$4.085,0.02,0.492%,327083168.00,United States,,5069630,Finance,Blank Checks
INVA,Innoviva Inc. Common Stock,$21.70,-0.39,-1.766%,1607398118.00,United States,2004,2707203,Health Care,Biotechnology: Pharmaceutical Preparations
INVE,Identiv Inc. Common Stock,$3.14,-0.09,-2.786%,74588781.00,United States,,77396,Technology,Computer peripheral equipment
INVH,Invitation Homes Inc. Common Stock,$24.39,-0.61,-2.44%,14862926808.00,United States,2017,12483367,Finance,Real Estate
INVX,Innovex International Inc. Common Stock,$24.01,-0.30,-1.234%,1660019947.00,United States,,1207534,Consumer Discretionary,Oil and Gas Field Machinery
INVZ,Innoviz Technologies Ltd. Ordinary shares,$0.69,-0.0085,-1.217%,148021257.00,Israel,,3181881,Consumer Discretionary,Auto Parts:O.E.M.
INVZW,Innoviz Technologies Ltd. Warrant,$0.0066,0.0006,10.00%,1415856.00,Israel,,29840,Consumer Discretionary,Auto Parts:O.E.M.
IOBT,IO Biotech Inc. Common Stock,$0.1766,-0.0134,-7.053%,12706165.00,Denmark,2021,970372,Health Care,Biotechnology: Pharmaceutical Preparations
IONQ,IonQ Inc. Common Stock,$31.20,-0.70,-2.194%,11439191587.00,United States,2021,17152493,Technology,EDP Services
IONR,ioneer Ltd American Depositary Shares,$2.88,-0.14,-4.636%,192082294.00,Australia,,72783,Industrials,Mining & Quarrying of Nonmetallic Minerals (No Fuels)
IONS,Ionis Pharmaceuticals Inc. Common Stock,$70.99,-0.33,-0.463%,11726980861.00,United States,,2920646,Health Care,Biotechnology: Pharmaceutical Preparations
IOR,Income Opportunity Realty Investors Inc. Common Stock,$18.01,-0.74,-3.947%,73231866.00,United States,1987,1348,Real Estate,Real Estate Investment Trusts
IOSP,Innospec Inc. Common Stock,$65.89,-1.34,-1.993%,1632613130.00,United States,,510999,Industrials,Major Chemicals
IOT,Samsara Inc. Class A Common Stock,$33.13,-0.53,-1.575%,19239130920.00,United States,2021,8292628,Technology,EDP Services
IOTR,iOThree Limited Ordinary Shares,$1.56,-0.09,-5.455%,4001402.00,Singapore,2025,28491,Consumer Discretionary,Telecommunications Equipment
IOVA,Iovance Biotherapeutics Inc. Common Stock,$3.69,-0.18,-4.651%,1520138330.00,United States,,23469386,Health Care,Biotechnology: Biological Products (No Diagnostic Substances)
IP,International Paper Company Common Stock,$33.76,-0.24,-0.706%,17874887856.00,United States,,12469151,Basic Materials,Paper
IPAR,Interparfums Inc. Common Stock,$89.96,0.15,0.167%,2885177779.00,United States,,993805,Consumer Discretionary,Package Goods/Cosmetics
IPCX,Inflection Point Acquisition Corp. III Class A Ordinary Shares,$10.19,0.00,0.00%,0.00,United States,2025,273,Finance,Blank Checks
IPCXR,Inflection Point Acquisition Corp. III Rights,$0.35,0.07,25.00%,0.00,United States,2025,497855,Finance,Blank Checks
IPDN,Professional Diversity Network Inc. Common Stock,$1.27,-0.11,-7.971%,6200093.00,United States,2013,60393,Technology,Computer Software: Programming Data Processing
IPEX,Inflection Point Acquisition Corp. V Class A Ordinary Shares,$10.38,0.01,0.096%,,United States,2025,22350,Health Care,Biotechnology: Pharmaceutical Preparations
IPEXR,Inflection Point Acquisition Corp. V Rights,$0.49,0.00,0.00%,0.00,United States,2025,119,Finance,Blank Checks
IPGP,IPG Photonics Corporation Common Stock,$115.36,-7.42,-6.043%,4867194482.00,United States,2006,744312,Technology,Semiconductors
IPHA,Innate Pharma S.A. ADS,$1.17,-0.10,-7.874%,107823863.00,France,2019,44969,Health Care,Biotechnology: Biological Products (No Diagnostic Substances)
IPI,Intrepid Potash Inc Common Stock,$38.76,0.35,0.911%,519651948.00,United States,2008,601272,Industrials,Mining & Quarrying of Nonmetallic Minerals (No Fuels)
IPM,Intelligent Protection Management Corp. Common Stock ,$1.62,-0.01,-0.613%,14718881.00,United States,,107254,Technology,Computer Software: Programming Data Processing
IPOD,Dune Acquisition Corporation II Class A Ordinary Shares,$10.34,-0.03,-0.289%,0.00,United States,2025,50641,Finance,Blank Checks
IPODW,Dune Acquisition Corporation II Warrants,$0.2597,-0.0003,-0.115%,0.00,United States,2025,1869,Finance,Blank Checks
IPSC,Century Therapeutics Inc. Common Stock,$2.42,-0.07,-2.811%,434929055.00,United States,2021,4989351,Health Care,Biotechnology: Biological Products (No Diagnostic Substances)
IPST,IP Strategy Holdings Inc. Common Stock,$0.371,-0.1048,-22.026%,3815154.00,United States,2024,311936,Consumer Staples,Beverages (Production/Distribution)
IPW,iPower Inc. Common Stock,$1.64,-0.02,-1.205%,2168862.00,United States,2021,72957,Consumer Discretionary,RETAIL: Building Materials
IPWR,Ideal Power Inc. Common Stock,$3.15,0.05,1.613%,27038132.00,United States,2013,54179,Technology,Semiconductors
IPX,IperionX Limited American Depositary Share,$23.29,-2.00,-7.908%,790425499.00,United States,,865652,Basic Materials,Other Metals and Minerals
IQ,iQIYI Inc. American Depositary Shares,$1.23,0.00,0.00%,1186980424.00,China,2018,7095464,Consumer Discretionary,Consumer Electronics/Video Chains
IQI,Invesco Quality Municipal Income Trust Common Stock,$9.81,-0.18,-1.802%,518790049.00,United States,,220014,Finance,Finance Companies
IQST,iQSTEL Inc. Common Stock,$1.72,-0.07,-3.911%,7892710.00,United States,,62525,Telecommunications,Telecommunications Equipment
IQV,IQVIA Holdings Inc. Common Stock,$166.07,-0.40,-0.24%,28185012460.00,United States,2013,3462103,Health Care,Biotechnology: Commercial Physical & Biological Resarch
IR,Ingersoll Rand Inc. Common Stock,$81.39,-0.77,-0.937%,31873788532.00,United States,2017,4280260,Industrials,Industrial Machinery/Components
IRAB,Iris Acquisition Corp II Class A Ordinary Shares,$9.84,0.00,0.00%,0.00,,2026,40,,
IRD,Opus Genetics Inc. Common Stock,$4.39,-0.19,-4.148%,312344308.00,United States,,846884,Health Care,Biotechnology: Pharmaceutical Preparations
IRDM,Iridium Communications Inc Common Stock,$25.40,-0.92,-3.495%,2665901679.00,United States,,4259099,Telecommunications,Telecommunications Equipment
IREN,IREN Limited Ordinary Shares,$41.29,-0.37,-0.888%,13719857014.00,Australia,2021,34726808,Technology,EDP Services
IRHO,Iron Horse Acquisitions II Corp. Common Stock,$9.86,0.00,0.00%,0.00,United States,2026,21979,,
IRHOR,Iron Horse Acquisitions Corp. II Rights,$0.1103,0.00,0.00%,0.00,United States,2026,1000,,
IRIX,IRIDEX Corporation Common Stock,$1.35,0.01,0.746%,23206474.00,United States,1996,74235,Health Care,Biotechnology: Electromedical & Electrotherapeutic Apparatus
IRM,Iron Mountain Incorporated (Delaware)Common Stock REIT,$99.61,-5.33,-5.079%,29468144870.00,United States,,3054386,Real Estate,Real Estate Investment Trusts
IRMD,iRadimed Corporation Common Stock,$99.50,-0.35,-0.351%,1271865317.00,United States,2014,132451,Health Care,Medical/Dental Instruments
IRON,Disc Medicine Inc. Common Stock,$58.17,-1.00,-1.69%,2219770981.00,United States,,2170027,Health Care,Biotechnology: Pharmaceutical Preparations
IRS,IRSA Inversiones Y Representaciones S.A. Global Depositary Shares (Each representing ten shares of Common Stock),$13.62,-0.81,-5.613%,107355673.00,Argentina,,161168,Real Estate,Homebuilding
IRT,Independence Realty Trust Inc. Common Stock,$15.12,-0.42,-2.703%,3587677652.00,United States,2013,3708256,Real Estate,Real Estate Investment Trusts
IRTC,iRhythm Holdings Inc. Common Stock,$116.28,-1.50,-1.274%,3757792853.00,United States,2016,576309,Health Care,Medical/Dental Instruments
IRWD,Ironwood Pharmaceuticals Inc. Class A Common Stock,$3.04,-0.19,-5.882%,495697281.00,United States,2010,14225734,Health Care,Biotechnology: Pharmaceutical Preparations
ISBA,Isabella Bank Corporation Common stock,$44.45,-1.05,-2.308%,325820100.00,United States,,22688,Finance,Major Banks
ISD,PGIM High Yield Bond Fund Inc.,$12.86,-0.41,-3.09%,0.00,United States,2012,113469,Finance,Trusts Except Educational Religious and Charitable
ISOU,IsoEnergy Ltd. Common Shares,$9.68,-0.52,-5.098%,586183697.00,,2025,128315,,
ISPC,iSpecimen Inc. Common Stock,$0.196,-0.003,-1.508%,21711125.00,United States,2021,2783631,Health Care,Biotechnology: Commercial Physical & Biological Resarch
ISPR,Ispire Technology Inc. Common Stock,$1.76,-0.085,-4.607%,100830161.00,United States,2023,93349,Health Care, Medicinal Chemicals and Botanical Products 
ISRG,Intuitive Surgical Inc. Common Stock,$477.97,-1.96,-0.408%,169741599379.00,United States,2000,2227555,Health Care,Industrial Specialties
ISSC,Innovative Solutions and Support Inc. Common Stock,$28.66,-0.73,-2.484%,509527310.00,United States,2000,746159,Technology,EDP Services
ISTR,Investar Holding Corporation Common Stock,$26.52,-0.37,-1.376%,364650663.00,United States,2014,862861,Finance,Major Banks
IT,Gartner Inc. Common Stock,$161.41,2.15,1.35%,11371381955.00,United States,1993,3388601,Consumer Discretionary,Other Consumer Services
ITGR,Integer Holdings Corporation Common Stock,$84.10,-0.26,-0.308%,2893657883.00,United States,,1227958,Health Care,Biotechnology: Electromedical & Electrotherapeutic Apparatus
ITHA,ITHAX Acquisition Corp III Class A Ordinary Shares,$9.89,0.01,0.101%,0.00,United States,2026,72434,,
ITHAU,ITHAX Acquisition Corp III Units,$9.98,-0.01,-0.10%,0.00,United States,2025,2270,,
ITHAW,ITHAX Acquisition Corp III Warrants,$0.23,0.00,0.00%,0.00,United States,2026,1000,,
ITIC,Investors Title Company Common Stock,$210.13,-4.75,-2.211%,396635925.00,United States,,12689,Finance,Specialty Insurers
ITOC,iTonic Holdings Ltd Class A Ordinary Shares,$0.273,-0.0085,-3.02%,6748014.00,China,2024,45018,Health Care,Biotechnology: Electromedical & Electrotherapeutic Apparatus
ITP,IT Tech Packaging Inc. Common Stock,$0.1762,-0.0118,-6.277%,2989307.00,China,,181790,Consumer Discretionary,Containers/Packaging
ITRG,Integra Resources Corp. Common Shares,$2.59,-0.13,-4.779%,521854723.00,,,8447748,Basic Materials,Precious Metals
ITRI,Itron Inc. Common Stock,$91.28,-1.41,-1.521%,4102233284.00,United States,1993,2802201,Industrials,Electrical Products
ITRM,Iterum Therapeutics plc Ordinary Share,$0.1613,-0.0093,-5.451%,8522318.00,Ireland,2018,409796,Health Care,Biotechnology: Pharmaceutical Preparations
ITRN,Ituran Location and Control Ltd. Ordinary Shares,$48.59,-2.93,-5.687%,966629052.00,Israel,2005,211408,Technology,Electronic Components
ITT,ITT Inc. Common Stock ,$182.69,-5.35,-2.845%,15711340000.00,United States,2011,1915805,Industrials,Fluid Controls
ITUB,Itau Unibanco Banco Holding SA American Depositary Shares (Each repstg 500 Preferred shares),$7.84,-0.28,-3.448%,89044154509.00,Brazil,,32056821,Finance,Major Banks
ITW,Illinois Tool Works Inc. Common Stock,$257.68,-2.94,-1.128%,74237608000.00,United States,,2353233,Industrials,Industrial Machinery/Components
IVA,Inventiva S.A. American Depository Shares,$5.78,-0.26,-4.305%,552928620.00,France,2020,351368,Health Care,Biotechnology: Pharmaceutical Preparations
IVDA,Iveda Solutions Inc. Common Stock,$0.2984,0.0034,1.153%,3324098.00,United States,,849001,Technology,Computer Software: Prepackaged Software
IVDAW,Iveda Solutions Inc. Warrant,$0.08,-0.0041,-4.875%,891179.00,United States,,1012,Technology,Computer Software: Prepackaged Software
IVF,INVO Fertility Inc. Common Stock,$0.6902,-0.0199,-2.802%,4804548.00,United States,,180012,Health Care,Medical/Dental Instruments
IVR,INVESCO MORTGAGE CAPITAL INC Common Stock,$7.64,-0.44,-5.446%,636186864.00,United States,2009,4870013,Real Estate,Real Estate Investment Trusts
IVR^C,INVESCO MORTGAGE CAPITAL INC 7.5% Fixed-to-Floating Series C Cumulative Redeemable Preferred Stock Liquation Preference $25.00 per Share,$23.10,-0.65,-2.737%,,United States,,14534,,
IVT,InvenTrust Properties Corp. Common Stock,$30.59,-0.89,-2.827%,2376819782.00,United States,2021,812241,Real Estate,Real Estate Investment Trusts
IVVD,Invivyd Inc. Common Stock,$1.38,-0.07,-4.828%,389980726.00,United States,2021,6697504,Health Care,Biotechnology: Biological Products (No Diagnostic Substances)
IVZ,Invesco Ltd Common Stock,$23.21,-0.10,-0.429%,10297668364.00,United States,,9121952,Finance,Investment Managers
IX,ORIX Corporation American Depositary Shares,$29.48,-0.55,-1.832%,34284126953.00,Japan,,1082277,Finance,Diversified Financial Services
IXHL,Incannex Healthcare Inc. Common Stock,$2.99,-0.11,-3.548%,35713496.00,Australia,,425275,Health Care,Biotechnology: Pharmaceutical Preparations
IZEA,IZEA Worldwide Inc. Common Stock,$3.65,0.16,4.585%,63276842.00,United States,,177320,Consumer Discretionary,Advertising
IZM,ICZOOM Group Inc. Class A Ordinary Shares,$0.428,-0.062,-12.653%,5143751.00,China,2023,113859,Consumer Discretionary,Consumer Electronics/Video Chains
J,Jacobs Solutions Inc. Common Stock,$128.44,0.42,0.328%,15084855818.00,United States,2022,2820277,Industrials,Military/Government/Technical
JACK,Jack In The Box Inc. Common Stock,$11.00,-0.19,-1.698%,209396176.00,United States,,881268,Consumer Discretionary,Restaurants
JACS,Jackson Acquisition Company II Class A Ordinary Shares,$10.52,0.00,0.00%,0.00,,2025,2310,,
JAGU,Jaguar Uranium Corp. Class A Common Shares,$1.55,-0.06,-3.727%,29523021.00,,2026,877825,,
JAGX,Jaguar Health Inc. Common Stock,$0.4194,0.0014,0.335%,5208645.00,United States,2015,334056,Health Care,Biotechnology: Pharmaceutical Preparations
JAKK,JAKKS Pacific Inc. Common Stock,$19.64,-0.31,-1.554%,224768232.00,United States,1996,116512,Consumer Discretionary,Recreational Games/Products/Toys
JAN,Janus Living Inc.,$23.60,23.60,,0.00,,,15890507,,
JANX,Janux Therapeutics Inc. Common Stock,$14.06,-0.10,-0.706%,855293083.00,United States,2021,5037254,Health Care,Biotechnology: Pharmaceutical Preparations
JAZZ,Jazz Pharmaceuticals plc Common Stock (Ireland),$180.62,-1.18,-0.649%,11119030417.00,Ireland,2007,1076782,Health Care,Biotechnology: Pharmaceutical Preparations
JBDI,JBDI Holdings Limited Ordinary Shares,$0.6949,0.0266,3.98%,13223297.00,Singapore,2024,21978,,
JBGS,JBG SMITH Properties Common Shares ,$14.96,0.17,1.149%,1128528335.00,United States,2017,2811163,Real Estate,Real Estate Investment Trusts
JBHT,J.B. Hunt Transport Services Inc. Common Stock,$199.93,-0.27,-0.135%,18914194314.00,United States,,1702261,Industrials,Trucking Freight/Courier Services
JBI,Janus International Group Inc. Common Stock,$5.25,-0.12,-2.235%,729005398.00,United States,2021,2574726,Industrials,Building Products
JBIO,Jade Biosciences Inc. Common Stock,$14.00,-0.08,-0.568%,690428018.00,United States,2021,2605469,Health Care,Biotechnology: Pharmaceutical Preparations
JBK,Lehman ABS 3.50 3.50% Adjustable Corp Backed Tr Certs GS Cap I,$26.0976,0.3776,1.468%,0.00,United States,,1306,Finance,Finance: Consumer Services
JBL,Jabil Inc. Common Stock,$253.63,-11.68,-4.402%,26782127569.00,United States,1993,2156978,Technology,Electrical Products
JBLU,JetBlue Airways Corporation Common Stock,$4.03,-0.08,-1.946%,1491582262.00,United States,2002,30193768,Consumer Discretionary,Air Freight/Delivery Services
JBS,JBS N.V. Class A Common Shares,$14.25,-0.78,-5.19%,11602578014.00,,2025,8787966,Consumer Staples,Meat/Poultry/Fish
JBSS,John B. Sanfilippo & Son Inc. Common Stock,$74.45,-1.69,-2.22%,870083005.00,United States,1991,148803,Consumer Staples,Specialty Foods
JBTM,JBT Marel Corporation Common Stock,$127.00,-3.22,-2.473%,6601739908.00,United States,,1339102,Industrials,Industrial Machinery/Components
JCAP,Jefferson Capital Inc. Common Stock,$19.39,-0.86,-4.247%,1072831714.00,United States,2025,2398046,Finance,Finance Companies
JCE,Nuveen Core Equity Alpha Fund Common Shares of Beneficial Interest,$14.56,-0.26,-1.754%,0.00,United States,2007,32325,Finance,Trusts Except Educational Religious and Charitable
JCI,Johnson Controls International plc Ordinary Share,$129.70,-3.55,-2.664%,79376978721.00,Switzerland,,8636410,Industrials,Industrial Machinery/Components
JCSE,JE Cleantech Holdings Limited Ordinary Shares,$0.985,0.004,0.408%,5181356.00,Singapore,2022,8944,Consumer Discretionary,Miscellaneous manufacturing industries
JCTC,Jewett-Cameron Trading Company Common Shares,$1.80,0.045,2.564%,6336203.00,United States,,11627,Consumer Discretionary,RETAIL: Building Materials
JD,JD.com Inc. American Depositary Shares,$27.27,-0.75,-2.677%,39631340279.00,China,2014,11144783,Consumer Discretionary,Other Specialty Stores
JDZG,JIADE LIMITED Class A Ordinary Shares,$0.0928,0.0175,23.24%,2168660.00,China,2024,149219161,Real Estate,Other Consumer Services
JEF,Jefferies Financial Group Inc. Common Stock,$38.13,-0.08,-0.209%,7875703075.00,United States,,3319601,Finance,Investment Bankers/Brokers/Service
JELD,JELD-WEN Holding Inc. Common Stock,$1.24,-0.09,-6.767%,107018375.00,United States,2017,2929930,Basic Materials,Forest Products
JEM,707 Cayman Holdings Limited Ordinary Shares,$0.093,0.0078,9.155%,1793445.00,China,2025,28223872,Consumer Discretionary,Clothing/Shoe/Accessory Stores
JENA,Jena Acquisition Corporation II Class A Ordinary Shares,$10.21,-0.01,-0.098%,0.00,,2025,2954,Finance,Blank Checks
JF,J and Friends Holdings Limited American Depositary Shares,$0.96,0.01,1.053%,15310042.00,China,2018,98675,Technology,Computer Software: Programming Data Processing
JFB,JFB Construction Holdings Class A Common Stock,$16.53,-1.66,-9.126%,101089612.00,United States,2025,145367,Consumer Discretionary,General Bldg Contractors - Nonresidential Bldgs
JFBR,Jeffs' Brands Ltd Ordinary Shares,$3.77,-0.15,-3.827%,2462104.00,Israel,2022,6800,Consumer Discretionary,Other Specialty Stores
JFBRW,Jeffs' Brands Ltd Warrant,$0.0136,-0.0031,-18.563%,8882.00,Israel,2022,9222,Consumer Discretionary,Other Specialty Stores
JFIN,Jiayin Group Inc. American Depositary Shares,$5.39,-0.25,-4.433%,287661853.00,China,2019,60871,Finance,Finance: Consumer Services
JFR,Nuveen Floating Rate Income Fund Common Stock,$7.43,0.10,1.364%,0.00,United States,2004,1224745,Finance,Trusts Except Educational Religious and Charitable
JFU,9F Inc. American Depositary Shares,$4.20,0.15,3.704%,49447999.00,China,2019,1902,Finance,Finance: Consumer Services
JG,Aurora Mobile Limited American Depositary Shares,$7.78,0.74,10.511%,47272455.00,China,2018,949,Technology,Computer Software: Programming Data Processing
JGH,Nuveen Global High Income Fund Common Shares of Beneficial Interest,$12.20,-0.11,-0.894%,0.00,United States,2014,36125,Finance,Investment Managers
JHG,Janus Henderson Group plc Ordinary Shares,$50.43,-0.94,-1.83%,7770032911.00,United Kingdom,2017,12007723,Finance,Investment Managers
JHI,John Hancock Investors Trust Common Stock,$12.84,-0.42,-3.167%,112279983.00,United States,,22504,Finance,Trusts Except Educational Religious and Charitable
JHS,John Hancock Income Securities Trust Common Stock,$10.87,-0.15,-1.361%,126598379.00,United States,,26806,Finance,Finance Companies
JHX,James Hardie Industries plc. Ordinary Shares,$18.96,-0.53,-2.719%,11058230400.00,Ireland,2025,8887882,Industrials,Building Materials
JILL,J. Jill Inc. Common Stock,$14.94,-0.74,-4.719%,225823374.00,United States,2017,112072,Consumer Discretionary,Apparel
JJSF,J & J Snack Foods Corp. Common Stock,$74.54,-0.13,-0.174%,1417147250.00,United States,1986,614511,Consumer Staples,Specialty Foods
JKHY,Jack Henry & Associates Inc. Common Stock,$165.38,0.95,0.578%,11935039320.00,United States,1985,2401035,Technology,EDP Services
JKS,JinkoSolar Holding Company Limited American Depositary Shares (each representing 4 Common Shares),$23.40,-0.33,-1.391%,1234837305.00,China,2010,921559,Technology,Semiconductors
JL,J-Long Group Limited Class A Ordinary Shares,$4.98,0.01,0.201%,18733271.00,Hong Kong,2024,19516,Consumer Discretionary,Clothing/Shoe/Accessory Stores
JLHL,Julong Holding Limited Class A Ordinary Shares,$4.95,-0.37,-6.955%,106170728.00,China,2025,29012,Consumer Discretionary,Military/Government/Technical
JLL,Jones Lang LaSalle Incorporated Common Stock,$293.80,-6.30,-2.099%,13764962474.00,United States,,642104,Finance,Real Estate
JLS,Nuveen Mortgage and Income Fund,$18.05,-0.065,-0.359%,0.00,United States,2009,3315,Finance,Investment Managers
JMIA,Jumia Technologies AG American Depositary Shares each representing two Ordinary Shares,$6.83,-0.23,-3.258%,845913278.00,,2019,1348918,Consumer Discretionary,Catalog/Specialty Distribution
JMM,Nuveen Multi-Market Income Fund (MA),$5.78,-0.0734,-1.254%,0.00,United States,,7202,Finance,Trusts Except Educational Religious and Charitable
JMSB,John Marshall Bancorp Inc. Common Stock,$19.48,-0.055,-0.282%,276880071.00,United States,,57276,Finance,Major Banks
JNJ,Johnson & Johnson Common Stock,$235.37,-2.23,-0.939%,566915293356.00,United States,,17155764,Health Care,Biotechnology: Pharmaceutical Preparations
JOB,GEE Group Inc. Common Stock,$0.2708,0.0054,2.035%,29752982.00,United States,1968,1099814,Consumer Discretionary,Diversified Commercial Services
JOBY,Joby Aviation Inc. Common Stock,$9.23,-0.46,-4.747%,9039255008.00,United States,2020,28128037,Industrials,Aerospace
JOE,St. Joe Company (The) Common Stock,$63.62,-5.18,-7.529%,3660974155.00,United States,,1019089,Real Estate,Homebuilding
JOF,Japan Smaller Capitalization Fund Inc Common Stock,$10.46,-0.11,-1.041%,0.00,United States,1990,172566,Finance,Trusts Except Educational Religious and Charitable
JOUT,Johnson Outdoors Inc. Class A Common Stock,$43.95,0.47,1.081%,459411723.00,United States,,90707,Consumer Discretionary,Recreational Games/Products/Toys
JOYY,JOYY Inc. American Depositary Shares,$58.76,-0.245,-0.415%,3039184250.00,Singapore,2012,756126,Technology,EDP Services
JPC,Nuveen Preferred & Income Opportunities Fund,$7.77,-0.22,-2.753%,0.00,United States,2003,2206923,Finance,Investment Managers
JPM,JP Morgan Chase & Co. Common Stock,$286.56,-1.41,-0.49%,772861597380.00,United States,,22426772,Finance,Major Banks
JPM^C,J P Morgan Chase & Co Depositary Shares each representing a 1/400th interest in a share of 6.00% Non-Cumulative  Preferred Stock Series EE,$24.88,-0.16,-0.639%,,United States,,423295,,
JPM^D,J P Morgan Chase & Co Depositary Shares each representing a 1/400th  interest in a share of 5.75% Non-Cumulative  Preferred Stock Series DD,$24.30,-0.32,-1.30%,,United States,,105278,,
JPM^J,J P Morgan Chase & Co Depositary Shares each representing a 1/400th interest in a share of JPMorgan Chase & Co. 4.75% Non-Cumulative Preferred Stock Series GG,$19.495,-0.245,-1.241%,,United States,,86325,,
JPM^K,J P Morgan Chase & Co Depositary Shares each representing a 1/400th interest in a share of 4.55% Non-Cumulative Preferred Stock Series JJ,$18.68,-0.31,-1.632%,,United States,,199920,,
JPM^L,J P Morgan Chase & Co Depositary Shares each representing a 1/400th interest in a share of 4.625% Non-Cumulative Preferred Stock Series LL,$18.98,-0.32,-1.658%,,United States,,233186,,
JPM^M,J P Morgan Chase & Co Depositary Shares each representing a 1/400th interest in a share of 4.20% Non-Cumulative Preferred Stock Series MM,$17.56,-0.31,-1.735%,,United States,,211044,,
JQC,Nuveen Credit Strategies Income Fund Shares of Beneficial Interest,$4.86,0.09,1.887%,0.00,United States,2003,1225235,Finance,Finance Companies
JRI,Nuveen Real Asset Income and Growth Fund Common Shares of Beneficial Interest,$11.77,-0.39,-3.207%,0.00,United States,2012,270595,Finance,Finance Companies
JRS,Nuveen Real Estate Income Fund Common Shares of Beneficial Interest,$7.26,-0.23,-3.071%,0.00,United States,2001,154561,Finance,Finance/Investors Services
JRSH,Jerash Holdings (US) Inc. Common Stock,$2.87,-0.18,-5.902%,36448828.00,United States,2018,82239,Consumer Discretionary,Apparel
JRVR,James River Group Holdings Inc. Common Stock,$6.14,0.08,1.32%,282247106.00,Bermuda,2014,492628,Finance,Property-Casualty Insurers
JSM,Navient Corporation 6% Senior Notes due December 15 2043,$17.82,-0.34,-1.872%,1771861097.00,United States,,20117,Finance,Investment Bankers/Brokers/Service
JSPR,Jasper Therapeutics Inc. Common Stock,$1.23,0.01,0.82%,34420368.00,United States,2020,216351,Health Care,Biotechnology: Biological Products (No Diagnostic Substances)
JSPRW,Japer Therapeutics Inc. Warrants,$0.0225,-0.0001,-0.442%,629641.00,United States,2020,7,Health Care,Biotechnology: Biological Products (No Diagnostic Substances)
JTAI,Jet.AI Inc. Common Stock,$0.1047,0.0116,12.46%,12481252.00,United States,2021,16350678,Consumer Discretionary,Transportation Services
JUNS,Jupiter Neurosciences Inc. Common Stock,$0.4151,0.0379,10.048%,14290380.00,United States,2024,503048,Health Care,Biotechnology: Pharmaceutical Preparations
JVA,Coffee Holding Co. Inc. Common Stock,$4.38,0.06,1.389%,25003664.00,United States,2005,218314,Consumer Staples,Packaged Foods
JWEL,Jowell Global Ltd. Ordinary Shares,$2.45,-0.02,-0.81%,5317664.00,China,2021,606,Consumer Discretionary,Other Consumer Services
JXG,JX Luxventure Group Inc. Common Stock,$3.85,0.00,0.00%,7186495.00,China,2013,25,Consumer Staples,Apparel
JXN,Jackson Financial Inc. Class A Common Stock ,$103.05,0.53,0.517%,7283768352.00,United States,2021,1240087,Finance,Life Insurance
JXN^A,Jackson Financial Inc. Depositary Shares each representing a 1/1000th interest in a share of Fixed-Rate Reset Noncumulative Perpetual Preferred Stock Series A,$25.64,0.00,0.00%,,United States,,22445,,
JYD,Jayud Global Logistics Limited Class A Ordinary Shares,$2.93,-0.04,-1.347%,9592527.00,China,2023,2244,Industrials,Integrated Freight & Logistics
JYNT,The Joint Corp. Common Stock,$8.21,0.04,0.49%,115878682.00,United States,2014,551901,Miscellaneous,Multi-Sector Companies
JZ,Jianzhi Education Technology Group Company Limited American Depositary Shs,$1.12,0.1708,17.994%,3156720.00,China,2022,62119,Real Estate,Other Consumer Services
JZXN,Jiuzi Holdings Inc. Ordinary Shares,$1.10,0.08,7.843%,1461725.00,China,2021,191276,Consumer Discretionary,Retail-Auto Dealers and Gas Stations
KAI,Kadant Inc Common Stock,$296.40,-2.01,-0.674%,3494266417.00,United States,1992,265701,Industrials,Industrial Machinery/Components
KALA,KALA BIO Inc. Common Stock,$0.2368,-0.0091,-3.701%,215802997.00,United States,2017,2690802,Health Care,Biotechnology: Pharmaceutical Preparations
KALU,Kaiser Aluminum Corporation Common Stock,$107.04,-4.93,-4.403%,1735165819.00,United States,,782667,Industrials,Metal Fabrications
KALV,KalVista Pharmaceuticals Inc. Common Stock,$17.00,0.57,3.469%,859286981.00,United Kingdom,2015,1382613,Health Care,Biotechnology: Pharmaceutical Preparations
KAPA,Kairos Pharma Ltd. Common Stock,$0.5995,-0.0155,-2.52%,12482401.00,,2024,216426,Health Care,Biotechnology: Pharmaceutical Preparations
KARO,Karooooo Ltd. Ordinary Shares,$45.69,-1.17,-2.497%,1411514877.00,Singapore,2021,57745,Technology,Computer Software: Prepackaged Software
KB,KB Financial Group Inc,$100.39,-3.05,-2.949%,37505776180.00,South Korea,,168740,Finance,Commercial Banks
KBDC,Kayne Anderson BDC Inc. Common Stock,$13.63,-0.39,-2.782%,912904661.00,,2024,841416,,
KBH,KB Home Common Stock,$51.15,-1.35,-2.571%,3188737751.00,United States,1986,2776621,Consumer Discretionary,Homebuilding
KBON,Karbon Capital Partners Corp. Class A Ordinary Shares,$10.05,0.00,0.00%,0.00,United States,2026,536,Finance,Blank Checks
KBONU,Karbon Capital Partners Corp. Units,$10.26,0.025,0.244%,0.00,United States,2025,229,Finance,Blank Checks
KBONW,Karbon Capital Partners Corp. Warrant,$0.65,0.00,0.00%,0.00,United States,2026,46,Finance,Blank Checks
KBR,KBR Inc. Common Stock,$37.29,0.20,0.539%,4715922323.00,United States,2006,2551530,Industrials,Military/Government/Technical
KBSX,FST Corp. Ordinary Shares,$1.46,0.02,1.389%,65358364.00,Taiwan,,12063,Consumer Discretionary,Recreational Games/Products/Toys
KC,Kingsoft Cloud Holdings Limited American Depositary Shares,$13.27,-1.33,-9.11%,3611903615.00,China,2020,2090095,Technology,Computer Software: Prepackaged Software
KCHV,Kochav Defense Acquisition Corp. Class A Ordinary Shares,$10.25,0.00,0.00%,0.00,United States,2025,13845,,
KCHVR,Kochav Defense Acquisition Corp. Right,$0.25,0.01,4.167%,0.00,United States,2025,102,Finance,Blank Checks
KD,Kyndryl Holdings Inc. Common Stock,$12.21,-0.16,-1.293%,2752710214.00,United States,2021,7154264,Technology,EDP Services
KDK,Kodiak AI Inc. Common Stock ,$7.47,-0.22,-2.861%,1363688718.00,United States,,585097,Technology,EDP Services
KDKRW,Kodiak AI Inc. Warrants,$1.13,-0.005,-0.441%,206287584.00,United States,,56857,Technology,EDP Services
KDP,Keurig Dr Pepper Inc. Common Stock,$26.59,-0.56,-2.063%,36126930509.00,United States,,18314252,Consumer Staples,Beverages (Production/Distribution)
KE,Kimball Electronics Inc. Common Stock,$23.44,-0.83,-3.42%,567579301.00,United States,,351845,Technology,Electrical Products
KELYA,Kelly Services Inc. Class A Common Stock,$8.47,-0.05,-0.587%,289771642.00,United States,,807511,Consumer Discretionary,Professional Services
KELYB,Kelly Services Inc. Class B Common Stock,$13.06,0.04,0.307%,446802556.00,United States,,2796,Consumer Discretionary,Professional Services
KEN,Kenon Holdings Ltd. Ordinary Shares,$84.02,-2.96,-3.403%,4381663333.00,Singapore,2015,19213,Utilities,Electric Utilities: Central
KEP,Korea Electric Power Corporation Common Stock,$15.99,-0.37,-2.262%,20530011182.00,South Korea,1994,521409,Utilities,Electric Utilities: Central
KEQU,Kewaunee Scientific Corporation Common Stock,$34.10,-0.05,-0.146%,97743694.00,United States,,15819,Industrials,Medical Specialities
KEX,Kirby Corporation Common Stock,$130.52,0.38,0.292%,6998612920.00,United States,,1116904,Consumer Discretionary,Marine Transportation
KEY,KeyCorp Common Stock,$19.41,0.13,0.674%,21150056655.00,United States,,26175153,Finance,Major Banks
KEY^I,KeyCorp Depositary Shares Each Representing a 1/40th Ownership Interest in a Share of Fixed-to-Floating Rate Perpetual Non-Cumulative Preferred Stock Series E,$24.79,-0.11,-0.442%,,United States,,49309,,
KEY^J,KeyCorp Depositary Shares each representing a 1/40th ownership interest in a share of Fixed Rate Perpetual Non-Cumulative Preferred Stock Series F,$21.24,-0.31,-1.439%,,United States,,22219,,
KEY^K,KeyCorp Depositary Shares each representing a 1/40th ownership interest in a share of Fixed Rate Perpetual Non-Cumulative Preferred Stock Series G,$21.36,-0.3186,-1.47%,,United States,,33047,,
KEY^L,KeyCorp Depositary Shares each representing a 1/40th ownership interest in a share of Fixed Rate Perpetual Non-Cumulative Preferred Stock Series H,$24.53,-0.33,-1.327%,,United States,,38942,,
KEYS,Keysight Technologies Inc. Common Stock,$277.53,-12.68,-4.369%,47597087437.00,United States,2014,3872118,Industrials,Industrial Machinery/Components
KF,Korea Fund Inc. (The) New Common Stock,$46.57,-2.63,-5.346%,0.00,United States,,26107,Finance,Investment Managers
KFFB,Kentucky First Federal Bancorp Common Stock,$4.28,-0.26,-5.727%,34611140.00,United States,2005,12083,Finance,Savings Institutions
KFII,K&F Growth Acquisition Corp. II Class A Ordinary shares,$10.44,0.02,0.192%,0.00,United States,2025,8105,,
KFIIR,K&F Growth Acquisition Corp. II Rights,$0.178,-0.0056,-3.05%,0.00,United States,2025,100,,
KFRC,Kforce Inc. Common Stock,$26.38,0.12,0.457%,480845064.00,United States,1995,1218924,Consumer Discretionary,Professional Services
KFS,Kingsway Financial Services Inc. Common Stock (DE),$10.00,-0.22,-2.153%,289466640.00,Canada,,165844,Finance,Property-Casualty Insurers
KFY,Korn Ferry Common Stock,$61.76,0.00,0.00%,3204546493.00,United States,1999,3051300,Consumer Discretionary,Diversified Commercial Services
KG,Kestrel Group Ltd.,$9.85,0.425,4.509%,76258139.00,Bermuda,2008,55507,Finance,Property-Casualty Insurers
KGC,Kinross Gold Corporation Common Stock,$26.54,-0.88,-3.209%,31842692000.00,Canada,2001,14909161,Basic Materials,Precious Metals
KGEI,Kolibri Global Energy Inc. Common stock,$5.03,0.28,5.895%,177945470.00,United States,,297802,Energy,Oil & Gas Production
KGS,Kodiak Gas Services Inc. Common Stock,$55.90,-1.41,-2.46%,4814031026.00,United States,2023,1836786,Utilities,Natural Gas Distribution
KHC,The Kraft Heinz Company Common Stock,$21.57,-0.19,-0.873%,25533374279.00,United States,,20326399,Consumer Staples,Packaged Foods
KIDS,OrthoPediatrics Corp. Common Stock,$16.52,-0.02,-0.121%,417605561.00,United States,2017,166445,Health Care,Medical/Dental Instruments
KIDZ,Classover Holdings Inc. Class B Common Stock,$2.34,-0.17,-6.773%,2874529.00,United States,,39849,Real Estate,Other Consumer Services
KIDZW,Classover Holdings Inc. Warrants,$0.0144,0.0012,9.091%,17689.00,United States,,3701,Real Estate,Other Consumer Services
KIM,Kimco Realty Corporation (HC) Common Stock,$22.34,-0.75,-3.248%,15058649050.00,United States,,12225244,Real Estate,Real Estate Investment Trusts
KIM^L,Kimco Realty Corporation Class L Depositary Shares each of which represents a one-one thousandth fractional interest in a share of 5.125% Class L Cumulative Redeemable Preferred Stock liquidation preference $25000.00 per share,$19.50,-0.20,-1.015%,,United States,,9753,,
KIM^M,Kimco Realty Corporation Class M Depositary Shares each of which represents a one-one thousandth fractional interest in a share of 5.25% Class M Cumulative Redeemable Preferred Stock liquidation preference $25000.00 per share,$19.94,-0.12,-0.598%,,United States,,9330,,
KIM^N,Kimco Realty Corporation Depositary Shares each representing 1/1000th interest in a share of 7.25% Class N Cumulative Convertible Perpetual Preferred Stock,$60.26,0.00,0.00%,,United States,,14,,
KINS,Kingstone Companies Inc. Common Stock,$14.53,-0.04,-0.275%,210348267.00,United States,,140913,Finance,Property-Casualty Insurers
KIO,KKR Income Opportunities Fund Common Shares,$10.71,-0.11,-1.017%,0.00,United States,2013,377299,Finance,Investment Managers
KITT,Nauticus Robotics Inc. Common stock,$0.5974,-0.027,-4.324%,16760369.00,United States,2021,1609060,Industrials,Industrial Machinery/Components
KITTW,Nauticus Robotics Inc. Warrant,$0.0578,0.0072,14.229%,1621609.00,United States,2021,24933,Industrials,Industrial Machinery/Components
KKR,KKR & Co. Inc. Common Stock,$90.00,-0.60,-0.662%,80239580460.00,United States,,9439970,Finance,Investment Managers
KKR^D,KKR & Co. Inc. 6.25% Series D Mandatory Convertible Preferred Stock,$39.79,-0.28,-0.699%,,United States,,222781,,
KKRS,KKR Group Finance Co. IX LLC 4.625% Subordinated Notes due 2061,$16.73,-0.05,-0.298%,14915646457.00,United States,2021,39842,Finance,Investment Managers
KKRT,KKR & Co. Inc. 6.875% Subordinated Notes due 2065,$24.65,-0.13,-0.525%,0.00,United States,2025,34629,Finance,Investment Managers
KLAC,KLA Corporation Common Stock,$1498.67,-12.85,-0.85%,196440584607.00,United States,1980,2187484,Technology,Electronic Components
KLAR,Klarna Group plc Ordinary Shares,$12.61,-0.80,-5.966%,8898177132.00,,2025,8174169,Finance,Finance: Consumer Services
KLC,KinderCare Learning Companies Inc. Common Stock,$2.15,-0.21,-8.898%,254464964.00,United States,2024,2316778,Consumer Discretionary,Other Consumer Services
KLIC,Kulicke and Soffa Industries Inc. Common Stock,$63.89,-2.87,-4.299%,3343141107.00,Singapore,,1045400,Technology,Semiconductors
KLRS,Kalaris Therapeutics Inc. Common Stock,$6.57,-0.24,-3.524%,150638951.00,United States,2020,57905,Health Care,Biotechnology: Biological Products (No Diagnostic Substances)
KLTR,Kaltura Inc. Common Stock,$1.23,0.14,12.844%,182944738.00,United States,2021,2870630,Technology,Computer Software: Prepackaged Software
KLXE,KLX Energy Services Holdings Inc. Common Stock,$2.79,-0.05,-1.761%,54486038.00,United States,,246308,Energy,Oilfield Services/Equipment
KMB,Kimberly-Clark Corporation Common Stock,$98.20,-0.38,-0.385%,32594776832.00,United States,,13108049,Consumer Discretionary,Containers/Packaging
KMDA,Kamada Ltd. Ordinary Shares,$8.50,-0.12,-1.392%,490331476.00,Israel,2013,134900,Health Care,Biotechnology: Pharmaceutical Preparations
KMI,Kinder Morgan Inc. Common Stock,$32.84,-0.60,-1.794%,73062642077.00,United States,2011,26370585,Utilities,Natural Gas Distribution
KMPB,Kemper Corporation 5.875% Fixed-Rate Reset Junior Subordinated Debentures due 2062,$22.40,0.11,0.493%,1315206794.00,United States,2022,26983,Finance,Property-Casualty Insurers
KMPR,Kemper Corporation,$29.69,0.26,0.883%,1743236147.00,United States,,10970477,Finance,Property-Casualty Insurers
KMRK,K-Tech Solutions Company Limited Class A Ordinary Shares,$1.85,0.30,19.355%,39035000.00,Hong Kong,2025,41734,Consumer Discretionary,Recreational Games/Products/Toys
KMT,Kennametal Inc. Common Stock,$34.12,-1.06,-3.013%,2599902783.00,United States,,2328163,Industrials,Industrial Machinery/Components
KMTS,Kestra Medical Technologies Ltd. Common Stock,$19.10,-0.46,-2.352%,1114931042.00,United States,2025,2070984,Health Care,Medical/Dental Instruments
KMX,CarMax Inc,$41.86,-0.52,-1.227%,5935607392.00,United States,,5771358,Consumer Discretionary,Retail-Auto Dealers and Gas Stations
KN,Knowles Corporation Common Stock,$24.20,-0.58,-2.341%,2069817869.00,United States,2014,1071411,Consumer Staples,Consumer Electronics/Appliances
KNDI,Kandi Technologies Group Inc. Ordinary Shares,$0.9564,-0.0359,-3.618%,83549415.00,China,,119678,Industrials,Auto Manufacturing
KNF,Knife Riv Holding Co. Common Stock,$80.90,0.93,1.163%,4584130949.00,United States,2023,2034042,Industrials,Mining & Quarrying of Nonmetallic Minerals (No Fuels)
KNOP,KNOT Offshore Partners LP Common Units representing Limited Partner Interests,$9.15,-1.09,-10.645%,311512491.00,United Kingdom,2013,730373,Consumer Discretionary,Marine Transportation
KNRX,KNOREX LTD. Class A Ordinary Shares,$1.255,0.015,1.21%,38181007.00,,2025,136842,Technology,Computer Software: Programming Data Processing
KNSA,Kiniksa Pharmaceuticals International plc Class A Ordinary Shares,$46.08,0.45,0.986%,3526750172.00,United States,2018,852502,Health Care,Biotechnology: Pharmaceutical Preparations
KNSL,Kinsale Capital Group Inc. Common Stock,$328.21,1.49,0.456%,7599067792.00,United States,,383231,Finance,Property-Casualty Insurers
KNTK,Kinetik Holdings Inc. Class A Common Stock,$45.88,-0.73,-1.566%,7439365839.00,United States,2022,1753173,Utilities,Natural Gas Distribution
KNX,Knight-Swift Transportation Holdings Inc.,$53.28,-0.09,-0.169%,8654048382.00,United States,2017,3163064,Industrials,Trucking Freight/Courier Services
KO,Coca-Cola Company (The) Common Stock,$74.75,-0.80,-1.059%,321735427556.00,United States,,33292137,Consumer Staples,Beverages (Production/Distribution)
KOD,Kodiak Sciences Inc Common Stock,$22.25,-0.415,-1.831%,1334000597.00,United States,2018,2462612,Health Care,Biotechnology: Biological Products (No Diagnostic Substances)
KODK,Eastman Kodak Company Common New,$7.83,-0.06,-0.76%,763425000.00,United States,,3139068,Consumer Discretionary,Industrial Machinery/Components
KOF,Coca Cola Femsa S.A.B. de C.V.  American Depositary Shares each representing 10 Units (each Unit consists of 3 Series B Shares and 5 Series L Shares),$94.62,-2.41,-2.484%,19878074844.00,Mexico,1993,475091,Consumer Staples,Beverages (Production/Distribution)
KOP,Koppers Holdings Inc. Common Stock,$35.10,-2.35,-6.275%,689341431.00,United States,2006,1281177,Basic Materials,Forest Products
KOPN,Kopin Corporation Common Stock,$1.98,-0.11,-5.263%,365816145.00,United States,1992,3558022,Technology,Semiconductors
KORE,KORE Group Holdings Inc. Common Stock,$8.98,0.01,0.111%,157508634.00,United States,,227232,Telecommunications,Telecommunications Equipment
KOS,Kosmos Energy Ltd. Common Shares (DE),$2.84,-0.14,-4.698%,1643010676.00,Bermuda,2011,58264780,Energy,Oil & Gas Production
KOSS,Koss Corporation Common Stock,$3.62,-0.28,-7.179%,34268506.00,United States,,46028,Consumer Staples,Consumer Electronics/Appliances
KOYN,CSLM Digital Asset Acquisition Corp III Class A Ordinary Shares,$10.03,0.01,0.10%,0.00,United States,2025,3639,,
KOYNU,CSLM Digital Asset Acquisition Corp III Units,$10.145,0.005,0.049%,0.00,United States,2025,250,,
KPLT,Katapult Holdings Inc. Common Stock,$7.25,-0.20,-2.685%,34546671.00,United States,2019,16962,Consumer Discretionary,Diversified Commercial Services
KPLTW,Katapult Holdings Inc. Warrant,$0.0029,-0.0002,-6.452%,13819.00,United States,2019,3988,Consumer Discretionary,Diversified Commercial Services
KPRX,Kiora Pharmaceuticals Inc.  Common Stock,$2.09,0.06,2.956%,7686884.00,United States,,55744,Health Care,Biotechnology: Pharmaceutical Preparations
KPTI,Karyopharm Therapeutics Inc. Common Stock,$7.63,-0.10,-1.294%,139964476.00,United States,2013,1490019,Health Care,Biotechnology: Pharmaceutical Preparations
KR,Kroger Company (The) Common Stock,$73.20,-0.56,-0.759%,46324558512.00,United States,,17798442,Consumer Staples,Food Chains
KRAQ,KRAKacquisition Corp Class A Ordinary Shares,$9.92,0.42,4.421%,0.00,United States,,17253,,
KRAQU,KRAKacquisition Corp Unit,$10.065,-0.0019,-0.019%,0.00,United States,2026,53805,,
KRAQW,KRAKacquisition Corp Warrants,$0.80,0.10,14.286%,0.00,United States,,6000,,
KRC,Kilroy Realty Corporation Common Stock,$28.21,-0.94,-3.225%,3342971153.00,United States,1997,2455018,Real Estate,Real Estate Investment Trusts
KREF,KKR Real Estate Finance Trust Inc. Common Stock,$6.38,-0.15,-2.297%,410078602.00,United States,2017,10978254,Real Estate,Real Estate Investment Trusts
KREF^A,KKR Real Estate Finance Trust Inc. 6.50% Series A Cumulative Redeemable Preferred Stock,$17.50,-0.05,-0.285%,,United States,,8046,,
KRG,Kite Realty Group Trust Common Stock,$24.60,-0.74,-2.92%,5087091662.00,United States,2004,2554849,Real Estate,Real Estate Investment Trusts
KRKR,36Kr Holdings Inc. American Depositary Shares,$4.30,-0.37,-7.923%,176559785.00,China,2019,11397,Real Estate,Real Estate
KRMD,KORU Medical Systems Inc. Common Stock (DE),$4.21,-0.09,-2.093%,209695713.00,United States,,206049,Health Care,Medical/Dental Instruments
KRMN,Karman Holdings Inc. Common Stock,$99.38,-6.57,-6.201%,13150203590.00,United States,2025,3002080,Industrials,Military/Government/Technical
KRNT,Kornit Digital Ltd. Ordinary Shares,$14.07,-0.20,-1.402%,637757967.00,Israel,2015,2396614,Industrials,Industrial Machinery/Components
KRNY,Kearny Financial Corp Common Stock,$7.13,0.00,0.00%,461590147.00,United States,2005,808607,Finance,Savings Institutions
KRO,Kronos Worldwide Inc Common Stock,$5.40,-0.13,-2.351%,621286826.00,United States,,664731,Basic Materials,Major Chemicals
KROS,Keros Therapeutics Inc. Common Stock,$10.96,-0.16,-1.439%,216104162.00,United States,2020,2268579,Health Care,Biotechnology: Pharmaceutical Preparations
KRP,Kimbell Royalty Partners Common Units Representing Limited Partner Interests,$14.45,-0.06,-0.414%,1558982005.00,United States,2017,922346,Energy,Oil & Gas Production
KRRO,Korro Bio Inc. Common Stock,$10.75,-0.31,-2.803%,155042638.00,United States,2019,180762,Health Care,Biotechnology: Pharmaceutical Preparations
KRSP,Rice Acquisition Corporation 3 Class A Ordinary Shares,$10.29,0.01,0.097%,0.00,,2025,16179,,
KRT,Karat Packaging Inc. Common Stock,$27.01,-0.44,-1.603%,539220374.00,United States,2021,121282,Industrials,Plastic Products
KRUS,Kura Sushi USA Inc. Class A Common Stock,$55.92,-3.10,-5.252%,677273794.00,United States,2019,237013,Consumer Discretionary,Restaurants
KRYS,Krystal Biotech Inc. Common Stock,$251.68,-6.32,-2.45%,7357157328.00,United States,2017,839965,Health Care,Biotechnology: Biological Products (No Diagnostic Substances)
KSCP,Knightscope Inc. Class A Common Stock,$3.93,-0.18,-4.38%,45229828.00,United States,2022,311487,Telecommunications,Telecommunications Equipment
KSPI,Joint Stock Company Kaspi.kz American Depository Shares,$72.17,-0.84,-1.151%,13664196169.00,Kazakhstan,2024,711652,,
KSS,Kohl's Corporation Common Stock,$12.43,-0.42,-3.268%,1394511644.00,United States,1992,10066275,Consumer Discretionary,Department/Specialty Retail Stores
KT,KT Corporation Common Stock,$21.64,-0.20,-0.916%,10639649903.00,South Korea,,1999859,Telecommunications,Telecommunications Equipment
KTB,Kontoor Brands Inc. Common Stock ,$66.99,-2.01,-2.913%,3701474906.00,United States,2019,1896152,Industrials,Garments and Clothing
KTCC,Key Tronic Corporation Common Stock,$2.72,-0.03,-1.091%,29537212.00,United States,1983,10392,Technology,Electrical Products
KTF,DWS Municipal Income Trust,$8.91,-0.25,-2.729%,351953358.00,United States,1988,320448,Finance,Finance Companies
KTH,Structures Products Cp 8% CorTS Issued by Peco Energy Cap Tr II Preferred Stock,$29.14,0.0999,0.344%,0.00,United States,,160,Finance,Finance: Consumer Services
KTN,Structured Products Corp 8.205% CorTS 8.205% Corporate Backed Trust Securities (CorTS),$25.9263,0.0463,0.179%,0.00,United States,,1193,Finance,Finance: Consumer Services
KTOS,Kratos Defense & Security Solutions Inc. Common Stock,$84.62,-8.16,-8.795%,14413253350.00,United States,,6888546,Industrials,Military/Government/Technical
KTTA,Pasithea Therapeutics Corp. Common Stock,$0.797,0.0149,1.905%,18403576.00,United States,2021,205108,Health Care,Biotechnology: Pharmaceutical Preparations
KTWO,K2 Capital Acquisition Corporation Class A Ordinary Share,$9.87,0.00,0.00%,197806249.00,Cayman Islands,2026,5968,,
KTWOU,K2 Capital Acquisition Corporation Units,$10.05,0.00,0.00%,0.00,Cayman Islands,2026,119,,
KULR,KULR Technology Group Inc. Common Stock,$2.49,-0.05,-1.969%,113748247.00,United States,,1576713,Technology,Electrical Products
KURA,Kura Oncology Inc. Common Stock,$8.26,-0.17,-2.017%,729603809.00,United States,,2695402,Health Care,Biotechnology: Pharmaceutical Preparations
KUST,Kustom Entertainment Inc. Common Stock,$0.71,-0.047,-6.209%,568714.00,United States,,98644,Technology,Radio And Television Broadcasting And Communications Equipment
KVAC,Keen Vision Acquisition Corporation Ordinary Shares,$12.00,0.00,0.00%,0.00,United States,2023,2048,,
KVACW,Keen Vision Acquisition Corporation Warrant,$0.047,0.0008,1.732%,0.00,United States,2023,6711,,
KVHI,KVH Industries Inc. Common Stock,$8.01,0.06,0.755%,156026261.00,United States,1996,111303,Technology,Radio And Television Broadcasting And Communications Equipment
KVUE,Kenvue Inc. Common Stock,$17.40,-0.03,-0.172%,33351138366.00,United States,2023,29748052,Consumer Discretionary,Specialty Chemicals
KVYO,Klaviyo Inc. Series A Common Stock,$18.58,-0.09,-0.482%,5662703224.00,United States,2023,3667457,Technology,Computer Software: Prepackaged Software
KW,Kennedy-Wilson Holdings Inc. Common Stock,$10.85,0.00,0.00%,1502339977.00,United States,,3428189,Finance,Real Estate
KWM,K Wave Media Ltd. Ordinary Shares,$0.7072,0.0248,3.634%,51798038.00,Cayman Islands,,324417,Consumer Discretionary,Movies/Entertainment
KWMWW,K Wave Media Ltd. Warrant,$0.0424,-0.0075,-15.03%,3105538.00,Cayman Islands,,333,Consumer Discretionary,Movies/Entertainment
KWR,Quaker Houghton Common Stock,$114.74,-6.33,-5.228%,1989026506.00,United States,,338981,Industrials,Major Chemicals
KXIN,Kaixin Holdings Ordinary Shares,$4.78,0.00,0.00%,7904987.00,China,2017,18402,Consumer Discretionary,Retail-Auto Dealers and Gas Stations
KYIV,Kyivstar Group Ltd. Common Shares,$10.10,-0.10,-0.98%,2331722602.00,United Arab Emirates,,823879,Telecommunications,Telecommunications Equipment
KYIVW,Kyivstar Group Ltd. Warrant,$3.62,-0.045,-1.228%,835726319.00,United Arab Emirates,,900,Telecommunications,Telecommunications Equipment
KYMR,Kymera Therapeutics Inc. Common Stock,$77.91,-1.66,-2.086%,6360758917.00,United States,2020,1197728,Health Care,Biotechnology: Biological Products (No Diagnostic Substances)
KYN,Kayne Anderson Energy Infrastructure Fund Inc.,$13.97,-0.11,-0.781%,1901757474.00,United States,2004,388950,Finance,Finance/Investors Services
KYNB,Kyntra Bio Inc. Common Stock,$7.13,-0.17,-2.329%,28853877.00,United States,2014,38936,Health Care,Biotechnology: Pharmaceutical Preparations
KYTX,Kyverna Therapeutics Inc. Common Stock,$7.94,-0.60,-7.026%,453591715.00,United States,2024,1571482,Health Care,Biotechnology: Biological Products (No Diagnostic Substances)
KZIA,Kazia Therapeutics Limited American Depositary Shares,$7.48,-0.43,-5.436%,85473205.00,Australia,,61165,Health Care,Biotechnology: Pharmaceutical Preparations
KZR,Kezar Life Sciences Inc. Common Stock,$6.43,-0.265,-3.958%,47087893.00,United States,2018,48406,Health Care,Biotechnology: Pharmaceutical Preparations
L,Loews Corporation Common Stock,$105.60,-0.05,-0.047%,21759183494.00,United States,,1415459,Finance,Property-Casualty Insurers
LAB,Standard BioTools Inc. Common Stock,$0.9846,0.0246,2.563%,384064405.00,United States,2011,3783142,Industrials,Biotechnology: Laboratory Analytical Instruments
LAC,Lithium Americas Corp. Common Shares,$3.71,-0.30,-7.481%,1125941548.00,Canada,2023,11238235,Basic Materials,Metal Mining
LAD,Lithia Motors Inc. Common Stock,$243.00,-5.31,-2.138%,5680103130.00,United States,,578397,Consumer Discretionary,Retail-Auto Dealers and Gas Stations
LADR,Ladder Capital Corp Class A Common Stock,$9.77,-0.23,-2.30%,1243071871.00,United States,2014,2054925,Real Estate,Real Estate Investment Trusts
LAES,SEALSQ Corp Ordinary Shares,$2.96,-0.11,-3.583%,568941982.00,Switzerland,,4146535,Technology,Semiconductors
LAFA,LaFayette Acquisition Corp. Ordinary Share,$9.97,0.01,0.10%,0.00,France,2025,1008,,
LAFAR,LaFayette Acquisition Corp. Rights,$0.1064,-0.0136,-11.333%,0.00,France,2025,2512,,
LAFAU,LaFayette Acquisition Corp. Unit,$10.07,0.00,0.00%,0.00,France,2025,9,,
LAKE,Lakeland Industries Inc. Common Stock,$7.72,-0.65,-7.766%,75703308.00,United States,1986,152634,Health Care,Industrial Specialties
LAMR,Lamar Advertising Company Class A Common Stock,$124.57,-2.84,-2.229%,12622756205.00,United States,1996,1091757,Real Estate,Real Estate Investment Trusts
LAND,Gladstone Land Corporation Common Stock,$10.53,-0.46,-4.186%,436346415.00,United States,2013,984850,Real Estate,Real Estate Investment Trusts
LANDO,Gladstone Land Corporation 6.00% Series B Cumulative Redeemable Preferred Stock,$20.08,-0.19,-0.937%,832083192.00,United States,,11927,Real Estate,Real Estate Investment Trusts
LANDP,Gladstone Land Corporation 6.00% Series C Cumulative Redeemable Preferred Stock,$19.69,-0.20,-1.006%,815922214.00,United States,,34317,Real Estate,Real Estate Investment Trusts
LANV,Lanvin Group Holdings Limited Ordinary Shares,$1.78,0.05,2.89%,248800931.00,Cayman Islands,2022,44467,Consumer Discretionary,Apparel
LAR,Lithium Argentina AG Common Shares,$5.77,-0.24,-3.993%,936471000.00,Canada,2023,6322479,Basic Materials,Metal Mining
LARK,Landmark Bancorp Inc. Common Stock,$24.27,-0.04,-0.165%,147421586.00,United States,,49380,Finance,Major Banks
LASE,Laser Photonics Corporation Common Stock,$0.83,-0.0567,-6.394%,18903419.00,United States,2022,742574,Miscellaneous,Industrial Machinery/Components
LASR,nLIGHT Inc. Common Stock,$65.76,-5.12,-7.223%,3668837137.00,United States,2018,3982895,Technology,Semiconductors
LATA,Galata Acquisition Corp. II Class A Ordinary Shares,$10.01,0.0315,0.316%,0.00,United States,2025,8056,Finance,Blank Checks
LATAW,Galata Acquisition Corp. II Warrant,$0.33,-0.0002,-0.061%,0.00,United States,2025,3749,Finance,Blank Checks
LAUR,Laureate Education Inc. Common Stock,$33.29,-0.35,-1.04%,4751935443.00,United States,2017,22256304,Real Estate,Other Consumer Services
LAW,CS Disco Inc. Common Stock,$4.10,-0.17,-3.981%,259648953.00,United States,2021,443356,Technology,Computer Software: Prepackaged Software
LAZ,Lazard Inc. Common Stock,$39.25,-0.59,-1.481%,4385353712.00,Bermuda,2005,2161903,Finance,Investment Managers
LB,LandBridge Company LLC Class A Shares Representing Limited Liability Company Interests,$70.95,-0.10,-0.141%,5469472709.00,,2024,736389,Energy,Oil & Gas Production
LBGJ,Li Bang International Corporation Inc. Class A Ordinary Shares,$0.0304,-0.0011,-3.492%,4217939.00,China,2024,163882785,Industrials,Industrial Machinery/Components
LBRDA,Liberty Broadband Corporation Class A Common Stock,$49.47,0.41,0.836%,7098832703.00,United States,,196686,Telecommunications,Cable & Other Pay Television Services
LBRDK,Liberty Broadband Corporation Class C Common Stock,$49.48,0.30,0.61%,7100267680.00,United States,,1134101,Telecommunications,Cable & Other Pay Television Services
LBRDP,Liberty Broadband Corporation Series A Cumulative Redeemable Preferred Stock,$23.975,0.085,0.356%,3440358077.00,United States,,15083,Telecommunications,Cable & Other Pay Television Services
LBRT,Liberty Energy Inc. Class A common stock,$31.45,-0.28,-0.882%,5096520493.00,United States,2018,5105374,Energy,Oilfield Services/Equipment
LBRX,LB Pharmaceuticals Inc Common Stock,$23.53,-0.46,-1.917%,595287870.00,United States,2025,778701,Health Care,Biotechnology: Pharmaceutical Preparations
LBTYA,Liberty Global Ltd. Class A Common Shares,$11.69,-0.21,-1.765%,3916485678.00,United Kingdom,,2806996,Telecommunications,Cable & Other Pay Television Services
LBTYB,Liberty Global Ltd. Class B Common Shares,$14.17,2.03,16.722%,4747356892.00,United Kingdom,,21020,Telecommunications,Cable & Other Pay Television Services
LBTYK,Liberty Global Ltd. Class C Common Shares,$11.37,-0.25,-2.151%,3809276490.00,United Kingdom,,2228635,Telecommunications,Cable & Other Pay Television Services
LC,LendingClub Corporation Common Stock,$13.98,0.13,0.939%,1610224760.00,United States,2014,2287411,Finance,Finance: Consumer Services
LCCC,Lakeshore Acquisition III Corp. Ordinary Shares,$10.28,0.00,0.00%,0.00,United States,2025,1555,Finance,Blank Checks
LCCCR,Lakeshore Acquisition III Corp. Rights,$0.22,0.00,0.00%,0.00,United States,2025,905,Finance,Blank Checks
LCFY,Locafy Limited Ordinary Share,$4.11,-0.18,-4.196%,7394116.00,Australia,2022,11978,Technology,Computer Software: Programming Data Processing
LCFYW,Locafy Limited Warrant,$2.75,0.00,0.00%,4947401.00,Australia,2022,4,Technology,Computer Software: Programming Data Processing
LCID,Lucid Group Inc. Common Stock,$10.06,-0.24,-2.33%,3296503485.00,United States,,5812770,Industrials,Auto Manufacturing
LCII,LCI Industries,$117.48,-3.57,-2.949%,2843141586.00,United States,1995,863710,Consumer Discretionary,Auto Parts:O.E.M.
LCNB,LCNB Corporation Common Stock,$15.15,-0.04,-0.263%,215705185.00,United States,,89967,Finance,Major Banks
LCTX,Lineage Cell Therapeutics Inc. Common Stock,$1.45,-0.10,-6.452%,361176917.00,United States,,1446873,Health Care,Biotechnology: Biological Products (No Diagnostic Substances)
LCUT,Lifetime Brands Inc. Common Stock,$4.60,0.03,0.656%,104209352.00,United States,1991,201183,Consumer Discretionary,Industrial Machinery/Components
LDI,loanDepot Inc. Class A Common Stock,$1.48,-0.07,-4.516%,338655551.00,United States,2021,9271912,Finance,Finance: Consumer Services
LDOS,Leidos Holdings Inc. Common Stock,$165.87,-0.08,-0.048%,20964754495.00,United States,,4465235,Technology,EDP Services
LDP,Cohen & Steers Limited Duration Preferred and Income Fund Inc.,$19.90,-0.39,-1.922%,0.00,United States,2012,111768,Finance,Finance Companies
LE,Lands' End Inc. Common Stock,$12.12,-1.60,-11.662%,370278944.00,United States,,1451645,Consumer Discretionary,Clothing/Shoe/Accessory Stores
LEA,Lear Corporation Common Stock,$113.48,-2.10,-1.817%,5756551480.00,United States,,2028281,Consumer Discretionary,Auto Parts:O.E.M.
LECO,Lincoln Electric Holdings Inc. Common Shares,$249.72,-7.05,-2.746%,13685995748.00,United States,,768625,Industrials,Industrial Machinery/Components
LEDS,SemiLEDS Corporation Common Stock,$1.11,-0.08,-6.723%,9131030.00,Taiwan,2010,23384,Technology,Semiconductors
LEE,Lee Enterprises Incorporated Common Stock,$7.95,-0.57,-6.69%,176728015.00,United States,,208563,Consumer Discretionary,Newspapers/Magazines
LEG,Leggett & Platt Incorporated Common Stock,$9.55,-0.28,-2.848%,1297631023.00,United States,,2578830,Consumer Discretionary,Home Furnishings
LEGH,Legacy Housing Corporation Common Stock (TX),$18.95,-0.25,-1.302%,451243862.00,United States,2018,311205,Consumer Discretionary,Homebuilding
LEGN,Legend Biotech Corporation American Depositary Shares,$17.41,-0.46,-2.574%,3220077832.00,United States,2020,1088997,Health Care,Biotechnology: Pharmaceutical Preparations
LEGO,Legato Merger Corp. IV Ordinary Shares,$9.84,-0.01,-0.102%,298221234.00,,2026,284905,Industrials,Steel/Iron Ore
LEGT,Legato Merger Corp. III Ordinary Shares,$10.97,-0.01,-0.091%,0.00,,2024,1703,,
LEN,Lennar Corporation Class A Common Stock,$90.55,-3.17,-3.382%,22422099660.00,United States,,6640049,Consumer Discretionary,Homebuilding
LENZ,LENZ Therapeutics Inc. Common Stock,$10.48,-1.01,-8.79%,327918875.00,United States,2021,1528801,Health Care,Biotechnology: Biological Products (No Diagnostic Substances)
LEO,BNY Mellon Strategic Municipals Inc. Common Stock,$6.24,-0.13,-2.041%,388694929.00,United States,1987,135281,Finance,Trusts Except Educational Religious and Charitable
LESL,Leslie's Inc. Common Stock,$0.9738,0.0104,1.08%,9072481.00,United States,2020,102287,Consumer Discretionary,Other Specialty Stores
LEU,Centrus Energy Corp. Class A Common Stock,$186.76,-18.33,-8.938%,3672554159.00,United States,2014,1761437,Industrials,Mining & Quarrying of Nonmetallic Minerals (No Fuels)
LEVI,Levi Strauss & Co Class A Common Stock,$17.93,-0.40,-2.182%,6895382845.00,United States,2019,2635265,Consumer Discretionary,Apparel
LEXX,Lexaria Bioscience Corp. Common Stock,$0.7133,-0.0117,-1.614%,17752215.00,Canada,,228994,Health Care,Biotechnology: Pharmaceutical Preparations
LFACU,Leapfrog Acquisition Corporation Units,$10.0785,0.00,0.00%,0.00,United States,2025,4,,
LFACW,Leapfrog Acquisition Corporation Warrants,$0.27,0.00,0.00%,0.00,United States,2026,22,Finance,Blank Checks
LFCR,Lifecore Biomedical Inc. Common Stock,$4.02,-0.04,-0.985%,150614735.00,United States,,791264,Health Care,Biotechnology: Pharmaceutical Preparations
LFMD,LifeMD Inc. Common Stock,$3.90,-0.19,-4.645%,187097992.00,United States,,1328019,Health Care,Medical/Nursing Services
LFMDP,LifeMD Inc. 8.875% Series A Cumulative Perpetual Preferred Stock,$23.00,0.00,0.00%,1103398412.00,United States,,1925,Health Care,Medical/Nursing Services
LFS,LEIFRAS Co. Ltd. American Depositary Shares  ,$2.60,0.29,12.554%,68017609.00,Japan,2025,61205,Consumer Discretionary,Other Consumer Services
LFST,LifeStance Health Group Inc. Common Stock,$6.40,-0.06,-0.929%,2494612544.00,United States,2021,1990457,Health Care,Medical/Nursing Services
LFT,Lument Finance Trust Inc. Common Stock,$1.32,0.04,3.125%,69121708.00,United States,2013,723695,Real Estate,Real Estate Investment Trusts
LFT^A,Lument Finance Trust Inc. 7.875% Series A Cumulative Redeemable Preferred Stock,$20.00,-0.24,-1.186%,,United States,,3242,,
LFUS,Littelfuse Inc. Common Stock,$320.65,-12.13,-3.645%,8068231533.00,United States,,259087,Energy,Electrical Products
LFVN,Lifevantage Corporation Common Stock (Delaware),$4.67,-0.06,-1.268%,59744987.00,United States,,100235,Health Care,Biotechnology: Pharmaceutical Preparations
LFWD,Lifeward Ltd. Ordinary Shares,$6.74,-0.08,-1.173%,10300216.00,Israel,2014,13205,Health Care,Industrial Specialties
LGCB,Linkage Global Inc. Class A Ordinary Shares,$1.48,0.01,0.68%,16520533.00,Japan,2023,9286,Consumer Discretionary,Catalog/Specialty Distribution
LGCL,Lucas GC Limited Ordinary Shares,$1.7488,0.00,0.00%,74831897.00,China,2024,1089,Technology,Computer Software: Programming Data Processing
LGCY,Legacy Education Inc. Common Stock,$12.65,-0.62,-4.672%,159555538.00,,2024,54292,Real Estate,Other Consumer Services
LGHL,Lion Group Holding Ltd. American Depositary Share,$1.02,-0.08,-7.273%,972771.00,China,,87118,Finance,Investment Bankers/Brokers/Service
LGI,Lazard Global Total Return and Income Fund Common Stock,$16.66,-0.41,-2.402%,0.00,United States,2004,82343,,
LGIH,LGI Homes Inc. Common Stock,$34.24,-2.82,-7.609%,792076865.00,United States,2013,1700882,Consumer Discretionary,Homebuilding
LGL,LGL Group Inc. (The) Common Stock,$6.98,-0.25,-3.458%,38610128.00,United States,1946,5428,Technology,Industrial Machinery/Components
LGN,Legence Corp. Class A Common stock,$48.83,-2.66,-5.166%,5143602243.00,United States,2025,882322,Consumer Discretionary,Engineering & Construction
LGND,Ligand Pharmaceuticals Incorporated Common Stock,$204.81,-5.68,-2.698%,4084145088.00,United States,,468277,Health Care,Biotechnology: Pharmaceutical Preparations
LGO,Largo Inc. Common Shares,$1.14,0.01,0.885%,94976820.00,Canada,,2341890,Industrials,Mining & Quarrying of Nonmetallic Minerals (No Fuels)
LGPS,LogProstyle Inc. Common Shares,$0.7531,-0.0369,-4.671%,17812404.00,,2025,6134,Consumer Discretionary,Homebuilding
LGVN,Longeveron Inc. Class A Common Stock,$0.98,-0.13,-11.712%,22802399.00,United States,2021,1553924,Health Care,Biotechnology: Pharmaceutical Preparations
LH,Labcorp Holdings Inc. Common Stock,$263.00,-1.09,-0.413%,21671200000.00,United States,,819081,Health Care,Medical Specialities
LHAI,Linkhome Holdings Inc. Common stock,$1.19,0.00,0.00%,19313700.00,United States,2025,82025,Finance,Real Estate
LHSW,Lianhe Sowell International Group Ltd Class A Ordinary Shares,$0.1666,-0.0034,-2.00%,8663200.00,China,2025,164072,Technology,Computer Software: Prepackaged Software
LHX,L3Harris Technologies Inc. Common Stock,$352.85,-10.85,-2.983%,65904004400.00,United States,,2472801,Industrials,Industrial Machinery/Components
LI,Li Auto Inc. American Depositary Shares,$16.70,-0.40,-2.339%,17672961973.00,China,2020,3375598,Industrials,Auto Manufacturing
LICN,Lichen International Limited Class A Ordinary Shares,$2.95,-0.01,-0.338%,48164134.00,China,2023,511,Consumer Discretionary,Professional Services
LIDR,AEye Inc. Class A Common Stock,$2.24,-0.35,-13.514%,101574859.00,United States,2021,7448142,Consumer Discretionary,Auto Parts:O.E.M.
LIDRW,AEye Inc. Warrant,$0.0545,-0.0355,-39.444%,2471353.00,United States,2021,187567,Consumer Discretionary,Auto Parts:O.E.M.
LIEN,Chicago Atlantic BDC Inc. Common Stock,$9.71,-0.39,-3.861%,221587929.00,United States,2022,258615,Finance,Finance: Consumer Services
LIF,Life360 Inc. Common Stock,$39.83,0.56,1.426%,3194310756.00,United States,2024,13598515,Technology,EDP Services
LIFE,Ethos Technologies Inc. Class A Common Stock,$9.85,-0.15,-1.50%,619266082.00,United States,2026,1665579,Finance,Specialty Insurers
LII,Lennox International Inc. Common Stock,$467.88,-9.33,-1.955%,16283585999.00,United States,1999,493182,Industrials,Industrial Machinery/Components
LILA,Liberty Latin America Ltd. Class A Common Stock,$7.81,-0.15,-1.884%,1562781000.00,United States,,669275,Telecommunications,Cable & Other Pay Television Services
LILAK,Liberty Latin America Ltd. Class C Common Stock,$7.84,-0.24,-2.97%,1568784000.00,United States,,2679613,Telecommunications,Cable & Other Pay Television Services
LIMN,Liminatus Pharma Inc. Class A Common Stock,$0.212,0.0113,5.63%,6585702.00,United States,,1627728,,
LIMNW,Liminatus Pharma Inc. Warrants,$0.0472,0.0042,9.767%,0.00,United States,,400,,
LIN,Linde plc Ordinary Shares,$488.15,-1.65,-0.337%,226205857251.00,United States,,6333625,Basic Materials,Major Chemicals
LINC,Lincoln Educational Services Corporation Common Stock,$37.42,-0.88,-2.298%,1192910908.00,United States,2005,710276,Real Estate,Other Consumer Services
LIND,Lindblad Expeditions Holdings Inc. Common Stock,$17.19,-0.44,-2.496%,1121681674.00,United States,2013,1121059,Consumer Discretionary,Transportation Services
LINE,Lineage Inc. Common Stock,$35.13,-1.62,-4.408%,7977331852.00,United States,2024,1510615,Real Estate,Real Estate Investment Trusts
LINK,Interlink Electronics Inc. Common Stock,$3.24,0.04,1.25%,51030023.00,United States,,20521,Technology,Computer peripheral equipment
LION,Lionsgate Studios Corp Common Shares,$9.22,-0.31,-3.253%,2675526371.00,,2025,2870507,Consumer Discretionary,Movies/Entertainment
LIQT,LiqTech International Inc. Common Stock,$1.59,0.035,2.251%,15817067.00,Denmark,,112956,Technology,Industrial Machinery/Components
LITB,LightInTheBox Holding Co. Ltd. American Depositary Shares each representing twelve ordinary shares,$2.41,-0.02,-0.823%,265905861.00,China,,955,Consumer Discretionary,Catalog/Specialty Distribution
LITE,Lumentum Holdings Inc. Common Stock,$706.35,-65.78,-8.519%,50433390000.00,United States,,22828672,Telecommunications,Telecommunications Equipment
LITS,Lite Strategy Inc. Common Stock,$1.17,0.00,0.00%,42543539.00,United States,2003,301898,Health Care,Biotechnology: Pharmaceutical Preparations
LIVE,Live Ventures Incorporated Common Stock,$11.74,-1.40,-10.654%,36061241.00,United States,,1630,Consumer Discretionary,Other Specialty Stores
LIVN,LivaNova PLC Ordinary Shares,$62.19,-1.34,-2.109%,3401163388.00,United Kingdom,,1205001,Health Care,Biotechnology: Electromedical & Electrotherapeutic Apparatus
LIXT,Lixte Biotechnology Holdings Inc. Common Stock,$2.74,-0.17,-5.842%,23366931.00,United States,,31265,Health Care,Biotechnology: Pharmaceutical Preparations
LKFN,Lakeland Financial Corporation Common Stock,$55.30,-0.42,-0.754%,1397237616.00,United States,,1195904,Finance,Major Banks
LKQ,LKQ Corporation Common Stock,$28.26,-0.30,-1.05%,7212209759.00,United States,2003,12973844,Consumer Discretionary,Motor Vehicles
LKSP,Lake Superior Acquisition Corp. Class A Ordinary Shares,$10.02,-0.0031,-0.031%,0.00,United States,2025,3717,,
LKSPR,Lake Superior Acquisition Corp. Rights,$1.37,-0.0299,-2.136%,0.00,United States,2025,1425,,
LLY,Eli Lilly and Company Common Stock,$906.70,-10.80,-1.177%,856667279403.00,United States,,4815799,Health Care,Biotechnology: Pharmaceutical Preparations
LLYVA,Liberty Live Holdings Inc. Series A Liberty Live Group Common Stock,$87.58,-2.77,-3.066%,8051375571.00,United States,,288179,Consumer Discretionary,Services-Misc. Amusement & Recreation
LLYVK,Liberty Live Holdings Inc. Series C Liberty Live Group Common Stock,$90.09,-2.81,-3.025%,8282124060.00,United States,,649749,Consumer Discretionary,Services-Misc. Amusement & Recreation
LMAT,LeMaitre Vascular Inc. Common Stock,$106.31,-2.69,-2.468%,2421567771.00,United States,2006,680422,Health Care,Medical/Dental Instruments
LMB,Limbach Holdings Inc. Common Stock,$70.48,-2.56,-3.505%,823163478.00,United States,,464341,Consumer Discretionary,Engineering & Construction
LMFA,LM Funding America Inc. Common Stock,$0.31,-0.008,-2.516%,4378284.00,United States,2015,583712,Finance,Finance: Consumer Services
LMND,Lemonade Inc. Common Stock,$64.18,-0.36,-0.558%,4902289051.00,United States,2020,2119591,Finance,Property-Casualty Insurers
LMNR,Limoneira Co Common Stock,$13.15,-0.15,-1.128%,238105433.00,United States,,174993,Consumer Staples,Farming/Seeds/Milling
LMRI,Lumexa Imaging Holdings Inc. Common Stock,$11.84,-0.88,-6.918%,1119657320.00,United States,2025,5259867,Health Care,Medical Specialities
LMT,Lockheed Martin Corporation Common Stock,$627.43,-10.08,-1.581%,144359244983.00,United States,,6510325,Industrials,Military/Government/Technical
LNAI,Lunai Bioworks Inc. Common Stock,$0.4685,0.0835,21.688%,11331776.00,United States,,80602891,Health Care,Biotechnology: Pharmaceutical Preparations
LNC,Lincoln National Corporation Common Stock,$33.81,0.21,0.625%,6426956627.00,United States,,6956812,Finance,Life Insurance
LNC^D,Lincoln National Corporation Depositary Shares Each Representing a 1/1000th Interest in a Share of 9.000% Non-Cumulative Preferred Stock Series D,$26.44,-0.05,-0.189%,,United States,,45701,,
LND,Brasilagro Brazilian Agric Real Estate Co Sponsored ADR (Brazil),$4.12,-0.09,-2.138%,423055789.00,Brazil,,224269,Consumer Staples,Farming/Seeds/Milling
LNG,Cheniere Energy Inc. Common Stock,$280.89,-0.98,-0.348%,59043887806.00,United States,2001,7295236,Utilities,Oil/Gas Transmission
LNKB,LINKBANCORP Inc. Common Stock,$8.18,-0.03,-0.365%,306484935.00,United States,,279434,Finance,Major Banks
LNKS,Linkers Industries Limited Class A Ordinary Shares,$0.693,-0.187,-21.25%,9310455.00,Malaysia,2024,3491131,Technology,Electrical Products
LNN,Lindsay Corporation Common Stock,$114.97,-0.33,-0.286%,1201973295.00,United States,,580424,Industrials,Industrial Machinery/Components
LNSR,LENSAR Inc. Common Stock,$5.91,-0.20,-3.273%,70592267.00,United States,,300328,Health Care,Medical/Dental Instruments
LNT,Alliant Energy Corporation Common Stock,$68.71,-2.61,-3.66%,17668146361.00,United States,,4456853,Utilities,Power Generation
LNTH,Lantheus Holdings Inc. Common Stock,$76.43,-1.56,-2.00%,4965779694.00,United States,2015,1890379,Health Care,Biotechnology: In Vitro & In Vivo Diagnostic Substances
LNZA,LanzaTech Global Inc. Common Stock,$22.54,-1.25,-5.254%,227237145.00,United States,2021,134879,Industrials,Major Chemicals
LNZAW,LanzaTech Global Inc. Warrant,$0.0159,-0.0016,-9.143%,160296.00,United States,2021,259170,Industrials,Major Chemicals
LOAN,Manhattan Bridge Capital Inc,$4.24,0.00,0.00%,48499880.00,United States,,64310,Real Estate,Real Estate Investment Trusts
LOAR,Loar Holdings Inc. Common Stock,$59.23,-4.05,-6.40%,5545258957.00,United States,2024,1644091,Industrials,Military/Government/Technical
LOB,Live Oak Bancshares Inc. Common Stock,$31.85,0.07,0.22%,1472094387.00,United States,2022,584892,Finance,Major Banks
LOB^A,Live Oak Bancshares Inc. Depositary Shares Each Representing a 1/40th Interest in a Share of 8.375% Fixed Rate Series A Non-Cumulative Perpetual Preferred Stock,$24.84,-0.165,-0.66%,,United States,,16924,,
LOBO,LOBO TECHNOLOGIES LTD. Class A Ordinary Shares,$0.516,-0.023,-4.267%,6485353.00,China,2024,30235,Consumer Discretionary,Motor Vehicles
LOCL,Local Bounti Corporation Common Stock,$1.16,0.02,1.754%,32512057.00,,2021,37171,Consumer Staples,Farming/Seeds/Milling
LOCO,El Pollo Loco Holdings Inc. Common Stock,$14.15,-0.18,-1.256%,423881065.00,United States,2014,387920,Consumer Discretionary,Restaurants
LODE,Comstock Inc. Common Stock,$2.65,-0.08,-2.93%,189135450.00,United States,,2067729,Industrials,Major Chemicals
LOGI,Logitech International S.A. Ordinary Shares,$87.92,-3.80,-4.143%,12888100132.00,United States,1997,1456704,Technology,Computer peripheral equipment
LOKV,Live Oak Acquisition Corp. V Class A Ordinary Shares,$10.33,0.00,0.00%,0.00,United States,2025,5691,,
LOKVW,Live Oak Acquisition Corp. V Warrants,$1.50,0.00,0.00%,0.00,United States,2025,2,,
LOMA,Loma Negra Compania Industrial Argentina Sociedad Anonima ADS,$10.06,-0.08,-0.789%,1173968098.00,Argentina,2017,644785,Industrials,Building Materials
LONA,LeonaBio Inc. Common Stock,$9.92,-0.01,-0.101%,92612257.00,United States,2020,284611,Health Care,Biotechnology: Biological Products (No Diagnostic Substances)
LOOP,Loop Industries Inc. Common Stock,$1.35,0.05,3.846%,65255699.00,Canada,,115825,Industrials,Major Chemicals
LOPE,Grand Canyon Education Inc. Common Stock,$162.45,-1.96,-1.192%,4409454102.00,United States,2008,459765,Real Estate,Other Consumer Services
LOT,Lotus Technology Inc. American Depositary Shares,$1.08,-0.01,-0.917%,732503885.00,China,,24223,Industrials,Auto Manufacturing
LOVE,The Lovesac Company Common Stock,$10.54,-0.17,-1.587%,154064297.00,United States,2018,257422,Consumer Discretionary,Other Specialty Stores
LOW,Lowe's Companies Inc. Common Stock,$224.63,-5.08,-2.211%,126006525786.00,United States,,3642051,Consumer Discretionary,RETAIL: Building Materials
LPA,Logistic Properties of the Americas Ordinary Shares,$2.73,-0.19,-6.507%,86316635.00,,2024,37335,Finance,Real Estate
LPAA,Launch One Acquisition Corp. Class A Ordinary shares,$10.70,0.00,0.00%,0.00,United States,2024,2905,,
LPAAW,Launch One Acquisition Corp. Warrant,$0.17,-0.0092,-5.134%,0.00,United States,2024,5924,Finance,Blank Checks
LPBB,Launch Two Acquisition Corp. Class A Ordinary Shares,$10.57,0.00,0.00%,0.00,United States,2024,4863,,
LPBBU,Launch Two Acquisition Corp. Unit,$10.64,0.00,0.00%,0.00,United States,2024,1000,Finance,Blank Checks
LPCN,Lipocine Inc. Common Stock,$7.15,-0.16,-2.189%,52192762.00,United States,,78558,Health Care,Biotechnology: Pharmaceutical Preparations
LPCV,Launchpad Cadenza Acquisition Corp I Class A Ordinary Share,$9.91,0.00,0.00%,0.00,United States,2026,4260,,
LPCVU,Launchpad Cadenza Acquisition Corp I Unit,$9.97,-0.03,-0.30%,0.00,United States,2025,7452,Finance,Blank Checks
LPCVW,Launchpad Cadenza Acquisition Corp I Warrant,$0.2127,-0.1285,-37.661%,0.00,United States,2026,17218,,
LPG,Dorian LPG Ltd. Common Stock,$32.80,-0.99,-2.93%,1402006578.00,United States,2014,812454,Consumer Discretionary,Marine Transportation
LPL,LG Display Co Ltd AMERICAN DEPOSITORY SHARES,$4.02,-0.05,-1.229%,4020000000.00,South Korea,2004,2078151,Technology,Industrial Machinery/Components
LPLA,LPL Financial Holdings Inc. Common Stock,$293.08,7.74,2.713%,23469899447.00,United States,2010,2115364,Finance,Investment Bankers/Brokers/Service
LPRO,Open Lending Corporation Common Stock,$1.34,-0.05,-3.597%,157686057.00,United States,,1130969,Finance,Finance: Consumer Services
LPSN,LivePerson Inc. Common Stock,$2.49,-0.17,-6.391%,30013471.00,United States,2000,230962,Technology,Computer Software: Prepackaged Software
LPTH,LightPath Technologies Inc. Class A Common Stock,$10.53,-0.96,-8.355%,607671590.00,United States,1996,2243481,Technology,Semiconductors
LPX,Louisiana-Pacific Corporation Common Stock,$69.92,-2.33,-3.225%,4882537583.00,United States,,1371940,Basic Materials,Forest Products
LQDA,Liquidia Corporation Common Stock,$36.41,-0.95,-2.543%,3208246360.00,United States,2018,1314614,Health Care,Biotechnology: Pharmaceutical Preparations
LQDT,Liquidity Services Inc. Common Stock,$28.64,0.22,0.774%,888237552.00,United States,2006,751767,Real Estate,Real Estate
LRCX,Lam Research Corporation Common Stock,$228.36,-5.63,-2.406%,285169345560.00,United States,1984,26157749,Technology,Industrial Machinery/Components
LRE,Lead Real Estate Co. Ltd American Depositary Shares,$1.35,-0.05,-3.571%,18416565.00,Japan,2023,11019,Consumer Discretionary,Homebuilding
LRHC,La Rosa Holdings Corp. Common Stock,$0.6457,-0.0643,-9.056%,104948.00,United States,2023,243599,Finance,Real Estate
LRMR,Larimar Therapeutics Inc. Common Stock,$4.49,0.02,0.447%,384300860.00,United States,2014,2843860,Health Care,Biotechnology: Pharmaceutical Preparations
LRN,Stride Inc. Common Stock,$85.06,-2.35,-2.688%,3621879467.00,United States,,2137502,Real Estate,Other Consumer Services
LSAK,Lesaka Technologies Inc. Common Stock,$5.16,0.14,2.789%,433030683.00,South Africa,,24232,Finance,Investment Bankers/Brokers/Service
LSBK,Lake Shore Bancorp Inc. Common Stock,$14.89,0.32,2.196%,116679529.00,United States,2006,48643,Finance,Savings Institutions
LSCC,Lattice Semiconductor Corporation Common Stock,$88.62,-6.30,-6.637%,12121993310.00,United States,,3267234,Technology,Semiconductors
LSE,Leishen Energy Holding Co. Ltd. Class A Ordinary Shares,$4.6163,0.1063,2.357%,78592508.00,China,2024,2502,Consumer Discretionary,Oil and Gas Field Machinery
LSF,Laird Superfood Inc. Common Stock,$2.39,-0.10,-4.016%,25540802.00,,2020,89536,Consumer Staples,Packaged Foods
LSH,Lakeside Holding Limited Common Stock,$0.98,0.109,12.514%,33739008.00,United States,2024,551489,,
LSPD,Lightspeed Commerce Inc. Subordinate Voting Shares,$8.73,-0.10,-1.133%,1198637197.00,Canada,,1047953,Technology,Computer Software: Prepackaged Software
LSTA,Lisata Therapeutics Inc. Common Stock,$5.01,-0.01,-0.199%,45251778.00,United States,,88393,Health Care,Misc Health and Biotechnology Services
LSTR,Landstar System Inc. Common Stock,$148.73,-0.85,-0.568%,5065554318.00,United States,1993,758712,Industrials,Trucking Freight/Courier Services
LTBR,Lightbridge Corporation Common Stock,$10.34,-0.295,-2.774%,353132321.00,United States,,1738717,Consumer Discretionary,Professional Services
LTC,LTC Properties Inc. Common Stock,$36.54,-1.84,-4.794%,1772546703.00,United States,,1037123,Real Estate,Real Estate Investment Trusts
LTH,Life Time Group Holdings Inc. Common Stock,$25.86,-0.04,-0.154%,5759088202.00,United States,2021,25368032,Consumer Discretionary,Hotels/Resorts
LTM,LATAM Airlines Group S.A. American Depositary Shares (each representing two thousand (2000) shares of Common Stock),$47.71,-1.60,-3.245%,13697922298.00,Chile,2024,1697518,Consumer Discretionary,Air Freight/Delivery Services
LTRN,Lantern Pharma Inc. Common Stock,$2.13,-0.03,-1.389%,23822821.00,United States,2020,44974,Health Care,Biotechnology: Pharmaceutical Preparations
LTRX,Lantronix Inc. Common Stock,$5.42,-0.82,-13.141%,215130781.00,United States,2000,1058395,Telecommunications,Computer Communications Equipment
LTRYW,Sports Entertainment Gaming Global Corporation Warrants,$0.012,0.0029,31.868%,151721.00,United States,2023,491272,Technology,Computer Software: Prepackaged Software
LU,Lufax Holding Ltd American Depositary Shares each representing two (2) Ordinary Shares,$2.05,-0.15,-6.818%,1776712229.00,China,,4463381,Finance,Finance: Consumer Services
LUCD,Lucid Diagnostics Inc. Common Stock,$1.25,-0.03,-2.344%,172103753.00,United States,2021,748897,Health Care,Medical/Dental Instruments
LUCK,Lucky Strike Entertainment Corporation Class A Common Stock,$7.68,-0.18,-2.29%,1057570929.00,United States,2021,118799,Consumer Discretionary,Services-Misc. Amusement & Recreation
LUCY,Innovative Eyewear Inc. Common Stock,$1.07,-0.05,-4.464%,5724696.00,United States,2022,119104,Health Care,Ophthalmic Goods
LUCYW,Innovative Eyewear Inc. Series A Warrants 8/16/27,$0.0629,-0.0004,-0.632%,336527.00,United States,2022,200,Health Care,Ophthalmic Goods
LUD,Luda Technology Group Limited Ordinary Shares,$3.66,-0.025,-0.678%,83045400.00,,2025,275808,Industrials,Steel/Iron Ore
LULU,lululemon athletica inc. Common Stock,$162.82,-2.75,-1.661%,17988788492.00,Canada,2007,4939614,Consumer Discretionary,Apparel
LUMN,Lumen Technologies Inc. Common Stock,$6.49,-0.27,-3.994%,6648158762.00,United States,,24841120,Telecommunications,Telecommunications Equipment
LUNG,Pulmonx Corporation Common Stock,$1.36,-0.03,-2.158%,57442596.00,United States,2020,617545,Health Care,Medical/Dental Instruments
LUNR,Intuitive Machines Inc. Class A Common Stock,$17.83,-1.08,-5.711%,3623235655.00,United States,2021,18030472,Industrials,Industrial Machinery/Components
LUV,Southwest Airlines Company Common Stock,$39.41,-1.46,-3.572%,19362841986.00,United States,,14021006,Consumer Discretionary,Air Freight/Delivery Services
LUXE,LuxExperience B.V. American Depositary Shares each representing one Ordinary Share,$7.64,-0.41,-5.093%,1041899316.00,,2021,216626,Consumer Discretionary,Catalog/Specialty Distribution
LVLU,Lulu's Fashion Lounge Holdings Inc. Common Stock,$15.69,0.50,3.292%,43490264.00,United States,2021,16419,Consumer Discretionary,Catalog/Specialty Distribution
LVO,LiveOne Inc. Common Stock,$5.46,-0.02,-0.365%,63601170.00,United States,,71500,Consumer Discretionary,Restaurants
LVS,Las Vegas Sands Corp. Common Stock,$52.93,-1.12,-2.072%,35564234568.00,United States,2004,7067046,Consumer Discretionary,Hotels/Resorts
LVWR,LiveWire Group Inc. Common Stock,$1.22,-0.14,-10.294%,249296479.00,United States,2022,1948453,Consumer Discretionary,Motor Vehicles
LW,Lamb Weston Holdings Inc. Common Stock ,$40.00,-0.64,-1.575%,5555195360.00,United States,2016,37334134,Consumer Staples,Packaged Foods
LWAC,LightWave Acquisition Corp. Class A Ordinary Shares,$10.19,0.06,0.592%,0.00,United States,2025,9721,Finance,Blank Checks
LWAY,Lifeway Foods Inc. Common Stock,$17.80,-0.03,-0.168%,269662880.00,United States,,74551,Consumer Staples,Packaged Foods
LWLG,Lightwave Logic Inc. Common Stock,$6.77,-0.27,-3.835%,905581996.00,United States,,5510040,Industrials,Containers/Packaging
LX,LexinFintech Holdings Ltd. American Depositary Shares,$2.37,-0.18,-7.059%,398784497.00,China,2017,5421718,Finance,Finance: Consumer Services
LXEH,Lixiang Education Holding Co. Ltd. American Depositary Shares,$0.2134,-0.019,-8.176%,4090167.00,China,2020,84670,Real Estate,Other Consumer Services
LXEO,Lexeo Therapeutics Inc. Common Stock,$5.65,-0.14,-2.418%,412378398.00,United States,2023,1982525,Health Care,Biotechnology: Biological Products (No Diagnostic Substances)
LXFR,Luxfer Holdings PLC Ordinary Shares,$11.51,-0.31,-2.623%,306631395.00,United Kingdom,2012,2411809,Basic Materials,Major Chemicals
LXP,LXP Industrial Trust Common Stock (Maryland REIT),$46.56,-1.65,-3.423%,2750626796.00,United States,,1585196,Real Estate,Real Estate Investment Trusts
LXP^C,LXP Industrial Trust 6.5% Series C Cumulative Convertible Preferred Stock,$45.78,-0.7773,-1.67%,,United States,,1032,,
LXRX,Lexicon Pharmaceuticals Inc. Common Stock,$1.56,-0.06,-3.704%,660941753.00,United States,,6680651,Health Care,Biotechnology: Pharmaceutical Preparations
LXU,LSB Industries Inc. Common Stock,$14.66,0.02,0.137%,1053274704.00,United States,2003,4048303,Basic Materials,Major Chemicals
LYB,LyondellBasell Industries NV Ordinary Shares Class A (Netherlands),$73.32,-1.25,-1.676%,23621502787.00,Netherlands,,23436127,Industrials,Major Chemicals
LYEL,Lyell Immunopharma Inc. Common Stock,$19.12,-1.65,-7.944%,445632574.00,United States,2021,108919,Health Care,Biotechnology: Pharmaceutical Preparations
LYFT,Lyft Inc. Class A Common Stock,$13.47,0.09,0.673%,5362509385.00,United States,2019,84201815,Real Estate,Real Estate
LYG,Lloyds Banking Group Plc American Depositary Shares,$4.88,-0.19,-3.748%,72326547900.00,United Kingdom,,25529153,Finance,Commercial Banks
LYTS,LSI Industries Inc. Common Stock,$19.13,-0.43,-2.198%,595204718.00,United States,1985,293970,Consumer Discretionary,Building Products
LYV,Live Nation Entertainment Inc. Common Stock,$148.85,-5.34,-3.463%,34950266090.00,United States,,5278860,Consumer Discretionary,Services-Misc. Amusement & Recreation
LZ,LegalZoom.com Inc. Common Stock,$6.19,0.03,0.487%,1070389532.00,United States,2021,4569039,Technology,EDP Services
LZB,La-Z-Boy Incorporated Common Stock,$31.54,-1.00,-3.073%,1290733813.00,United States,,1566409,Consumer Discretionary,Home Furnishings
LZM,Lifezone Metals Limited Ordinary Shares,$3.27,-0.32,-8.914%,264361750.00,Isle of Man,,751870,Basic Materials,Metal Mining
LZMH,LZ Technology Holdings Limited Class B Ordinary Shares,$1.27,0.01,0.794%,193128900.00,China,2025,106926,Technology,EDP Services
M,Macy's Inc Common Stock,$17.87,-0.18,-0.997%,4751331158.00,United States,,18004925,Consumer Discretionary,Department/Specialty Retail Stores
MA,Mastercard Incorporated Common Stock,$496.32,5.18,1.055%,442624286196.00,United States,2006,5760452,Real Estate,Real Estate
MAA,Mid-America Apartment Communities Inc. Common Stock,$121.79,-2.72,-2.185%,14237375226.00,United States,1994,2047699,Real Estate,Real Estate Investment Trusts
MAA^I,Mid-America Apartment Communities Inc. 8.50% Series I Cumulative Redeemable Preferred Stock,$53.115,0.125,0.236%,,United States,,786,,
MAAS,Maase Inc. Class A Ordinary Shares,$5.62,-0.11,-1.92%,1797354815.00,China,2019,1917,Finance,Investment Managers
MAC,Macerich Company (The) Common Stock,$18.12,-0.67,-3.566%,4650873936.00,United States,1994,2946142,Real Estate,Real Estate Investment Trusts
MACI,Melar Acquisition Corp. I Class A Ordinary Shares,$10.76,0.00,0.00%,0.00,United States,2024,6549,,
MACIW,Melar Acquisition Corp. I Warrant,$0.1202,0.0002,0.167%,0.00,United States,2024,108,Finance,Blank Checks
MAGN,Magnera Corporation Common Stock,$9.37,-0.88,-8.585%,336383000.00,United States,2000,1625986,Basic Materials,Paper
MAIA,MAIA Biotechnology Inc. Common Stock,$1.46,-0.04,-2.667%,56442985.00,,2022,644447,Health Care,Biotechnology: Pharmaceutical Preparations
MAIN,Main Street Capital Corporation Common Stock,$55.01,-0.68,-1.221%,4956666753.00,United States,2007,3144431,Finance,Finance/Investors Services
MAMA,Mama's Creations Inc. Common Stock,$14.23,-0.75,-5.007%,578496929.00,United States,,553259,Consumer Staples,Specialty Foods
MAMO,Massimo Group Common Stock,$0.9373,-0.0149,-1.565%,39030062.00,United States,2024,135067,Consumer Discretionary,Industrial Specialties
MAN,ManpowerGroup Common Stock,$26.62,0.33,1.255%,1237554377.00,United States,,1513226,Consumer Discretionary,Professional Services
MANE,Veradermics Incorporated Common Stock,$58.89,1.98,3.479%,2065689477.00,,2026,1324097,Health Care,Biotechnology: Pharmaceutical Preparations
MANH,Manhattan Associates Inc. Common Stock,$137.32,-2.49,-1.781%,8218265291.00,United States,1998,946546,Technology,Computer Software: Prepackaged Software
MANU,Manchester United Ltd. Class A Ordinary Shares,$16.21,-0.28,-1.698%,2795071804.00,United Kingdom,2012,263754,Consumer Discretionary,Services-Misc. Amusement & Recreation
MAPS,WM Technology Inc. Class A Common Stock ,$0.6363,-0.0046,-0.718%,101197321.00,United States,2019,946601,Technology,Computer Software: Prepackaged Software
MAPSW,WM Technology Inc. Warrants ,$0.0053,-0.0006,-10.169%,842913.00,United States,2019,337110,Technology,Computer Software: Prepackaged Software
MAR,Marriott International Class A Common Stock,$319.76,-5.13,-1.579%,84731460987.00,United States,,3151054,Consumer Discretionary,Hotels/Resorts
MARA,MARA Holdings Inc. Common Stock,$8.46,-0.76,-8.243%,3216785012.00,United States,,50690453,Technology,EDP Services
MARPS,Marine Petroleum Trust Units of Beneficial Interest,$5.31,0.17,3.307%,10620000.00,United States,,56024,Energy,Oil & Gas Production
MAS,Masco Corporation Common Stock,$58.84,-0.88,-1.474%,11980240881.00,United States,,7569717,Industrials,Industrial Specialties
MASI,Masimo Corporation Common Stock,$178.24,-0.46,-0.257%,9302797973.00,United States,2007,2366578,Health Care,Biotechnology: Electromedical & Electrotherapeutic Apparatus
MASK,3 E Network Technology Group Ltd Class A Ordinary Shares,$1.99,0.01,0.505%,2294080.00,China,2025,171102,Technology,EDP Services
MASS,908 Devices Inc. Common Stock,$6.11,0.02,0.328%,228391513.00,United States,2020,441409,Industrials,Industrial Machinery/Components
MAT,Mattel Inc. Common Stock,$14.83,-0.17,-1.133%,4481626000.00,United States,,6272538,Consumer Discretionary,Recreational Games/Products/Toys
MATH,Metalpha Technology Holding Limited Ordinary Shares,$1.01,-0.1002,-9.025%,43841142.00,China,2017,69052,Finance,Finance/Investors Services
MATV,Mativ Holdings Inc. Common Stock,$8.20,-0.11,-1.324%,449924636.00,United States,,962403,Basic Materials,Paper
MATW,Matthews International Corporation Class A Common Stock,$23.91,-0.55,-2.249%,744224597.00,United States,1994,421219,Telecommunications,Metal Fabrications
MATX,Matson Inc. Common Stock,$155.07,-3.09,-1.954%,4720223802.00,United States,,758974,Consumer Discretionary,Marine Transportation
MAX,MediaAlpha Inc. Class A Common Stock,$9.59,-0.10,-1.032%,618513523.00,United States,2020,842039,Real Estate,Real Estate
MAXN,Maxeon Solar Technologies Ltd. Ordinary Shares,$2.01,-0.01,-0.495%,33962425.00,Singapore,,149703,Technology,Semiconductors
MAYS,J. W. Mays Inc. Common Stock,$41.40,-1.99,-4.586%,83453292.00,United States,,5078,Real Estate,Building operators
MAZE,Maze Therapeutics Inc. Common Stock,$48.03,-1.40,-2.832%,2311176895.00,United States,2025,1329492,Health Care,Biotechnology: Biological Products (No Diagnostic Substances)
MB,MasterBeef Group Ordinary Shares,$5.65,-0.22,-3.748%,96050000.00,Hong Kong,2025,278,Consumer Discretionary,Restaurants
MBAI,Check-Cap Ltd. Ordinary Share,$1.63,-0.04,-2.395%,11880025.00,Israel,2015,45277,Health Care,Medical Electronics
MBAV,M3-Brigade Acquisition V Corp. Class A Ordinary shares,$10.67,-0.05,-0.466%,0.00,United States,2024,4725,,
MBAVU,M3-Brigade Acquisition V Corp. Units,$10.80,0.00,0.00%,0.00,United States,2024,63,Finance,Blank Checks
MBAVW,M3-Brigade Acquisition V Corp. Warrant,$0.32,-0.091,-22.141%,0.00,United States,2024,11570,Finance,Blank Checks
MBBC,Marathon Bancorp Inc. Common Stock,$13.66,0.00,0.00%,40141549.00,United States,,247,Finance,Banks
MBC,MasterBrand Inc. Common Stock,$7.69,-0.01,-0.13%,980762360.00,United States,2022,3713696,Consumer Discretionary,Home Furnishings
MBI,MBIA Inc. Common Stock,$5.78,0.00,0.00%,291954441.00,United States,1987,535420,Finance,Property-Casualty Insurers
MBIN,Merchants Bancorp Common Stock,$41.19,-0.57,-1.365%,1893177457.00,United States,2017,570299,Finance,Major Banks
MBINL,Merchants Bancorp Depositary Shares Each Representing a 1/40thInterest in a Share of 7.25% Fixed Rate Series E Non-CumulativePerpetual Preferred Stock without par value,$23.84,0.12,0.506%,1095735630.00,United States,,27526,Finance,Major Banks
MBINM,Merchants Bancorp Depositary Shares Each Representing a 1/40th Interest in a Share of 8.25% Fixed-Rate Reset Series D Non-Cumulative Perpetual Preferred Stock,$24.86,-0.1084,-0.434%,1142616936.00,United States,,11535,Finance,Major Banks
MBINN,Merchants Bancorp Depositary Shares Preferred Series C,$19.64,-0.37,-1.849%,902694957.00,United States,,7928,Finance,Major Banks
MBIO,Mustang Bio Inc. Common Stock,$0.8476,-0.0023,-0.271%,6186705.00,United States,,80000,Health Care,Biotechnology: Pharmaceutical Preparations
MBLY,Mobileye Global Inc. Class A Common Stock,$7.62,-0.27,-3.422%,6411327137.00,Israel,2022,7288994,Technology,Computer Software: Prepackaged Software
MBNKO,Medallion Bank Fixed-Rate Reset Non-Cumulative Perpetual Preferred Stock Series G par value $1.00 per share,$25.05,-0.06,-0.239%,25050000.00,United States,,1763,Finance,Commercial Banks
MBOT,Microbot Medical Inc. Common Stock,$2.54,-0.07,-2.682%,170581432.00,Israel,,1330555,Health Care,Biotechnology: Biological Products (No Diagnostic Substances)
MBRX,Moleculin Biotech Inc. Common Stock,$2.06,0.00,0.00%,10992881.00,United States,2016,78567,Health Care,Biotechnology: Pharmaceutical Preparations
MBUU,Malibu Boats Inc. Class A Common Stock,$25.21,-0.20,-0.787%,468969907.00,United States,2014,384366,Industrials,Marine Transportation
MBVI,M3-Brigade Acquisition VI Corp. Class A Ordinary Shares,$10.05,0.00,0.00%,0.00,United States,2025,917,,
MBVIU,M3-Brigade Acquisition VI Corp. Units,$10.14,-0.015,-0.148%,0.00,United States,2025,122,Finance,Blank Checks
MBWM,Mercantile Bank Corporation Common Stock,$48.64,-1.64,-3.262%,840156823.00,United States,1998,345064,Finance,Major Banks
MBX,MBX Biosciences Inc. Common Stock,$28.68,0.25,0.879%,1362593769.00,United States,2024,670810,Health Care,Biotechnology: Pharmaceutical Preparations
MC,Moelis & Company Class A Common Stock,$53.98,0.02,0.037%,4190289428.00,United States,2014,4468068,Finance,Investment Managers
MCB,Metropolitan Bank Holding Corp. Common Stock,$80.34,-0.56,-0.692%,812728840.00,United States,2017,205820,Finance,Major Banks
MCBS,MetroCity Bankshares Inc. Common Stock,$27.51,-0.79,-2.792%,791056322.00,United States,2019,701251,Finance,Major Banks
MCD,McDonald's Corporation Common Stock,$308.85,-0.73,-0.236%,219406620582.00,United States,,6435078,Consumer Discretionary,Restaurants
MCFT,MasterCraft Boat Holdings Inc. Common Stock,$20.20,-0.12,-0.591%,328955061.00,United States,2015,358648,Industrials,Marine Transportation
MCGA,Yorkville Acquisition Corp. Class A Ordinary Share,$10.12,-0.01,-0.099%,0.00,United States,2025,15495,Utilities,Electric Utilities: Central
MCGAU,Yorkville Acquisition Corp. Unit,$10.25,0.05,0.49%,0.00,United States,2025,8200,Finance,Blank Checks
MCGAW,Yorkville Acquisition Corp. Warrant,$0.3433,-0.0217,-5.945%,0.00,United States,2025,4814,,
MCHB,Mechanics Bancorp Class A Common Stock,$14.18,-0.07,-0.491%,3139289355.00,United States,2012,1420994,Finance,Major Banks
MCHP,Microchip Technology Incorporated Common Stock,$62.97,-0.32,-0.506%,34075299790.00,United States,1993,12515811,Technology,Semiconductors
MCHPP,Microchip Technology Incorporated Depositary Shares Each Representing a 1/20th Interest in a Share of 7.50% Series A Mandatory Convertible Preferred Stock,$56.15,-0.14,-0.249%,30384755967.00,United States,,94300,Technology,Semiconductors
MCHX,Marchex Inc. Class B Common Stock,$1.34,-0.09,-6.294%,58834390.00,United States,2004,21522,Technology,Computer Software: Prepackaged Software
MCI,Barings Corporate Investors Common Stock,$19.30,-0.01,-0.052%,391051177.00,United States,,30723,Finance,Trusts Except Educational Religious and Charitable
MCK,McKesson Corporation Common Stock,$885.84,-13.11,-1.458%,108504288023.00,United States,,1936947,Health Care,Other Pharmaceuticals
MCN,XAI Madison Equity Premium Income Fund Common Shares,$5.75,-0.05,-0.862%,0.00,United States,2004,73303,,
MCO,Moody's Corporation Common Stock,$435.12,-0.68,-0.156%,77453046090.00,United States,,1899868,Finance,Finance: Consumer Services
MCR,MFS Charter Income Trust Common Stock,$5.94,-0.09,-1.493%,261409777.00,United States,1989,25982,Finance,Trusts Except Educational Religious and Charitable
MCRB,Seres Therapeutics Inc. Common Stock,$8.50,-0.58,-6.388%,81483533.00,United States,2015,84746,Health Care,Biotechnology: Pharmaceutical Preparations
MCRI,Monarch Casino & Resort Inc. Common Stock,$96.50,-1.10,-1.127%,1726010580.00,United States,1993,393001,Consumer Discretionary,Hotels/Resorts
MCRP,Micropolis AI Robotics Ordinary Shares,$2.77,-0.50,-15.291%,96640998.00,,2025,155865,Consumer Discretionary,Auto Parts:O.E.M.
MCS,Marcus Corporation (The) Common Stock,$15.88,-0.14,-0.874%,488729200.00,United States,,194009,Consumer Discretionary,Movies/Entertainment
MCW,Mister Car Wash Inc. Common Stock,$6.96,-0.02,-0.287%,2286214292.00,United States,,2395903,Consumer Discretionary,Automotive Aftermarket
MCY,Mercury General Corporation Common Stock,$86.83,-1.13,-1.285%,4809394482.00,United States,,733587,Finance,Property-Casualty Insurers
MD,Pediatrix Medical Group Inc. Common Stock,$19.70,-0.19,-0.955%,1635121118.00,United States,,2501804,Health Care,Hospital/Nursing Management
MDA,MDA Space Ltd. Common Shares,$31.40,-1.34,-4.093%,3974106240.00,,2026,623249,Consumer Discretionary,Electronic Components
MDAI,Spectral AI Inc. Class A Common Stock,$1.54,0.12,8.451%,47260898.00,United States,2021,2385049,Health Care,Medical/Dental Instruments
MDAIW,Spectral AI Inc. Warrants,$0.52,0.0201,4.021%,15958225.00,United States,2021,45814,Health Care,Medical/Dental Instruments
MDB,MongoDB Inc. Class A Common Stock,$261.16,-9.00,-3.331%,20989305671.00,United States,2017,1684107,Technology,Computer Software: Prepackaged Software
MDBH,MDB Capital Holdings LLC Class A common,$2.7487,-0.0563,-2.007%,27950519.00,United States,2023,683,Finance,Finance: Consumer Services
MDCX,Medicus Pharma Ltd. Common Stock  ,$0.509,0.009,1.80%,10674301.00,Canada,,1035022,,
MDCXW,Medicus Pharma Ltd. Warrant,$0.77,0.00,0.00%,16147764.00,Canada,,8,,
MDGL,Madrigal Pharmaceuticals Inc. Common Stock,$441.16,-13.06,-2.875%,10120196724.00,United States,2007,574109,Health Care,Biotechnology: Pharmaceutical Preparations
MDIA,Mediaco Holding Inc. Class A Common Stock ,$0.611,-0.0192,-3.047%,50009424.00,United States,,5780,Consumer Discretionary,Broadcasting
MDLN,Medline Inc. Class A Common Stock,$42.73,-0.86,-1.973%,56134119495.00,United States,2025,28155147,Health Care,Medical/Dental Instruments
MDLZ,Mondelez International Inc. Class A Common Stock,$56.21,-0.28,-0.496%,72052545054.00,United States,,22556470,Consumer Staples,Packaged Foods
MDRR,Medalist Diversified Inc. Common Stock,$11.20,-0.36,-3.114%,15999200.00,United States,2018,3197,Real Estate,Real Estate Investment Trusts
MDT,Medtronic plc. Ordinary Shares,$86.16,-0.71,-0.817%,110619528498.00,United States,,11113209,Health Care,Biotechnology: Electromedical & Electrotherapeutic Apparatus
MDU,MDU Resources Group Inc. Common Stock (Holding Company),$19.65,-0.75,-3.676%,4016122433.00,United States,,4764782,Industrials,Mining & Quarrying of Nonmetallic Minerals (No Fuels)
MDV,Modiv Industrial Inc. Class C Common Stock,$14.17,-0.35,-2.41%,145596707.00,,2022,155285,Real Estate,Real Estate Investment Trusts
MDV^A,Modiv Industrial Inc. 7.375% Series A Cumulative Redeemable Perpetual Preferred Stock,$24.7835,0.1385,0.562%,,,,2672,,
MDWD,MediWound Ltd. Ordinary Shares,$16.96,-0.01,-0.059%,217862461.00,Israel,2014,82317,Health Care, Medicinal Chemicals and Botanical Products 
MDXG,MiMedx Group Inc Common Stock,$4.12,-0.05,-1.199%,612094334.00,United States,,4771042,Health Care,Biotechnology: Pharmaceutical Preparations
MDXH,MDxHealth SA Ordinary Shares,$3.16,-0.10,-3.067%,162311883.00,Belgium,2021,84137,Health Care,Medical Specialities
MEC,Mayville Engineering Company Inc. Common Stock,$16.64,-0.65,-3.759%,338097677.00,United States,2019,144041,Industrials,Industrial Specialties
MED,MEDIFAST INC Common Stock,$10.00,-0.07,-0.695%,109912730.00,United States,,701427,Consumer Staples,Packaged Foods
MEDP,Medpace Holdings Inc. Common Stock,$452.51,-8.41,-1.825%,12842814370.00,United States,2016,581370,Health Care,Biotechnology: Commercial Physical & Biological Resarch
MEG,Montrose Environmental Group Inc. Common Stock,$22.01,-0.37,-1.653%,791934107.00,United States,2020,338371,Consumer Discretionary,Professional Services
MEGI,NYLI CBRE Global Infrastructure Megatrends Term Fund Common Shares,$14.54,-0.45,-3.002%,0.00,United States,2021,224532,Finance,Investment Managers
MEGL,Magic Empire Global Limited Class A Ordinary Shares,$1.045,-0.02,-1.878%,5291932.00,Hong Kong,2022,5645,Finance,Finance: Consumer Services
MEHA,Functional Brands Inc. Common Stock,$0.1606,0.0012,0.753%,2621558.00,United States,,864560,Health Care, Medicinal Chemicals and Botanical Products 
MEI,Methode Electronics Inc. Common Stock,$5.20,-0.11,-2.072%,184238189.00,United States,,972386,Technology,Electrical Products
MELI,MercadoLibre Inc. Common Stock,$1635.76,-31.17,-1.87%,82928422428.00,Argentina,2007,536510,Real Estate,Real Estate
MENS,Jyong Biotech Ltd. Ordinary Shares,$1.70,-0.09,-5.028%,129247034.00,Taiwan,2025,191532,Health Care,Biotechnology: Pharmaceutical Preparations
MEOH,Methanex Corporation Common Stock,$55.89,-0.57,-1.01%,4322505773.00,Canada,,2414277,Industrials,Major Chemicals
MER^K,Bank of America Corporation Income Capital Obligation Notes initially due December 15 2066,$25.24,-0.20,-0.786%,,United States,,48358,,
MERC,Mercer International Inc. Common Stock,$1.27,-0.03,-2.308%,85067783.00,Canada,,556027,Basic Materials,Paper
MESHU,Meshflow Acquisition Corp. Units,$9.96,-0.07,-0.698%,0.00,United States,2025,1799,,
MESO,Mesoblast Limited American Depositary Shares,$14.36,-0.42,-2.842%,1853591945.00,Australia,2015,259349,Health Care,Biotechnology: Biological Products (No Diagnostic Substances)
MET,MetLife Inc. Common Stock,$68.56,-0.05,-0.073%,44704813122.00,United States,2000,6671802,Finance,Life Insurance
MET^A,MetLife Inc. Preferred Series A Floating Rate,$21.45,-0.115,-0.533%,,United States,,766246,,
MET^E,MetLife Inc. Depositary Shares ,$22.56,-0.46,-1.998%,,United States,,87561,,
MET^F,MetLife Inc. Depositary Shares each representing a 1/1000th interest in a share of 4.75% Non-Cumulative Preferred Stock Series F,$18.63,-0.29,-1.533%,,United States,,115214,,
META,Meta Platforms Inc. Class A Common Stock,$593.66,-13.04,-2.149%,1501695896758.00,United States,2012,21155443,Technology,Computer Software: Programming Data Processing
METC,Ramaco Resources Inc. Class A Common Stock,$13.45,-0.99,-6.856%,915642321.00,United States,2017,1964317,Energy,Coal Mining
METCB,Ramaco Resources Inc. Class B Common Stock,$11.64,0.015,0.129%,792422053.00,United States,,83578,Energy,Coal Mining
METCI,Ramaco Resources Inc. 8.250% Senior Notes due 2030,$25.10,0.09,0.36%,0.00,United States,,13944,,
METCZ,Ramaco Resources Inc. 8.375% Senior Notes due 2029,$25.15,0.0001,0.00%,0.00,United States,,9249,Energy,Coal Mining
MEVO,M Evo Global Acquisition Corp II Class A Ordinary Shares,$9.83,-0.04,-0.405%,0.00,United States,2026,50384,Finance,Blank Checks
MEVOU,M Evo Global Acquisition Corp II Units,$10.08,0.02,0.199%,0.00,United States,2026,1380,Finance,Blank Checks
MEVOW,M Evo Global Acquisition Corp II Warrants,$0.35,0.01,2.941%,0.00,United States,2026,178600,Finance,Blank Checks
MFA,MFA Financial Inc.,$9.48,-0.39,-3.951%,967849812.00,United States,,3064367,Real Estate,Real Estate Investment Trusts
MFA^B,MFA Financial Inc. Preferred Series B,$19.8299,0.0449,0.227%,,United States,,16137,,
MFA^C,MFA Financial Inc. 6.50% Series C Fixed-to-Floating Rate Cumulative Redeemable Preferred Stock,$22.0001,-0.2299,-1.034%,,United States,,41360,,
MFAN,MFA Financial Inc. 8.875% Senior Notes due 2029,$24.65,-0.27,-1.083%,2530783504.00,United States,2024,42964,Real Estate,Real Estate Investment Trusts
MFAO,MFA Financial Inc. 9.000% Senior Notes due 2029,$24.59,-0.50,-1.993%,2524623382.00,United States,2024,68977,Real Estate,Real Estate Investment Trusts
MFC,Manulife Financial Corporation Common Stock,$33.81,-0.10,-0.295%,56690682284.00,Canada,,1886912,Finance,Life Insurance
MFG,Mizuho Financial Group Inc. Sponosred ADR (Japan),$7.59,-0.17,-2.191%,95362529609.00,Japan,,6898652,Finance,Major Banks
MFI,mF International Limited Class A Ordinary Shares,$10.30,-0.20,-1.905%,516817528.00,Hong Kong,2024,4890,Technology,EDP Services
MFIC,MidCap Financial Investment Corporation Common Stock,$10.68,-0.19,-1.748%,984822761.00,United States,2004,1775287,Finance,Finance/Investors Services
MFICL,MidCap Financial Investment Corporation 8.00% Notes due 2028,$25.40,0.13,0.514%,2369911999.00,United States,,5121,Finance,Finance/Investors Services
MFIN,Medallion Financial Corp. Common Stock,$8.37,-0.15,-1.761%,196946795.00,United States,,129745,Finance,Finance: Consumer Services
MFM,MFS Municipal Income Trust Common Stock,$5.30,-0.10,-1.852%,218294444.00,United States,1986,90150,Finance,Finance Companies
MG,Mistras Group Inc Common Stock,$14.05,-0.12,-0.847%,443917646.00,United States,2009,325094,Consumer Discretionary,Military/Government/Technical
MGA,Magna International Inc. Common Stock,$52.19,-0.41,-0.779%,14707886073.00,Canada,,2189349,Consumer Discretionary,Auto Parts:O.E.M.
MGEE,MGE Energy Inc,$74.13,-0.31,-0.416%,2710481833.00,United States,,1050900,Energy,Electric Utilities: Central
MGF,MFS Government Markets Income Trust Common Stock,$2.93,-0.01,-0.34%,95510361.00,United States,1987,71281,Finance,Trusts Except Educational Religious and Charitable
MGIH,Millennium Group International Holdings Limited Ordinary Shares,$1.60,0.16,11.111%,18000000.00,Hong Kong,2023,51143,Consumer Discretionary,Publishing
MGLD,The Marygold Companies Inc. Common Stock,$1.28,0.2921,29.568%,54798351.00,,2022,151876,Finance,Finance: Consumer Services
MGM,MGM Resorts International Common Stock,$35.37,-1.77,-4.766%,9048654717.00,United States,,9065698,Consumer Discretionary,Hotels/Resorts
MGN,Megan Holdings Limited Class A Ordinary Shares,$4.70,0.47,11.111%,76375000.00,Malaysia,2025,931116,Consumer Staples,Farming/Seeds/Milling
MGNI,Magnite Inc. Common Stock,$12.38,-0.11,-0.881%,1787230839.00,United States,,2633278,Technology,Computer Software: Programming Data Processing
MGNX,MacroGenics Inc. Common Stock,$2.86,-0.04,-1.379%,181769694.00,United States,2013,643667,Health Care,Biotechnology: Pharmaceutical Preparations
MGPI,MGP Ingredients Inc.,$16.50,-0.54,-3.169%,352493213.00,United States,,575710,Consumer Staples,Beverages (Production/Distribution)
MGR,Affiliated Managers Group Inc. 5.875% Junior Subordinated Notes due 2059,$20.24,-0.43,-2.08%,575060155.00,United States,2019,19237,Finance,Investment Managers
MGRB,Affiliated Managers Group Inc. 4.750% Junior Subordinated Notes due 2060,$16.61,-0.15,-0.895%,471924366.00,United States,2020,10374,Finance,Investment Managers
MGRC,McGrath RentCorp Common Stock,$105.38,-0.46,-0.435%,2593576415.00,United States,1984,238648,Consumer Discretionary,Diversified Commercial Services
MGRD,Affiliated Managers Group Inc. 4.200% Junior Subordinated Notes due 2061,$14.87,-0.18,-1.196%,422487377.00,United States,2021,18389,Finance,Investment Managers
MGRE,Affiliated Managers Group Inc. 6.750% Junior Subordinated Notes due 2064,$23.37,-0.43,-1.807%,663989912.00,United States,2024,36782,Finance,Investment Managers
MGRT,Mega Fortune Company Limited Ordinary Shares,$7.46,0.44,6.268%,102575000.00,Hong Kong,2025,53405,Technology,EDP Services
MGRX,Mangoceuticals Inc. Common Stock,$0.162,-0.1941,-54.507%,2638785.00,United States,2023,3219880,Health Care,Misc Health and Biotechnology Services
MGTX,MeiraGTx Holdings plc Ordinary Shares,$7.20,-0.15,-2.041%,579534401.00,United States,2018,443359,Health Care,Biotechnology: Biological Products (No Diagnostic Substances)
MGX,Metagenomi Therapeutics Inc. Common Stock,$1.42,-0.05,-3.401%,53421153.00,United States,2024,182283,Health Care,Biotechnology: Biological Products (No Diagnostic Substances)
MGY,Magnolia Oil & Gas Corporation Class A Common Stock,$30.76,0.16,0.523%,5733845638.00,United States,2017,6287735,Energy,Oil & Gas Production
MGYR,Magyar Bancorp Inc. Common Stock,$16.10,-1.10,-6.395%,104295655.00,United States,2006,66492,Finance,Savings Institutions
MH,McGraw Hill Inc. Common Stock,$13.26,-0.31,-2.284%,2532680142.00,,2025,990820,Consumer Discretionary,Publishing
MHD,Blackrock MuniHoldings Fund Inc. Common Stock,$11.47,-0.14,-1.206%,1706305542.00,United States,1997,396590,Finance,Investment Bankers/Brokers/Service
MHF,Western Asset Municipal High Income Fund Inc. Common Stock,$6.7863,-0.0987,-1.434%,0.00,United States,1988,70730,Finance,Finance/Investors Services
MHH,Mastech Digital Inc Common Stock,$5.50,-0.13,-2.309%,65221206.00,United States,,29621,Consumer Discretionary,Professional Services
MHK,Mohawk Industries Inc. Common Stock,$96.21,-2.02,-2.056%,5913101043.00,United States,,1882914,Consumer Discretionary,Home Furnishings
MHLA,Maiden Holdings Ltd. 6.625% Notes due 2046,$10.90,-0.935,-7.90%,84387179.00,Bermuda,2016,25469,Finance,Property-Casualty Insurers
MHNC,Maiden Holdings North America Ltd. 7.75% Notes due 2043,$11.595,-0.645,-5.27%,89767829.00,Bermuda,2013,14246,Finance,Property-Casualty Insurers
MHO,M/I Homes Inc. Common Stock,$120.38,-2.49,-2.027%,3101916809.00,United States,1993,709856,Consumer Discretionary,Homebuilding
MI,NFT Limited Class A Ordinary Share,$0.3432,-0.0177,-4.904%,4914078.00,,2023,396016,Consumer Discretionary,Other Specialty Stores
MIAX,Miami International Holdings Inc. Common Stock,$39.10,0.08,0.205%,3583572946.00,,2025,2011393,Finance,Investment Bankers/Brokers/Service
MICC,The Magnum Ice Cream Company N.V. Ordinary Shares,$14.85,-0.26,-1.721%,9092057124.00,,2025,1811942,Consumer Staples,Specialty Foods
MIDD,Middleby Corporation (The) Common Stock,$135.81,-4.27,-3.048%,6407653919.00,United States,,620646,Industrials,Industrial Machinery/Components
MIGI,Mawson Infrastructure Group Inc. Common Stock,$2.44,-0.09,-3.557%,2789552.00,Australia,,54907,Finance,Finance: Consumer Services
MIMI,Mint Incorporation Limited Class A Ordinary Shares,$0.2961,-0.0041,-1.366%,7406201.00,Hong Kong,2025,91214,Real Estate,Real Estate
MIN,MFS Intermediate Income Trust Common Stock,$2.46,0.00,0.00%,282648517.00,United States,1988,1349622,Finance,Trusts Except Educational Religious and Charitable
MIND,MIND Technology Inc. Common Stock (DE),$8.26,-0.10,-1.196%,74654557.00,United States,1994,131032,Industrials,Industrial Machinery/Components
MINE,Mayfair Gold Corp. Common Shares,$2.82,-0.13,-4.407%,188369218.00,,2026,35063,Energy,Oil & Gas Production
MIR,Mirion Technologies Inc. Class A Common Stock,$18.45,-1.24,-6.298%,4622321802.00,United States,2020,6524483,Industrials,Industrial Machinery/Components
MIRA,MIRA Pharmaceuticals Inc. Common Stock,$0.92,-0.10,-9.804%,38526000.00,United States,2023,454499,Health Care,Biotechnology: Pharmaceutical Preparations
MIRM,Mirum Pharmaceuticals Inc. Common Stock,$88.51,-2.21,-2.436%,5340836521.00,United States,2019,2231721,Health Care,Biotechnology: Pharmaceutical Preparations
MIST,Milestone Pharmaceuticals Inc. Common Shares,$1.36,-0.34,-20.00%,115830308.00,Canada,2019,5756269,Health Care,Biotechnology: Pharmaceutical Preparations
MITK,Mitek Systems Inc. Common Stock,$14.08,-0.22,-1.538%,638053349.00,United States,,1271613,Technology,Computer peripheral equipment
MITN,TPG Mortgage Investment Trust Inc. 9.500% Senior Notes due 2029,$24.82,-0.2999,-1.194%,732015863.00,United States,2024,29330,Real Estate,Real Estate Investment Trusts
MITP,TPG Mortgage Investment Trust Inc. 9.500% Senior Notes due 2029,$24.80,-0.3068,-1.222%,731426003.00,United States,2024,30191,Real Estate,Real Estate Investment Trusts
MITQ,Moving iMage Technologies Inc. Common Stock,$0.6181,0.068,12.361%,6147076.00,United States,2021,100556,Consumer Discretionary,Industrial Machinery/Components
MITT,TPG Mortgage Investment Trust Inc. Common Stock,$7.48,-0.22,-2.857%,237381218.00,United States,2011,616514,Real Estate,Real Estate Investment Trusts
MITT^A,TPG Mortgage Investment Trust Inc. 8.25% Series A Cumulative Redeemable Preferred Stock,$21.49,-0.99,-4.404%,,United States,,4430,,
MITT^B,TPG Mortgage Investment Trust Inc. 8.00% Series B Cumulative Redeemable Preferred Stock,$20.39,-1.1173,-5.195%,,United States,,31496,,
MITT^C,TPG Mortgage Investment Trust Inc. 8.00% Series C Fixed-to-Floating Rate Cumulative Redeemable Preferred Stock $0.01 par value per share,$24.10,-0.60,-2.429%,,United States,,35637,,
MIY,Blackrock MuniYield Michigan Quality Fund Inc. Common Stock,$11.91,-0.36,-2.934%,1771761030.00,United States,1992,88101,Finance,Investment Bankers/Brokers/Service
MKC,McCormick & Company Incorporated Common Stock,$53.23,-0.82,-1.517%,14288967462.00,United States,,10767247,Consumer Staples,Packaged Foods
MKDW,MKDWELL Tech Inc. Ordinary Share,$2.19,0.05,2.336%,7771657.00,Taiwan,,4086,Technology,Consumer Electronics/Appliances
MKL,Markel Group Inc. Common Stock,$1875.35,-6.17,-0.328%,23583887754.00,United States,1986,65664,Finance,Property-Casualty Insurers
MKLY,McKinley Acquisition Corporation Class A Ordinary Shares,$10.02,-0.045,-0.447%,0.00,United States,2025,2613,,
MKLYR,McKinley Acquisition Corporation Rights,$0.11,0.00,0.00%,0.00,United States,2025,29,,
MKLYU,McKinley Acquisition Corporation Units,$10.12,0.00,0.00%,0.00,United States,2025,112,Finance,Blank Checks
MKSI,MKS Inc. Common Stock,$227.13,-9.72,-4.104%,15274119325.00,United States,1999,1882721,Industrials,Industrial Machinery/Components
MKTW,MarketWise Inc. Class A Common Stock,$15.45,0.65,4.392%,248138989.00,United States,,84902,Technology,Computer Software: Prepackaged Software
MKTX,MarketAxess Holdings Inc. Common Stock,$174.01,-0.65,-0.372%,6185753593.00,United States,2004,912665,Finance,Investment Bankers/Brokers/Service
MKZR,MacKenzie Realty Capital Inc. Common Stock,$3.96,0.2685,7.273%,7786944.00,United States,,38589,Real Estate,Real Estate Investment Trusts
MLAA,Mountain Lake Acquisition Corp. II Class A Ordinary Shares,$9.80,-0.06,-0.609%,0.00,United States,2026,18509,Finance,Blank Checks
MLAAU,Mountain Lake Acquisition Corp. II Units,$9.96,0.02,0.201%,0.00,United States,2026,12205,Finance,Blank Checks
MLAAW,Mountain Lake Acquisition Corp. II Warrants,$0.175,0.025,16.667%,0.00,United States,2026,651,Finance,Blank Checks
MLAB,Mesa Laboratories Inc. Common Stock,$80.00,-2.52,-3.054%,441985040.00,United States,,110060,Industrials,Industrial Machinery/Components
MLAC,Mountain Lake Acquisition Corp. Class A Ordinary Shares,$10.53,0.01,0.095%,0.00,United States,2025,27831,Industrials,Auto Manufacturing
MLACR,Mountain Lake Acquisition Corp. Right,$0.2586,-0.0414,-13.80%,0.00,United States,2025,20905,,
MLCI,Mount Logan Capital Inc. Common Stock,$4.515,-0.185,-3.936%,57732366.00,United States,,529874,Finance,Investment Managers
MLCIL,Mount Logan Capital Inc. 8.00% Notes Due 2031,$23.075,0.075,0.326%,0.00,United States,,333,Finance,Investment Managers
MLCO,Melco Resorts & Entertainment Limited American Depositary Shares,$5.46,-0.04,-0.727%,2221084347.00,Hong Kong,2006,1828061,Consumer Discretionary,Hotels/Resorts
MLEC,Moolec Science SA Ordinary Shares,$8.20,-1.04,-11.255%,5954168.00,Luxembourg,,25133,Finance,Blank Checks
MLECW,Moolec Science SA Warrant,$0.0242,0.0022,10.00%,17572.00,Luxembourg,,1698993,Finance,Blank Checks
MLGO,MicroAlgo Inc. Class A Ordinary Shares,$3.35,-0.26,-7.202%,41665648.00,United States,2021,90574,Technology,EDP Services
MLI,Mueller Industries Inc. Common Stock,$107.76,-2.18,-1.983%,11957512321.00,United States,,2691545,Industrials,Metal Fabrications
MLKN,MillerKnoll Inc. Common Stock,$17.80,-0.10,-0.559%,1219562977.00,United States,,1478093,Consumer Discretionary,Office Equipment/Supplies/Services
MLM,Martin Marietta Materials Inc. Common Stock,$560.69,-6.78,-1.195%,33816361072.00,United States,1994,987685,Industrials,Mining & Quarrying of Nonmetallic Minerals (No Fuels)
MLP,Maui Land & Pineapple Company Inc. Common Stock,$15.46,-0.08,-0.515%,305206821.00,United States,1998,52695,Finance,Real Estate
MLR,Miller Industries Inc. Common Stock,$43.15,-0.52,-1.191%,490690150.00,United States,,318758,Consumer Discretionary,Construction/Ag Equipment/Trucks
MLSS,Milestone Scientific Inc. Common Stock,$0.2464,-0.0456,-15.616%,19374164.00,United States,2015,259634,Health Care,Industrial Specialties
MLTX,MoonLake Immunotherapeutics Class A Ordinary Shares,$16.27,-0.41,-2.458%,1175573442.00,United States,2020,682633,Health Care,Biotechnology: Pharmaceutical Preparations
MLYS,Mineralys Therapeutics Inc. Common Stock,$24.07,0.79,3.393%,1983355435.00,United States,2023,2894707,Health Care,Biotechnology: Pharmaceutical Preparations
MMA,Mixed Martial Arts Group Limited Ordinary Shares,$0.3977,-0.0081,-1.996%,10532504.00,,2024,54990,Consumer Discretionary,Other Consumer Services
MMD,NYLI MacKay DefinedTerm Muni Opportunities Fund Common Shares,$14.87,-0.26,-1.718%,0.00,United States,2012,83397,Finance,Investment Managers
MMED,MiniMed Group Inc. Common Stock,$16.57,-0.54,-3.156%,4653077176.00,United States,2026,693372,Health Care,Medical/Dental Instruments
MMI,Marcus & Millichap Inc. Common Stock,$25.52,-0.13,-0.507%,975743572.00,United States,2013,634483,Finance,Real Estate
MMLP,Martin Midstream Partners L.P. Limited Partnership,$2.27,-0.358,-13.623%,88655045.00,United States,2002,76565,Energy,Oil Refining/Marketing
MMM,3M Company Common Stock,$141.20,-1.51,-1.058%,74370040000.00,United States,,6900645,Health Care,Medical/Dental Instruments
MMS,Maximus Inc. Common Stock,$68.39,-0.34,-0.495%,3730577113.00,United States,1997,1471047,Real Estate,Real Estate
MMSI,Merit Medical Systems Inc. Common Stock,$66.71,-1.62,-2.371%,3964704117.00,United States,,1292528,Health Care,Medical/Dental Instruments
MMT,MFS Multimarket Income Trust Common Stock,$4.49,-0.02,-0.443%,267371889.00,United States,1987,157212,Finance,Trusts Except Educational Religious and Charitable
MMTX,Miluna Acquisition Corp Class A Ordinary Share,$9.98,0.00,0.00%,0.00,Taiwan,2025,500,Finance,Blank Checks
MMTXU,Miluna Acquisition Corp Units,$10.15,0.08,0.794%,0.00,Taiwan,2025,8103,,
MMTXW,Miluna Acquisition Corp Warrant,$0.13,0.00,0.00%,0.00,Taiwan,2025,4877,Finance,Blank Checks
MMU,Western Asset Managed Municipals Fund Inc. Common Stock,$10.19,-0.21,-2.019%,0.00,United States,1992,125325,Finance,Investment Managers
MMYT,MakeMyTrip Limited Ordinary Shares,$39.78,-2.97,-6.947%,4426019187.00,India,2010,2411690,Consumer Discretionary,Transportation Services
MNDO,MIND C.T.I. Ltd. Ordinary Shares,$1.16,0.01,0.87%,23414793.00,Israel,,16686,Technology,EDP Services
MNDR,Mobile-health Network Solutions Class A Ordinary Shares,$1.22,0.2498,25.747%,4091269.00,Singapore,2024,26070251,Technology,Computer Software: Prepackaged Software
MNDY,monday.com Ltd. Ordinary Shares,$73.85,-0.88,-1.178%,3431290408.00,Israel,2021,1484062,Technology,Computer Software: Prepackaged Software
MNKD,MannKind Corporation Common Stock,$2.47,-0.05,-1.984%,761008070.00,United States,2004,19091440,Health Care,Biotechnology: Pharmaceutical Preparations
MNOV,Medicinova Inc Common Stock,$1.56,0.17,12.23%,76785144.00,United States,,400470,Health Care,Biotechnology: Pharmaceutical Preparations
MNPR,Monopar Therapeutics Inc. Common Stock,$55.21,-3.46,-5.897%,368945463.00,United States,2019,266041,Health Care,Biotechnology: Pharmaceutical Preparations
MNR,Mach Natural Resources LP Common Units representing Limited Partner Interests,$13.81,-0.21,-1.498%,2323101214.00,United States,2023,316868,Energy,Oil & Gas Production
MNRO,Monro Inc. Common Stock,$15.01,-0.32,-2.087%,450595097.00,United States,1991,1244984,Consumer Discretionary,Automotive Aftermarket
MNSB,MainStreet Bancshares Inc. Common Stock,$21.185,-0.085,-0.40%,156049748.00,United States,,75988,Finance,Major Banks
MNSBP,MainStreet Bancshares Inc. Depositary Shares,$24.80,-0.05,-0.201%,182678015.00,United States,,373,Finance,Major Banks
MNSO,MINISO Group Holding Limited American Depositary Shares each representing four Ordinary Shares,$16.28,-0.51,-3.038%,5086978356.00,China,2020,324285,Consumer Discretionary,Department/Specialty Retail Stores
MNST,Monster Beverage Corporation,$73.69,-0.05,-0.068%,72088770388.00,United States,,10528227,Consumer Staples,Beverages (Production/Distribution)
MNTK,Montauk Renewables Inc. Common Stock,$1.13,-0.10,-8.13%,160845487.00,United States,2021,661410,Utilities,Natural Gas Distribution
MNTN,MNTN Inc. Class A Common Stock,$9.01,-0.11,-1.206%,665593117.00,United States,2025,1061181,Consumer Discretionary,Advertising
MNTS,Momentus Inc. Class A Common Stock,$4.28,0.13,3.133%,5979926.00,United States,2019,430202,Industrials,Military/Government/Technical
MNTSW,Momentus Inc. Warrant,$0.013,-0.0011,-7.801%,18163.00,United States,2019,238360,Industrials,Military/Government/Technical
MNY,MoneyHero Limited Class A Ordinary Shares,$1.33,-0.085,-6.007%,57461361.00,Singapore,,46131,Real Estate,Real Estate
MNYWW,MoneyHero Limited Warrants,$0.0887,0.0176,24.754%,3832198.00,Singapore,,4801,Real Estate,Real Estate
MO,Altria Group Inc.,$64.47,-0.60,-0.922%,107787269669.00,United States,,38326334,Health Care, Medicinal Chemicals and Botanical Products 
MOB,Mobilicom Limited Ordinary Shares,$5.53,-0.955,-14.726%,54966370.00,Israel,2022,563654,Industrials,Aerospace
MOBBW,Mobilicom Limited Warrants,$2.52,0.00,0.00%,25047966.00,Israel,2022,100,Industrials,Aerospace
MOBX,Mobix Labs Inc. Class A Common Stock,$0.4817,-0.0823,-14.592%,49652252.00,United States,2021,24840067,Technology,Semiconductors
MOBXW,Mobix Labs Inc Warrants,$0.14,-0.03,-17.647%,14430798.00,United States,2021,15002,Technology,Semiconductors
MOD,Modine Manufacturing Company Common Stock,$196.55,-4.32,-2.151%,10364316770.00,United States,,1508499,Consumer Discretionary,Auto Parts:O.E.M.
MODD,Modular Medical Inc. Common Stock,$0.1832,-0.0089,-4.633%,14236984.00,United States,,852017,Health Care,Medical/Dental Instruments
MOGU,MOGU Inc. American Depositary Shares (each  representing 25 Class A Ordinary Shares),$2.279,0.179,8.524%,18627728.00,,2018,4290,Real Estate,Real Estate
MOH,Molina Healthcare Inc Common Stock,$139.41,-2.80,-1.969%,7262016487.00,United States,2003,14407061,Health Care,Medical Specialities
MOLN,Molecular Partners AG American Depositary Shares,$4.585,-0.1049,-2.237%,185064791.00,Switzerland,2021,2721,Health Care,Biotechnology: Biological Products (No Diagnostic Substances)
MOMO,Hello Group Inc. American Depositary Shares,$5.89,-0.29,-4.693%,946343167.00,China,2014,1294973,Technology,Computer Software: Prepackaged Software
MORN,Morningstar Inc. Common Stock,$179.07,-5.80,-3.137%,7088263903.00,United States,2005,721992,Finance,Investment Managers
MOS,Mosaic Company (The) Common Stock,$23.59,-2.61,-9.962%,7489949036.00,United States,,21716178,Industrials,Agricultural Chemicals
MOV,Movado Group Inc. Common Stock,$24.02,-1.21,-4.796%,531753655.00,United States,,346704,Consumer Discretionary,Consumer Specialties
MOVE,Movano Inc. Common Stock,$14.01,-0.53,-3.645%,15998439.00,United States,2021,53659,Health Care,Biotechnology: Electromedical & Electrotherapeutic Apparatus
MP,MP Materials Corp. Common Stock,$50.60,-2.50,-4.708%,8989972970.00,United States,2020,8309450,Basic Materials,Metal Mining
MPA,Blackrock MuniYield Pennsylvania Quality Fund Common Stock,$11.05,-0.22,-1.952%,0.00,United States,1992,41946,Finance,Finance Companies
MPAA,Motorcar Parts  of America Inc. Common Stock,$10.21,-0.15,-1.448%,196143840.00,United States,,134800,Consumer Discretionary,Auto Parts:O.E.M.
MPB,Mid Penn Bancorp Common Stock,$31.13,-0.11,-0.352%,721473736.00,United States,,232229,Finance,Major Banks
MPC,Marathon Petroleum Corporation Common Stock,$232.53,-3.25,-1.378%,68639310383.00,United States,,6342942,Energy,Integrated oil Companies
MPLT,MapLight Therapeutics Inc. Common Stock,$17.56,0.07,0.40%,796750459.00,United States,2025,714592,Health Care,Biotechnology: Pharmaceutical Preparations
MPLX,MPLX LP Common Units Representing Limited Partner Interests,$57.99,-0.29,-0.498%,58871699503.00,United States,2012,3306466,Energy,Natural Gas Distribution
MPT,Medical Properties Trust Inc. common stock,$4.56,-0.15,-3.185%,2725512000.00,United States,,11450587,Real Estate,Real Estate Investment Trusts
MPTI,M-tron Industries Inc. Common Stock,$59.82,-2.28,-3.671%,175260516.00,United States,2022,224684,Technology,Industrial Machinery/Components
MPU,Mega Matrix Inc. Class A Ordinary Shares,$0.83,0.0117,1.43%,56286560.00,United States,1998,6846,Consumer Discretionary,Diversified Commercial Services
MPV,Barings Participation Investors Common Stock,$18.32,-0.32,-1.717%,194223144.00,United States,1988,6249,Finance,Finance Companies
MPWR,Monolithic Power Systems Inc. Common Stock,$1068.85,-23.84,-2.182%,52499774300.00,United States,2004,1035261,Technology,Semiconductors
MPX,Marine Products Corporation Common Stock,$7.13,0.03,0.423%,251279909.00,United States,2001,76310,Industrials,Marine Transportation
MQ,Marqeta Inc. Class A Common Stock,$4.08,0.15,3.817%,1743024519.00,United States,2021,5178231,Technology,Computer Software: Prepackaged Software
MQY,Blackrock MuniYield Quality Fund Inc. Common Stock,$11.17,-0.12,-1.063%,1661676801.00,United States,1992,317625,Finance,Investment Bankers/Brokers/Service
MRAM,Everspin Technologies Inc. Common Stock,$8.75,-0.70,-7.407%,202302529.00,United States,2016,480331,Technology,Semiconductors
MRBK,Meridian Corporation Common Stock,$18.71,-0.06,-0.32%,222184580.00,United States,2017,84417,Finance,Major Banks
MRCC,Monroe Capital Corporation Common Stock,$4.59,-0.19,-3.975%,99448501.00,United States,2012,115538,Finance,Investment Managers
MRCY,Mercury Systems Inc Common Stock,$77.26,-0.55,-0.707%,4636730468.00,United States,1998,1645243,Technology,Electrical Products
MRDN,Meridian Holdings Inc. Common Stock,$9.02,0.26,2.968%,114022379.00,United States,,69704,Technology,Computer Software: Prepackaged Software
MREO,Mereo BioPharma Group plc American Depositary Shares,$0.342,-0.0187,-5.184%,53059798.00,United Kingdom,,1823447,Health Care,Biotechnology: Pharmaceutical Preparations
MRK,Merck & Company Inc. Common Stock (new),$114.18,-0.02,-0.018%,282297718903.00,United States,,36350913,Health Care,Biotechnology: Pharmaceutical Preparations
MRKR,Marker Therapeutics Inc. Common Stock,$1.34,0.02,1.515%,22341990.00,United States,,131462,Health Care,Biotechnology: Pharmaceutical Preparations
MRLN,Merlin Inc. Common Stock,$8.00,-1.34,-14.347%,270066664.00,United States,2024,567600,Technology,EDP Services
MRM,MEDIROM Healthcare Technologies Inc. American Depositary Share,$1.25,0.02,1.626%,9877438.00,Japan,2020,36564,Consumer Discretionary,Other Consumer Services
MRNA,Moderna Inc. Common Stock,$51.38,-0.99,-1.89%,20376632970.00,United States,2018,15474260,Health Care,Biotechnology: Biological Products (No Diagnostic Substances)
MRNO,Murano Global Investments PLC Ordinary Shares,$0.5304,-0.0806,-13.191%,42063762.00,Mexico,,279893,Consumer Discretionary,Hotels/Resorts
MRNOW,Murano Global Investments PLC Warrants,$0.0554,-0.0012,-2.12%,4393538.00,Mexico,,6420,Consumer Discretionary,Hotels/Resorts
MRP,Millrose Properties Inc. Class A Common Stock,$28.25,-0.81,-2.787%,4689598790.00,United States,2025,4818775,Finance,Real Estate
MRSH,Marsh Common Stock,$176.48,5.57,3.259%,85438248169.00,United States,,9676374,Finance,Specialty Insurers
MRT,Marti Technologies Inc. Class A Ordinary Shares,$2.00,-0.01,-0.498%,157416950.00,,2021,14874,Consumer Discretionary,Rental/Leasing Companies
MRTN,Marten Transport Ltd. Common Stock,$12.18,0.08,0.661%,993755664.00,United States,1986,1516396,Industrials,Trucking Freight/Courier Services
MRVI,Maravai LifeSciences Holdings Inc. Class A Common Stock,$2.98,-0.05,-1.65%,766060381.00,United States,2020,2831351,Health Care,Biotechnology: Pharmaceutical Preparations
MRVL,Marvell Technology Inc. Common Stock,$87.91,-1.62,-1.809%,76859713000.00,United States,2000,25539682,Technology,Semiconductors
MRX,Marex Group plc Ordinary Shares,$35.365,-0.155,-0.436%,2535667742.00,United Kingdom,2024,664023,Finance,Investment Bankers/Brokers/Service
MS,Morgan Stanley Common Stock,$161.47,2.92,1.842%,255607010000.00,United States,,14610638,Finance,Investment Bankers/Brokers/Service
MS^A,Morgan Stanley Dep Shs repstg 1/1000 Pfd Ser A,$19.35,-0.09,-0.463%,,United States,,74133,,
MS^E,Morgan Stanley DEPOSITARY SHARES REP 1/1000TH SHARES FIXED/FLTG PREFERRED STOCK SERIES E,$25.56,-0.01,-0.039%,,United States,,75659,,
MS^F,Morgan Stanley Dep Shs Rpstg 1/1000th Int Prd Ser F Fxd to Flag,$25.40,0.00,0.00%,,United States,,83023,,
MS^I,Morgan Stanley Depository Shares Representing 1/1000th Preferred Series 1 Fixed to Floating Non (Cum),$25.24,-0.02,-0.079%,,United States,,127274,,
MS^K,Morgan Stanley Depositary Shares each representing 1/1000th of a share of Fixed-to-Floating Rate Non-Cumulative Preferred Stock  Series K,$24.059,-0.181,-0.747%,,United States,,125671,,
MS^L,Morgan Stanley Depositary Shares each representing 1/1000th of a share of 4.875% Non-Cumulative Preferred Stock Series L,$20.34,-0.13,-0.635%,,United States,,42331,,
MS^O,Morgan Stanley Depositary Shares each representing 1/1000th of a share of 4.250% Non-Cumulative Preferred Stock Series O,$17.30,-0.37,-2.094%,,United States,,82366,,
MS^P,Morgan Stanley Depositary Shares each representing 1/1000th of a share of 6.500% Non-Cumulative Preferred Stock Series P,$25.30,-0.18,-0.706%,,United States,,89767,,
MS^Q,Morgan Stanley Depositary Shares each representing 1/1000th of a share of 6.625% Non-Cumulative Preferred Stock Series Q,$25.63,-0.23,-0.889%,,United States,,195864,,
MSA,MSA Safety Incorporated Common Stock,$170.14,-2.64,-1.528%,6597131201.00,United States,2000,329957,Health Care,Industrial Specialties
MSAI,MultiSensor AI Holdings Inc. Common Stock,$0.2439,-0.0461,-15.897%,19631972.00,United States,2021,1784335,Technology,Electronic Components
MSAIW,MultiSensor AI Holdings Inc. Warrant,$0.037,-0.0079,-17.595%,2978200.00,United States,2021,3019,Technology,Electronic Components
MSB,Mesabi Trust Common Stock,$29.32,-0.92,-3.042%,384678693.00,United States,,42070,Industrials,Precious Metals
MSBI,Midland States Bancorp Inc. Common Stock,$21.02,-0.23,-1.082%,441201161.00,United States,2016,365346,Finance,Major Banks
MSBIP,Midland States Bancorp Inc. Depositary Shares Each Representing a 1/40th Interest in a Share of 7.750% Fixed-Rate Reset Non-Cumulative Perpetual Preferred Stock Series A,$24.81,-0.19,-0.76%,520751703.00,United States,,10771,Finance,Major Banks
MSC,Studio City International Holdings Limited American depositary shares each representing four  Class A ordinary shares,$2.30,-0.345,-13.043%,484647065.00,,2018,15763,Consumer Discretionary,Hotels/Resorts
MSCI,MSCI Inc. Common Stock,$552.63,-3.64,-0.654%,40408419442.00,United States,,1120964,Real Estate,Real Estate
MSD,Morgan Stanley Emerging Markets Debt Fund Inc. Common Stock,$7.35,-0.18,-2.39%,0.00,United States,1993,101317,Finance,Trusts Except Educational Religious and Charitable
MSDL,Morgan Stanley Direct Lending Fund Common Stock,$14.40,-0.21,-1.437%,0.00,United States,2024,1215056,,
MSEX,Middlesex Water Company Common Stock,$50.17,-0.83,-1.627%,929245379.00,United States,,941512,Utilities,Water Supply
MSFT,Microsoft Corporation Common Stock,$381.87,-7.15,-1.838%,2835624975252.00,United States,1986,50767881,Technology,Computer Software: Prepackaged Software
MSGE,Madison Square Garden Entertainment Corp. Class A Common Stock,$56.16,-1.22,-2.126%,2654857240.00,United States,2023,547941,Consumer Discretionary,Services-Misc. Amusement & Recreation
MSGM,Motorsport Games Inc. Class A Common Stock,$4.08,0.05,1.241%,23576076.00,United States,2021,53722,Technology,Computer Software: Prepackaged Software
MSGS,Madison Square Garden Sports Corp. Class A Common Stock (New),$307.31,-5.71,-1.824%,7396746724.00,United States,2015,522971,Consumer Discretionary,Services-Misc. Amusement & Recreation
MSGY,Masonglory Limited Ordinary Shares,$0.4444,0.0043,0.977%,6221600.00,Hong Kong,2025,33274,,
MSI,Motorola Solutions Inc. Common Stock,$452.35,-6.81,-1.483%,74935808843.00,United States,,2054710,Technology,Radio And Television Broadcasting And Communications Equipment
MSIF,MSC Income Fund Inc. Common Stock,$13.22,-0.25,-1.856%,608470026.00,,2025,1602171,Finance,Finance/Investors Services
MSLE,Satellos Bioscience Inc. Common Stock,$7.24,-0.77,-9.613%,111922646.00,Canada,,97542,Health Care,Biotechnology: Pharmaceutical Preparations
MSM,MSC Industrial Direct Company Inc. Common Stock,$85.72,-1.16,-1.335%,4783459476.00,United States,1995,1846946,Industrials,Industrial Machinery/Components
MSN,Emerson Radio Corporation Common Stock,$0.3976,0.0436,12.316%,8366558.00,United States,1994,40242,Consumer Staples,Consumer Electronics/Appliances
MSS,Maison Solutions Inc. Class A Common Stock,$0.1541,0.0088,6.056%,4692579.00,United States,2023,1028591,Consumer Staples,Food Chains
MSTR,Strategy Inc Common Stock Class A,$135.66,-2.58,-1.866%,45276892367.00,United States,1998,28485235,Technology,Computer Software: Prepackaged Software
MSW,Ming Shing Group Holdings Limited Ordinary Shares,$1.23,-0.03,-2.381%,15959250.00,Hong Kong,2024,3861,Consumer Discretionary,Engineering & Construction
MT,Arcelor Mittal NY Registry Shares NEW,$47.76,-2.22,-4.442%,36351369115.00,Luxembourg,,3325461,Industrials,Steel/Iron Ore
MTA,Metalla Royalty & Streaming Ltd. Common Shares,$6.76,-0.23,-3.29%,625714969.00,,,828782,Basic Materials,Precious Metals
MTB,M&T Bank Corporation Common Stock,$198.15,1.91,0.973%,29524399934.00,United States,,2787343,Finance,Major Banks
MTB^H,M&T Bank Corporation Perpetual Fixed-to-Floating Rate Non-Cumulative Preferred Stock Series H,$24.79,-0.14,-0.562%,,United States,,32467,,
MTB^J,M&T Bank Corporation Depositary Shares each representing a 1/400th ownership interest in a share of Perpetual 7.500% Non-Cumulative Preferred Stock Series J,$25.52,-0.46,-1.771%,,United States,,56109,,
MTB^K,M&T Bank Corporation Depositary Shares each representing a 1/400th interest in a share of Perpetual 6.350% Non-Cumulative Preferred Stock Series K,$24.78,-0.05,-0.201%,,United States,,76073,,
MTC,MMTec Inc. Common Shares,$5.91,0.03,0.51%,148854366.00,China,2019,28408,Technology,Computer Software: Prepackaged Software
MTCH,Match Group Inc. Common Stock,$31.06,-0.41,-1.303%,7225937456.00,United States,,76577262,Technology,Computer Software: Programming Data Processing
MTD,Mettler-Toledo International Inc. Common Stock,$1204.48,13.99,1.175%,24388919302.00,Switzerland,1997,233432,Industrials,Biotechnology: Laboratory Analytical Instruments
MTDR,Matador Resources Company Common Stock,$58.50,1.43,2.506%,7268621549.00,United States,2012,3279343,Energy,Oil & Gas Production
MTEK,Maris-Tech Ltd. Ordinary Shares,$1.45,-0.01,-0.685%,13015657.00,Israel,2022,317993,Telecommunications,Telecommunications Equipment
MTEKW,Maris-Tech Ltd. Warrants,$0.21,-0.01,-4.545%,1885026.00,Israel,2022,38315,Telecommunications,Telecommunications Equipment
MTEN,Mingteng International Corporation Inc. Class A Ordinary Shares,$1.33,-0.06,-4.317%,1625433.00,China,2024,26923,Industrials,Building Products
MTEX,Mannatech Incorporated Common Stock,$6.75,0.02,0.297%,12831278.00,United States,,7400,Health Care, Medicinal Chemicals and Botanical Products 
MTG,MGIC Investment Corporation Common Stock,$25.66,-0.33,-1.27%,5515703218.00,United States,1991,3312345,Finance,Property-Casualty Insurers
MTH,Meritage Homes Corporation Common Stock,$58.76,-1.44,-2.392%,3925207017.00,United States,,3423090,Consumer Discretionary,Homebuilding
MTLS,Materialise NV American Depositary Shares,$4.89,-0.11,-2.20%,288838540.00,Belgium,2014,131503,Technology,Computer Software: Prepackaged Software
MTN,Vail Resorts Inc. Common Stock,$131.22,-4.51,-3.323%,4675768952.00,United States,1997,1878041,Consumer Discretionary,Services-Misc. Amusement & Recreation
MTNB,Matinas Biopharma Holdings Inc. Common Stock,$0.64,0.05,8.475%,4099962.00,United States,2017,29656,Health Care,Biotechnology: Pharmaceutical Preparations
MTR,Mesa Royalty Trust Common Stock,$5.31,0.33,6.627%,9895663.00,United States,,38481,Energy,Oil & Gas Production
MTRN,Materion Corporation,$132.06,-3.36,-2.481%,2748730911.00,United States,,454796,Industrials,Industrial Specialties
MTRX,Matrix Service Company Common Stock,$10.12,-0.04,-0.394%,284659459.00,United States,1990,2801798,Consumer Discretionary,Engineering & Construction
MTSI,MACOM Technology Solutions Holdings Inc. Common Stock,$218.96,-5.58,-2.485%,16424620951.00,United States,2012,2264918,Technology,Semiconductors
MTUS,Metallus Inc. Common Shares,$14.82,-0.08,-0.537%,618444839.00,United States,2014,2866218,Industrials,Steel/Iron Ore
MTVA,MetaVia Inc. Common Stock,$1.41,-0.07,-4.73%,11321670.00,United States,2016,118959,Health Care,Biotechnology: Pharmaceutical Preparations
MTW,Manitowoc Company Inc. (The) Common Stock,$11.19,-0.45,-3.866%,396947547.00,United States,,649928,Industrials,Construction/Ag Equipment/Trucks
MTX,Minerals Technologies Inc. Common Stock,$65.26,-1.98,-2.945%,2026230657.00,United States,1992,813342,Basic Materials,Major Chemicals
MTZ,MasTec Inc. Common Stock,$300.58,-12.14,-3.882%,23714208001.00,United States,,2059491,Industrials,Water Sewer Pipeline Comm & Power Line Construction
MU,Micron Technology Inc. Common Stock,$422.90,-21.37,-4.81%,475977866477.00,United States,,63867565,Technology,Semiconductors
MUA,Blackrock MuniAssets Fund Inc Common Stock,$10.53,-0.09,-0.847%,1566468820.00,United States,1993,103898,Finance,Investment Bankers/Brokers/Service
MUC,Blackrock MuniHoldings California Quality Fund Inc.  Common Stock,$10.64,-0.05,-0.468%,1582832691.00,United States,1998,264489,Finance,Investment Bankers/Brokers/Service
MUFG,Mitsubishi UFJ Financial Group Inc. Common Stock,$16.45,-0.45,-2.663%,195223844634.00,Japan,,4904840,Finance,Commercial Banks
MUJ,Blackrock MuniHoldings New Jersey Quality Fund Inc. Common Stock,$12.00,-0.22,-1.80%,1785149652.00,United States,1998,106021,Finance,Investment Bankers/Brokers/Service
MUR,Murphy Oil Corporation Common Stock,$38.73,0.63,1.654%,5531819533.00,United States,,6469352,Energy,Oil & Gas Production
MUSA,Murphy USA Inc. Common Stock,$473.17,-7.10,-1.478%,8770370140.00,United States,2013,365300,Consumer Discretionary,Retail-Auto Dealers and Gas Stations
MUX,McEwen Inc. Common Stock,$18.51,-1.05,-5.368%,1100471309.00,Canada,,2937213,Basic Materials,Precious Metals
MUZEU,Muzero Acquisition Corp Unit,$9.9499,0.0099,0.10%,0.00,United States,2026,5900,Finance,Blank Checks
MVBF,MVB Financial Corp. Common Stock,$24.72,0.04,0.162%,317523777.00,United States,,66218,Finance,Major Banks
MVIS,MicroVision Inc. Common Stock,$0.6687,-0.0188,-2.735%,205009949.00,United States,1996,5710697,Technology,Industrial Machinery/Components
MVO,MV Oil Trust Units of Beneficial Interests,$2.34,0.09,4.00%,26910000.00,United States,2007,140886,Energy,Oil & Gas Production
MVST,Microvast Holdings Inc. Common Stock,$1.60,-0.06,-3.614%,531252714.00,United States,2019,5213027,Miscellaneous,Industrial Machinery/Components
MVSTW,Microvast Holdings Inc. Warrants,$0.0207,-0.0108,-34.286%,6873082.00,United States,2019,229833,Miscellaneous,Industrial Machinery/Components
MWA,MUELLER WATER PRODUCTS Common Stock,$27.22,-0.34,-1.234%,4256808356.00,United States,2006,3797306,Industrials,Metal Fabrications
MWG,Multi Ways Holdings Limited Class A Ordinary Shares,$1.87,-0.132,-6.593%,9615540.00,,2023,4497,Consumer Discretionary,Miscellaneous manufacturing industries
MWH,SOLV Energy Inc. Class A Common Stock,$27.78,-0.72,-2.526%,5539760812.00,United States,2026,2141839,Industrials,Military/Government/Technical
MWYN,Marwynn Holdings Inc. Common stock,$0.7641,-0.0239,-3.033%,15430850.00,United States,2025,45716,Consumer Discretionary,Food Distributors
MX,Magnachip Semiconductor Corporation Common Stock,$2.66,-0.14,-5.00%,96932672.00,Luxembourg,2011,163177,Technology,Semiconductors
MXC,Mexco Energy Corporation Common Stock,$11.74,0.26,2.265%,24020040.00,United States,2003,35593,Energy,Oil & Gas Production
MXCT,MaxCyte Inc. Common Stock,$0.7652,0.0127,1.688%,81626953.00,United States,2021,935228,Health Care,Biotechnology: Commercial Physical & Biological Resarch
MXE,Mexico Equity and Income Fund Inc. (The) Common Stock,$12.2008,-0.2492,-2.002%,0.00,United States,,2870,Finance,Finance Companies
MXF,Mexico Fund Inc. (The) Common Stock,$19.61,-0.50,-2.486%,0.00,United States,,40702,Finance,Trusts Except Educational Religious and Charitable
MXL,MaxLinear Inc. Common Stock,$16.56,-0.54,-3.158%,1431631044.00,United States,2010,2145625,Technology,Semiconductors
MYE,Myers Industries Inc. Common Stock,$19.84,-0.81,-3.923%,742080044.00,United States,1983,406044,Industrials,Plastic Products
MYFW,First Western Financial Inc. Common Stock,$24.47,0.06,0.246%,238217677.00,United States,2018,57863,Finance,Major Banks
MYGN,Myriad Genetics Inc. Common Stock,$4.58,-0.17,-3.579%,428267396.00,United States,1995,17563454,Health Care,Biotechnology: In Vitro & In Vivo Diagnostic Substances
MYI,Blackrock MuniYield Quality Fund III Inc Common Stock,$10.60,-0.23,-2.124%,1576882193.00,United States,,209561,Finance,Investment Bankers/Brokers/Service
MYN,Blackrock MuniYield New York Quality Fund Inc.Common Stock,$9.84,-0.06,-0.606%,0.00,United States,1992,239377,Finance,Finance Companies
MYND,Mynd.ai Inc. American Depositary Shares,$0.44,0.0101,2.349%,20085024.00,,2017,40333,Real Estate,Other Consumer Services
MYO,Myomo Inc. Common Stock,$0.7094,-0.0118,-1.636%,27320211.00,United States,2017,432297,Health Care,Industrial Specialties
MYPS,PLAYSTUDIOS Inc.  Class A Common Stock,$0.4838,0.0162,3.464%,62046433.00,United States,2020,1193546,Technology,Computer Software: Prepackaged Software
MYPSW,PLAYSTUDIOS Inc. Warrant,$0.0044,0.00,0.00%,564292.00,United States,2020,3,Technology,Computer Software: Prepackaged Software
MYRG,MYR Group Inc. Common Stock,$259.68,-13.98,-5.109%,4035446157.00,United States,2008,373492,Industrials,Water Sewer Pipeline Comm & Power Line Construction
MYSE,Myseum Inc. Common Stock,$1.69,0.07,4.321%,7206716.00,United States,2021,134049,Telecommunications,Telecommunications Equipment
MYSZ,My Size Inc. Common Stock,$0.6098,0.0097,1.616%,2347107.00,Israel,,41507,Technology,Computer Software: Prepackaged Software
MZTI,The Marzetti Company Common Stock,$144.08,2.32,1.637%,3951105840.00,United States,,1241668,Consumer Staples,Packaged Foods
NA,Nano Labs Ltd Class A Ordinary Shares,$2.89,-0.06,-2.034%,68122597.00,China,2022,43624,Technology,Semiconductors
NAAS,NaaS Technology Inc. American Depositary Shares,$2.46,-0.0512,-2.039%,29655758.00,China,2017,2687,Consumer Discretionary,Other Specialty Stores
NABL,N-able Inc. Common Stock,$5.02,-0.05,-0.986%,945649106.00,United States,2021,3423575,Technology,Computer Software: Prepackaged Software
NAC,Nuveen California Quality Municipal Income Fund,$11.76,-0.14,-1.176%,0.00,United States,1999,772447,Finance,Investment Managers
NAD,Nuveen Quality Municipal Income Fund Common Stock,$11.63,-0.33,-2.759%,0.00,United States,1999,1287153,Finance,Investment Managers
NAGE,Niagen Bioscience Inc. Common Stock,$4.66,-0.08,-1.688%,373175074.00,United States,,1236289,Health Care, Medicinal Chemicals and Botanical Products 
NAII,Natural Alternatives International Inc. Common Stock,$2.56,-0.06,-2.29%,15812552.00,United States,,57086,Health Care, Medicinal Chemicals and Botanical Products 
NAK,Northern Dynasty Minerals Ltd. Common Stock,$1.14,-0.13,-10.236%,629888375.00,Canada,,11443838,Basic Materials,Precious Metals
NAKA,Nakamoto Inc. Common Stock,$0.2342,-0.0058,-2.417%,103013078.00,United States,2024,4756499,Health Care,Medical/Nursing Services
NAMI,Jinxin Technology Holding Company American Depositary Shares,$0.6178,0.0788,14.62%,48850318.00,China,2024,50584,Real Estate,Other Consumer Services
NAMM,Namib Minerals Ordinary Shares,$1.96,-0.16,-7.547%,105207761.00,Cayman Islands,,465458,Basic Materials,Precious Metals
NAMMW,Namib Minerals Warrants,$0.15,0.00,0.00%,8051614.00,Cayman Islands,,29873,Basic Materials,Precious Metals
NAMS,NewAmsterdam Pharma Company N.V. Ordinary Shares,$28.94,-1.52,-4.99%,3327388713.00,Netherlands,,909358,Health Care,Biotechnology: Pharmaceutical Preparations
NAMSW,NewAmsterdam Pharma Company N.V. Warrant,$19.50,1.00,5.405%,2242020729.00,Netherlands,,500,Health Care,Biotechnology: Pharmaceutical Preparations
NAN,Nuveen New York Quality Municipal Income Fund Common Stock,$11.18,-0.15,-1.324%,3379890644.00,United States,1999,37275,Finance,Investment Managers
NAT,Nordic American Tankers Limited Common Stock,$5.25,-0.24,-4.372%,1111690981.00,Bermuda,1995,5979860,Consumer Discretionary,Marine Transportation
NATH,Nathan's Famous Inc. Common Stock,$100.48,0.03,0.03%,411405814.00,United States,1993,40918,Consumer Discretionary,Restaurants
NATL,NCR Atleos Corporation Common Stock,$42.34,-0.54,-1.259%,3114581335.00,United States,2023,1701048,Miscellaneous,Office Equipment/Supplies/Services
NATR,Nature's Sunshine Products Inc. Common Stock,$23.73,-0.29,-1.207%,415455538.00,United States,,161340,Health Care,Biotechnology: Pharmaceutical Preparations
NAUT,Nautilus Biotechnology Inc. Common Stock,$3.03,0.28,10.182%,383490353.00,United States,2020,500024,Industrials,Biotechnology: Laboratory Analytical Instruments
NAVI,Navient Corporation Common Stock,$8.04,-0.07,-0.863%,764520931.00,United States,,2682483,Finance,Investment Bankers/Brokers/Service
NAVN,Navan Inc. Class A Common Stock,$8.87,-0.22,-2.42%,2205472857.00,United States,2025,2857345,Technology,Computer Software: Prepackaged Software
NAZ,Nuveen Arizona Quality Municipal Income Fund Common Stock,$12.51,-0.04,-0.319%,0.00,United States,1992,19040,Finance,Finance/Investors Services
NB,NioCorp Developments Ltd. Common Stock,$4.43,0.01,0.226%,555172792.00,United States,,6480705,Basic Materials,Metal Mining
NBB,Nuveen Taxable Municipal Income Fund Common Shares of Beneficial Interest,$15.46,-0.17,-1.088%,0.00,United States,2010,83635,Finance,Finance Companies
NBBK,NB Bancorp Inc. Common Stock,$20.46,-0.14,-0.68%,933073676.00,United States,2023,567554,Finance,Banks
NBH,Neuberger Municipal Fund Inc. Common Stock,$10.02,-0.21,-2.053%,0.00,United States,2002,86428,Finance,Finance/Investors Services
NBHC,National Bank Holdings Corporation Common Stock,$37.48,-0.52,-1.368%,1687110553.00,United States,2012,3927236,Finance,Major Banks
NBIS,Nebius Group N.V. Class A Ordinary Shares,$117.62,-3.90,-3.209%,28006360702.00,Netherlands,2011,17347548,Technology,Computer Software: Programming Data Processing
NBIX,Neurocrine Biosciences Inc. Common Stock,$127.68,-2.02,-1.557%,12814406956.00,United States,1996,2182044,Health Care,Biotechnology: Biological Products (No Diagnostic Substances)
NBN,Northeast Bank Common Stock,$106.34,-1.32,-1.226%,864544200.00,United States,,224242,Finance,Major Banks
NBP,NovaBridge Biosciences American Depositary Shares,$2.56,-0.13,-4.833%,294383811.00,China,2020,500401,Health Care,Biotechnology: Pharmaceutical Preparations
NBR,Nabors Industries Ltd.,$79.97,0.01,0.013%,1173414684.00,Bermuda,1951,469376,Energy,Oil & Gas Production
NBTB,NBT Bancorp Inc. Common Stock,$40.71,-0.26,-0.635%,2125241531.00,United States,,710934,Finance,Major Banks
NBTX,Nanobiotix S.A. American Depositary Shares,$29.03,-2.575,-8.147%,1376801485.00,France,2020,43223,Health Care,Biotechnology: Pharmaceutical Preparations
NBXG,Neuberger Next Generation Connectivity Fund Inc. Common Stock,$12.89,-0.07,-0.54%,0.00,United States,2021,354179,Finance,Trusts Except Educational Religious and Charitable
NBY,NovaBay Pharmaceuticals Inc. Common Stock,$1.16,-0.06,-4.918%,30304629.00,United States,2007,131201,Health Care,Biotechnology: Pharmaceutical Preparations
NC,NACCO Industries Inc. Common Stock,$48.60,-1.87,-3.705%,366180977.00,United States,,22479,Energy,Coal Mining
NCA,Nuveen California Municipal Value Fund,$8.99,-0.16,-1.749%,0.00,United States,,65641,Finance,Investment Managers
NCDL,Nuveen Churchill Direct Lending Corp. Common Stock,$13.04,-0.24,-1.807%,644007328.00,United States,2024,604168,,
NCEL,NewcelX Ltd. Ordinary Shares,$2.37,-0.08,-3.265%,10803356.00,Switzerland,2021,12506,Health Care,Biotechnology: Pharmaceutical Preparations
NCEW,New Century Logistics (BVI) Limited Ordinary Shares,$9.70,0.0999,1.041%,31040000.00,Hong Kong,2024,3418,Industrials,Integrated Freight & Logistics
NCI,Neo-Concept International Group Holdings Limited Class A Ordinary Shares,$5.70,0.24,4.396%,111229903.00,Hong Kong,2024,643180,Consumer Discretionary,Apparel
NCL,Northann Corp. Common Stock,$0.1635,0.0131,8.71%,3718498.00,,2023,147099,Industrials,Plastic Products
NCLH,Norwegian Cruise Line Holdings Ltd. Ordinary Shares,$18.95,-0.69,-3.513%,8632589897.00,United States,,23663686,Consumer Discretionary,Marine Transportation
NCMI,National CineMedia Inc. Common Stock,$3.21,-0.05,-1.534%,298991749.00,United States,2007,466100,Consumer Discretionary,Advertising
NCNA,NuCana plc American Depositary Share,$1.65,-0.06,-3.509%,6864447.00,United Kingdom,2017,46242,Health Care,Biotechnology: Pharmaceutical Preparations
NCNO,nCino Inc. Common Stock,$15.20,-0.30,-1.935%,1743211514.00,United States,2020,2685927,Technology,Computer Software: Prepackaged Software
NCPL,Netcapital Inc. Common Stock,$0.4856,-0.0323,-6.237%,3810940.00,United States,,147677,Finance,Finance: Consumer Services
NCPLW,Netcapital Inc. Warrants,$0.0227,0.0002,0.889%,178147.00,United States,,10766,Finance,Finance: Consumer Services
NCRA,Nocera Inc. Common Stock,$0.24,0.0054,2.302%,3449668.00,Taiwan,,188349,Consumer Staples,Farming/Seeds/Milling
NCSM,NCS Multistage Holdings Inc. Common Stock,$68.30,-0.43,-0.626%,173860041.00,United States,2017,34559,Energy,Oilfield Services/Equipment
NCT,Intercont (Cayman) Limited Class A Ordinary shares,$0.0979,-0.0121,-11.00%,2869985.00,China,2025,1122090,Consumer Discretionary,Restaurants
NCTY,The9 Limited American Depository Shares,$5.35,-0.19,-3.43%,75233744.00,China,2004,2521,Finance,Finance: Consumer Services
NCV,Virtus Convertible & Income Fund Common Shares of Beneficial Interest,$14.84,-0.49,-3.196%,1341143764.00,United States,2003,60138,Finance,Finance Companies
NCV^A,Virtus Convertible & Income Fund 5.625% Series A Cumulative Preferred Shares,$20.92,-0.15,-0.712%,,United States,,12301,,
NCZ,Virtus Convertible & Income Fund II Common Shares of Beneficial Interest,$13.71,-0.40,-2.835%,1043546919.00,United States,2003,67634,Finance,Finance Companies
NCZ^A,Virtus Convertible & Income Fund II 5.50% Series A Cumulative Preferred Shares,$20.24,-0.1751,-0.858%,,United States,,5998,,
NDAQ,Nasdaq Inc. Common Stock,$86.34,0.07,0.081%,49079442527.00,United States,,6282305,Finance,Investment Bankers/Brokers/Service
NDLS,Noodles & Company Class A Common Stock,$6.14,-0.49,-7.391%,35932772.00,United States,2013,61434,Consumer Discretionary,Restaurants
NDMO,Nuveen Dynamic Municipal Opportunities Fund Common Shares of Beneficial Interest,$10.09,-0.28,-2.70%,600004211.00,,2020,60336,Finance,Trusts Except Educational Religious and Charitable
NDRA,ENDRA Life Sciences Inc. Common Stock,$3.45,0.19,5.828%,4024221.00,United States,2017,19157,Health Care,Biotechnology: Electromedical & Electrotherapeutic Apparatus
NDSN,Nordson Corporation Common Stock,$262.73,-4.48,-1.677%,14656024703.00,United States,,679328,Industrials,Industrial Machinery/Components
NE,Noble Corporation plc A Ordinary Shares,$46.71,-1.04,-2.178%,7449004055.00,United States,2022,3064283,Energy,Oil & Gas Production
NEA,Nuveen AMT-Free Quality Municipal Income Fund Common Shares of Beneficial Interest Par Value $.01,$11.25,-0.33,-2.85%,0.00,United States,2002,1602221,Finance,Finance/Investors Services
NECB,NorthEast Community Bancorp Inc. Common Stock,$23.24,-0.01,-0.043%,321502671.00,United States,2021,59015,Finance,Banks
NEE,NextEra Energy Inc. Common Stock,$89.50,-2.91,-3.149%,186475215778.00,United States,,21857644,Technology,EDP Services
NEE^N,NextEra Energy Inc. Series N Junior Subordinated Debentures due March 1 2079,$23.31,-0.40,-1.687%,,United States,,43520,,
NEE^S,NextEra Energy Inc. 7.299% Corporate Units,$55.07,-1.26,-2.237%,,United States,,225907,,
NEE^T,NextEra Energy Inc. 7.234% Corporate Units,$51.25,-0.95,-1.82%,,United States,,40660,,
NEE^U,NextEra Energy Inc. Series U Junior Subordinated Debentures due June 1 2085,$25.02,-0.05,-0.199%,,United States,,90247,,
NEE^V,NextEra Energy Inc. 7.375% Corporate Units,$49.19,-1.07,-2.129%,,United States,,345352,,
NEGG,Newegg Commerce Inc. Common Shares,$34.88,-1.48,-4.07%,679762856.00,China,2010,26717,Consumer Discretionary,Other Specialty Stores
NEM,Newmont Corporation,$95.80,-3.40,-3.427%,104218349510.00,United States,,30683988,Basic Materials,Precious Metals
NEN,New England Realty Associates Limited Partnership Class A Depositary Receipts Evidencing Units of Limited Partnership,$61.01,-0.97,-1.565%,177209280.00,United States,,318,Real Estate,Building operators
NEO,NeoGenomics Inc. Common Stock,$7.96,-0.22,-2.689%,1033305200.00,United States,,3308944,Health Care,Precision Instruments
NEOG,Neogen Corporation Common Stock,$8.36,-0.34,-3.908%,1818517201.00,United States,1989,4695328,Health Care,Biotechnology: In Vitro & In Vivo Diagnostic Substances
NEON,Neonode Inc. Common Stock,$1.40,-0.04,-2.778%,23496091.00,Sweden,,135822,Technology,Industrial Machinery/Components
NEOV,NeoVolta Inc. Common Stock,$3.82,0.21,5.817%,162647666.00,United States,,858258,Miscellaneous,Industrial Machinery/Components
NEOVW,NeoVolta Inc. Warrant,$1.51,-0.36,-19.251%,64292664.00,United States,,10773,Miscellaneous,Industrial Machinery/Components
NEPH,Nephros Inc. Common Stock,$2.91,-0.04,-1.356%,30974820.00,United States,,83295,Health Care,Medical/Dental Instruments
NERV,Minerva Neurosciences Inc Common Stock,$7.54,-0.53,-6.568%,326288961.00,United States,2014,2259203,Health Care,Biotechnology: Pharmaceutical Preparations
NESR,National Energy Services Reunited Corp Ordinary Shares,$20.64,-0.42,-1.994%,2080247251.00,United States,,3017041,Energy,Oilfield Services/Equipment
NET,Cloudflare Inc. Class A Common Stock,$215.42,-5.94,-2.683%,75823595795.00,United States,2019,3926595,Technology,Computer Software: Prepackaged Software
NEU,NewMarket Corp Common Stock,$614.54,7.17,1.18%,5773882916.00,United States,,253068,Industrials,Major Chemicals
NEUP,Neuphoria Therapeutics Inc. Common Stock,$4.61,0.21,4.773%,24852026.00,United States,2021,187177,Health Care,Biotechnology: Pharmaceutical Preparations
NEWP,New Pacific Metals Corp. Common Shares,$3.37,-0.23,-6.389%,713722348.00,Canada,2021,1191733,Basic Materials,Precious Metals
NEWT,NewtekOne Inc. Common Stock,$11.23,-0.28,-2.433%,323777644.00,United States,,493144,Finance,Major Banks
NEWTG,NewtekOne Inc. 8.50% Fixed Rate Senior Notes due 2029,$25.02,0.012,0.048%,658572737.00,United States,,5770,Finance,Major Banks
NEWTH,NewtekOne Inc. 8.625% Fixed Rate Senior Notes due 2029,$24.675,-0.04,-0.162%,0.00,United States,,6841,Finance,Major Banks
NEWTI,NewtekOne Inc. 8.00% Fixed Rate Senior Notes due 2028,$25.2079,-0.0459,-0.182%,663518613.00,United States,,4102,Finance,Major Banks
NEWTO,NewtekOne Inc. 8.50% Fixed Rate Senior Notes due 2031,$25.25,-0.2345,-0.92%,0.00,United States,,100,,
NEWTP,NewtekOne Inc. Depositary Shares Non-Cumulative Perpetual Preferred Stock Series B,$23.76,-0.30,-1.247%,685036226.00,United States,,2717,Finance,Major Banks
NEXA,Nexa Resources S.A. Common Shares,$9.19,-0.37,-3.87%,1217110835.00,Luxembourg,2017,893545,Basic Materials,Metal Mining
NEXM,NexMetals Mining Corp. Common Shares,$2.34,-0.18,-7.143%,0.00,Canada,,95591,,
NEXN,Nexxen International Ltd. Ordinary Shares,$6.58,-0.05,-0.754%,431402369.00,Israel,2021,840438,Technology,Computer Software: Programming Data Processing
NEXT,NextDecade Corporation Common Stock,$7.33,0.05,0.687%,1941937376.00,United States,2015,15375035,Utilities,Oil & Gas Production
NFBK,Northfield Bancorp Inc. Common Stock (Delaware),$13.22,-0.10,-0.751%,552120040.00,United States,2007,736351,Finance,Savings Institutions
NFE,New Fortress Energy Inc. Class A Common Stock,$0.78,-0.1091,-12.271%,221951193.00,United States,2019,46045887,Utilities,Oil/Gas Transmission
NFG,National Fuel Gas Company Common Stock,$91.70,-1.77,-1.894%,8713922989.00,United States,,2547612,Utilities,Oil/Gas Transmission
NFGC,New Found Gold Corp Common Shares,$1.79,-0.02,-1.105%,438776838.00,,2021,4091866,Basic Materials,Precious Metals
NFJ,Virtus Dividend Interest & Premium Strategy Fund Common Shares of Beneficial Interest,$12.35,-0.07,-0.564%,0.00,United States,2005,191464,Finance,Finance: Consumer Services
NFLX,Netflix Inc. Common Stock,$91.82,0.08,0.087%,387678928613.00,United States,2002,61623289,Consumer Discretionary,Consumer Electronics/Video Chains
NG,Novagold Resources Inc.,$7.75,-0.15,-1.899%,3154207615.00,Canada,2003,10705447,Basic Materials,Precious Metals
NGEN,NervGen Pharma Corp. Common stock,$3.92,-0.05,-1.259%,285516297.00,Canada,,50211,,
NGG,National Grid Transco PLC National Grid PLC (NEW) American Depositary Shares,$81.99,-3.54,-4.139%,81359413024.00,United Kingdom,,3059800,Utilities,Natural Gas Distribution
NGL,NGL ENERGY PARTNERS LP Common Units representing Limited Partner Interests,$12.00,0.35,3.004%,1485771468.00,United States,2011,596271,Utilities,Natural Gas Distribution
NGL^B,NGL ENERGY PARTNERS LP 9.00% Class B Fixed-to-Floating Rate Cumulative Redeemable Perpetual Preferred Units representing limited partnership interests,$24.98,-0.07,-0.279%,,United States,,22960,,
NGL^C,NGL ENERGY PARTNERS LP 9.625% Class C Fixed-to-Floating Rate Cumulative  Redeemable Perpetual Preferred Units representing  limited partner interests,$25.43,-0.05,-0.196%,,United States,,1261,,
NGNE,Neurogene Inc. Common Stock ,$19.05,-0.14,-0.73%,295080690.00,Canada,2014,300292,Health Care,Biotechnology: Pharmaceutical Preparations
NGS,Natural Gas Services Group Inc. Common Stock,$39.06,-0.42,-1.064%,491672750.00,United States,2002,248753,Energy,Oilfield Services/Equipment
NGVC,Natural Grocers by Vitamin Cottage Inc. Common Stock,$25.32,-0.19,-0.745%,583197915.00,United States,2012,244948,Consumer Staples,Food Chains
NGVT,Ingevity Corporation Common Stock ,$63.62,-1.73,-2.647%,2240857868.00,United States,2016,1071407,Industrials,Major Chemicals
NHC,National HealthCare Corporation Common Stock,$158.81,1.08,0.685%,2468115282.00,United States,1986,474685,Health Care,Hospital/Nursing Management
NHI,National Health Investors Inc. Common Stock,$81.87,-2.94,-3.467%,3967355195.00,United States,,415790,Real Estate,Real Estate Investment Trusts
NHIC,NewHold Investment Corp III Class A Ordinary Shares,$10.38,-0.03,-0.288%,0.00,United States,2025,104,,
NHICW,NewHold Investment Corp III Warrants,$0.3601,-0.0099,-2.676%,0.00,United States,2025,2000,,
NHPAP,National Healthcare Properties Inc. 7.375% Series A Cumulative Redeemable Perpetual Preferred Stock,$19.00,0.025,0.132%,539831477.00,United States,,13095,Real Estate,Real Estate Investment Trusts
NHPBP,National Healthcare Properties Inc. 7.125% Series B Cumulative Redeemable Perpetual Preferred Stock,$18.57,-0.3721,-1.964%,527614238.00,United States,,13672,Real Estate,Real Estate Investment Trusts
NHS,Neuberger High Yield Strategies Fund Inc. Common Stock,$6.65,-0.05,-0.746%,0.00,United States,,373479,Finance,Trusts Except Educational Religious and Charitable
NHTC,Natural Health Trends Corp. Common Stock,$2.81,-0.08,-2.768%,24103753.00,United States,,38297,Consumer Discretionary,Consumer Specialties
NI,NiSource Inc Common Stock,$45.02,-1.67,-3.577%,21543563358.00,United States,,5941016,Utilities,Power Generation
NIC,Nicolet Bankshares Inc. Common Stock,$139.67,-1.83,-1.293%,2984308079.00,United States,2022,466830,Finance,Major Banks
NICE,NICE Ltd American Depositary Shares,$118.36,-1.035,-0.867%,7031007729.00,Israel,,550345,Technology,Computer Software: Prepackaged Software
NIE,Virtus Equity & Convertible Income Fund Common Shares of Beneficial Interest,$23.41,-0.44,-1.845%,648666871.00,United States,2007,54911,Finance,Investment Managers
NIM,Nuveen Select Maturities Municipal Fund Common Stock,$9.69,-0.0612,-0.628%,0.00,United States,1992,21216,Finance,Trusts Except Educational Religious and Charitable
NIO,NIO Inc. American depositary shares each  representing one Class A ordinary share,$5.43,-0.46,-7.81%,12195728947.00,United States,2018,52665686,Industrials,Auto Manufacturing
NIOBW,NioCorp Developments Ltd. Warrant,$1.535,-0.065,-4.063%,192367999.00,United States,,9096,Basic Materials,Metal Mining
NIPG,NIP Group Inc. American Depositary Shares,$0.7501,0.0291,4.036%,168290754.00,Sweden,2024,17414,Consumer Discretionary,Services-Misc. Amusement & Recreation
NIQ,NIQ Global Intelligence plc Ordinary Shares,$10.66,-0.31,-2.826%,3145845769.00,,2025,3151582,Technology,Computer Software: Programming Data Processing
NIU,Niu Technologies American Depositary Shares,$2.86,-0.07,-2.389%,222976960.00,China,2018,548310,Industrials,Auto Manufacturing
NIVF,NewGenIvf Group Limited Class A Ordinary Shares,$1.63,0.03,1.875%,10741338.00,Singapore,,68291,Health Care,Misc Health and Biotechnology Services
NIVFW,NewGenIvf Group Limited Warrants,$0.0197,0.0069,53.906%,11200.00,Singapore,,1000,Health Care,Misc Health and Biotechnology Services
NIXX,Nixxy Inc. Common Stock,$0.80,0.0062,0.781%,19900462.00,United States,,1691350,Technology,EDP Services
NJR,NewJersey Resources Corporation Common Stock,$52.86,-0.93,-1.729%,5330676479.00,United States,,2586488,Utilities,Oil/Gas Transmission
NKE,Nike Inc. Common Stock,$52.37,-1.07,-2.002%,77527678763.00,United States,,19499796,Consumer Discretionary,Shoe Manufacturing
NKLR,Terra Innovatum Global N.V. Ordinary shares,$5.11,0.80,18.561%,359237844.00,Italy,,5183953,Industrials,Metal Fabrications
NKSH,National Bankshares Inc. Common Stock,$35.73,-0.77,-2.11%,227457216.00,United States,,65659,Finance,Major Banks
NKTR,Nektar Therapeutics  Common Stock,$72.22,-2.62,-3.501%,2071844688.00,United States,,837602,Health Care,Biotechnology: Pharmaceutical Preparations
NKTX,Nkarta Inc. Common Stock,$2.14,-0.03,-1.382%,152003156.00,United States,2020,902818,Health Care,Biotechnology: Pharmaceutical Preparations
NKX,Nuveen California AMT-Free Quality Municipal Income Fund,$12.43,-0.20,-1.584%,0.00,United States,2002,229748,Finance,Finance/Investors Services
NL,NL Industries Inc. Common Stock,$5.52,-0.02,-0.361%,269722292.00,United States,,86952,Basic Materials,Major Chemicals
NLOP,Net Lease Office Properties Common Shares of Beneficial Interest,$13.86,-0.54,-3.75%,205323080.00,United States,2023,520208,Real Estate,Real Estate Investment Trusts
NLY,Annaly Capital Management Inc. Common Stock,$20.79,-1.14,-5.198%,14935265231.00,United States,,32999722,Real Estate,Real Estate Investment Trusts
NLY^F,Annaly Capital Management Inc 6.95% Series F,$25.29,-0.13,-0.511%,,United States,,99934,,
NLY^G,Annaly Capital Management Inc 6.50% Series G Fixed-to-Floating Rate Cumulative Redeemable Preferred Stock,$24.82,-0.04,-0.161%,,United States,,56260,,
NLY^I,Annaly Capital Management Inc 6.750% Series I Fixed-to-Floating Rate Cumulative Redeemable Preferred Stock,$25.00,-0.07,-0.279%,,United States,,236877,,
NLY^J,Annaly Capital Management Inc. 8.875% Series J Fixed-Rate Cumulative Redeemable Preferred Stock,$25.59,-0.13,-0.505%,,United States,,87494,,
NMAI,Nuveen Multi-Asset Income Fund Common Shares of Beneficial Interest,$12.20,-0.30,-2.40%,0.00,United States,2021,145906,Finance,Investment Managers
NMAX,Newsmax Inc. Class B Common Stock,$6.91,0.09,1.32%,892282212.00,United States,2025,618444,Industrials,Broadcasting
NMCO,Nuveen Municipal Credit Opportunities Fund Common Shares,$10.52,-0.16,-1.498%,576195906.00,,2019,187929,Finance,Finance/Investors Services
NMFC,New Mountain Finance Corporation Common Stock,$7.71,-0.18,-2.281%,777218693.00,United States,,2177505,Finance,Finance/Investors Services
NMFCZ,New Mountain Finance Corporation 8.250% Notes due 2028,$25.2799,0.0099,0.039%,2688794458.00,United States,,20094,,
NMG,Nouveau Monde Graphite Inc. Common Shares,$2.02,-0.16,-7.339%,307904974.00,Canada,,907683,Basic Materials,Other Metals and Minerals
NMI,Nuveen Municipal Income Fund Inc. Common Stock,$9.89,-0.06,-0.603%,0.00,United States,1988,27401,Finance,Trusts Except Educational Religious and Charitable
NMIH,NMI Holdings Inc. Common Stock,$36.78,-0.47,-1.262%,2796480021.00,United States,2013,1300952,Finance,Property-Casualty Insurers
NML,Neuberger Energy Infrastructure and Income Fund Inc. Common Stock,$10.26,-0.01,-0.097%,0.00,United States,2013,165780,Finance,Finance/Investors Services
NMM,Navios Maritime Partners LP Common Units Representing Limited Partner Interests,$64.62,-2.19,-3.278%,1884855998.00,Greece,2007,126063,Consumer Discretionary,Marine Transportation
NMP,NMP Acquisition Corp. Class A Ordinary Shares,$10.13,0.00,0.00%,0.00,United States,2025,3,Finance,Blank Checks
NMPAR,NMP Acquisition Corp. Right,$0.199,0.0199,11.111%,0.00,United States,2025,600,Finance,Blank Checks
NMPAU,NMP Acquisition Corp. Units,$10.20,-0.06,-0.585%,0.00,United States,2025,100,Finance,Blank Checks
NMR,Nomura Holdings Inc ADR American Depositary Shares,$7.54,-0.12,-1.567%,22289830676.00,Japan,,3009377,Finance,Investment Bankers/Brokers/Service
NMRA,Neumora Therapeutics Inc. Common Stock,$2.51,-0.06,-2.335%,419393676.00,United States,2023,623363,Health Care,Biotechnology: Biological Products (No Diagnostic Substances)
NMRK,Newmark Group Inc. Class A Common Stock,$14.26,-0.40,-2.729%,2630080376.00,United States,2017,2716520,Finance,Real Estate
NMS,Nuveen Minnesota Quality Municipal Income Fund ,$11.92,-0.005,-0.042%,0.00,United States,2014,30161,Finance,Finance Companies
NMT,Nuveen Massachusetts Quality Municipal Income Fund Common Stock,$11.95,-0.18,-1.484%,0.00,United States,,20137,Finance,Finance/Investors Services
NMTC,NeuroOne Medical Technologies Corporation Common Stock,$0.78,0.0548,7.557%,39410276.00,United States,,315657,Health Care,Medical/Dental Instruments
NMZ,Nuveen Municipal High Income Opportunity Fund Common Stock $0.01 par value per share,$10.24,-0.12,-1.158%,0.00,United States,2003,453008,Finance,Finance/Investors Services
NN,NextNav Inc. Common Stock,$17.95,-0.59,-3.182%,2433942187.00,United States,,2146285,Industrials,Industrial Machinery/Components
NNAVW,NextNav Inc. Warrant,$7.88,-0.40,-4.831%,1068493840.00,United States,,21683,Industrials,Industrial Machinery/Components
NNBR,NN Inc. Common Stock,$1.71,0.23,15.541%,85825112.00,United States,1994,4463426,Industrials,Industrial Machinery/Components
NNDM,Nano Dimension Ltd. American Depositary Shares,$1.59,-0.01,-0.625%,442842898.00,Israel,,1963786,Technology,Electrical Products
NNE,Nano Nuclear Energy Inc. Common Stock,$21.10,0.09,0.428%,1098955393.00,United States,2024,5291330,Utilities,Electric Utilities: Central
NNI,Nelnet Inc. Common Stock,$126.68,-1.01,-0.791%,4544639553.00,United States,2003,404190,Finance,Finance: Consumer Services
NNN,NNN REIT Inc. Common Stock,$42.46,-1.77,-4.002%,8064828665.00,United States,,2519743,Real Estate,Real Estate Investment Trusts
NNNN,Anbio Biotechnology Class A Ordinary Shares,$23.54,2.025,9.412%,3387198848.00,Germany,2025,26769,Health Care,Biotechnology: In Vitro & In Vivo Diagnostic Substances
NNOX,NANO-X IMAGING LTD Ordinary Shares,$2.41,-0.10,-3.984%,167712449.00,Israel,2020,1096582,Health Care,Medical Electronics
NNVC,NanoViricides Inc. Common Stock,$1.03,-0.02,-1.905%,22242850.00,United States,,222723,Health Care,Biotechnology: Pharmaceutical Preparations
NNY,Nuveen New York Municipal Value Fund Common Stock,$8.46,-0.11,-1.284%,0.00,United States,1988,29339,Finance,Investment Managers
NOA,North American Construction Group Ltd. Common Shares (no par),$13.60,-0.20,-1.449%,387836164.00,Canada,2006,246755,Energy,Oilfield Services/Equipment
NOAH,Noah Holdings Limited American Depositary Shares,$11.37,-0.07,-0.612%,762138741.00,China,2010,94997,Finance,Investment Managers
NOC,Northrop Grumman Corporation Common Stock,$706.95,-7.20,-1.008%,100331489966.00,United States,,1718023,Industrials,Industrial Machinery/Components
NODK,NI Holdings Inc. Common Stock,$13.13,0.11,0.845%,269657651.00,United States,2017,87956,Finance,Property-Casualty Insurers
NOEM,CO2 Energy Transition Corp. Common Stock,$10.37,0.00,0.00%,0.00,United States,2025,379,,
NOEMW,CO2 Energy Transition Corp. Warrant,$0.10,-0.0002,-0.20%,0.00,United States,2025,10835,,
NOG,Northern Oil and Gas Inc. Common Stock,$28.84,0.41,1.442%,2805978023.00,United States,2022,5296002,Energy,Oil & Gas Production
NOK,Nokia Corporation Sponsored American Depositary Shares,$7.98,-0.32,-3.855%,45823072774.00,Finland,1994,55035246,Technology,Radio And Television Broadcasting And Communications Equipment
NOM,Nuveen Missouri Quality Municipal Income Fund ,$10.70,-0.12,-1.109%,0.00,United States,1993,1216,Finance,Investment Managers
NOMA,NOMADAR Corp. Class A Common Stock,$4.07,0.14,3.562%,88889077.00,United States,,24880,Consumer Discretionary,Services-Misc. Amusement & Recreation
NOMD,Nomad Foods Limited Ordinary Shares,$9.75,-0.10,-1.015%,1385339397.00,United Kingdom,2016,1503530,Consumer Staples,Packaged Foods
NOTE,FiscalNote Holdings Inc. Class A common stock,$0.7862,-0.1369,-14.83%,12351119.00,United States,2022,777718,Real Estate,Real Estate
NOTV,Inotiv Inc. Common Stock,$0.2966,-0.0794,-21.117%,10201548.00,United States,,1245993,Health Care,Biotechnology: Commercial Physical & Biological Resarch
NOV,NOV Inc. Common Stock,$18.68,0.09,0.484%,6732356882.00,United States,,8141568,Consumer Discretionary,Oil and Gas Field Machinery
NOVT,Novanta Inc. Common Stock,$113.85,-4.73,-3.989%,4062597101.00,United States,,536815,Miscellaneous,Industrial Machinery/Components
NOVTU,Novanta Inc. Tangible Equity Units,$51.71,-2.27,-4.205%,1845207695.00,United States,,3719,Miscellaneous,Industrial Machinery/Components
NOW,ServiceNow Inc. Common Stock,$110.38,-2.89,-2.551%,115457480000.00,United States,2012,18839776,Technology,Computer Software: Prepackaged Software
NP,Neptune Insurance Holdings Inc. Class A Common Stock,$21.83,-0.34,-1.534%,3015891560.00,,2025,256221,Finance,Specialty Insurers
NPAC,New Providence Acquisition Corp. III Class A Ordinary Shares,$10.25,0.00,0.00%,0.00,United States,2025,36534,Finance,Blank Checks
NPACU,New Providence Acquisition Corp. III Units,$10.32,-0.02,-0.193%,0.00,United States,2025,13865,Finance,Blank Checks
NPACW,New Providence Acquisition Corp. III Warrants,$0.2302,-0.0398,-14.741%,0.00,United States,2025,115988,Finance,Blank Checks
NPB,Northpointe Bancshares Inc. Common Stock,$16.43,-0.31,-1.852%,564611347.00,United States,2025,214311,Finance,Major Banks
NPCE,Neuropace Inc. Common Stock,$13.00,-0.13,-0.99%,437670324.00,United States,2021,301919,Health Care,Medical/Dental Instruments
NPCT,Nuveen Core Plus Impact Fund Common Shares of Beneficial Interest,$10.00,-0.15,-1.478%,0.00,United States,2021,116026,Finance,Investment Managers
NPFD,Nuveen Variable Rate Preferred & Income Fund Common Shares,$18.83,-0.36,-1.876%,0.00,United States,2021,54248,Finance,Trusts Except Educational Religious and Charitable
NPK,National Presto Industries Inc. Common Stock,$129.65,-4.05,-3.029%,928858237.00,United States,,166711,Industrials,Ordnance And Accessories
NPKI,NPK International Inc. Common Stock,$13.56,-0.50,-3.556%,1146198785.00,United States,,1226473,Consumer Discretionary,Oil and Gas Field Machinery
NPO,Enpro Inc. Common Stock,$247.96,-2.75,-1.097%,5268654328.00,United States,,437397,Industrials,Metal Fabrications
NPT,Texxon Holding Limited Ordinary shares,$7.36,1.04,16.456%,163281600.00,China,2025,63659,Consumer Discretionary,Specialty Chemicals
NPV,Nuveen Virginia Quality Municipal Income Fund Common Stock,$11.39,-0.13,-1.128%,0.00,United States,1993,38789,Finance,Investment Managers
NPWR,NET Power Inc. Class A Common Stock,$1.67,-0.04,-2.339%,374774404.00,United States,2021,1365856,Energy,Industrial Machinery/Components
NQP,Nuveen Pennsylvania Quality Municipal Income Fund Common Stock,$11.76,-0.15,-1.259%,0.00,United States,1991,127032,Finance,Trusts Except Educational Religious and Charitable
NRC,National Research Corporation Common Stock (Delaware),$17.32,0.01,0.058%,393967596.00,United States,,148138,Health Care,Biotechnology: Commercial Physical & Biological Resarch
NRDS,NerdWallet Inc. Class A Common Stock,$9.97,-0.30,-2.921%,665854406.00,United States,2021,1794150,Technology,EDP Services
NRDY,Nerdy Inc. Class A Common Stock,$0.823,-0.014,-1.673%,155215154.00,United States,2020,1028412,Real Estate,Other Consumer Services
NREF,NexPoint Real Estate Finance Inc. Common Stock,$12.97,-0.07,-0.537%,229852109.00,United States,2020,221298,Real Estate,Real Estate Investment Trusts
NREF^A,NexPoint Real Estate Finance Inc. 8.50% Series A Cumulative Redeemable Preferred Stock,$23.9619,0.0119,0.05%,,United States,,1156,,
NRG,NRG Energy Inc. Common Stock,$145.80,-15.60,-9.665%,31231157380.00,United States,,4160952,Utilities,Electric Utilities: Central
NRGV,Energy Vault Holdings Inc. Common Stock,$3.34,-0.38,-10.215%,577736657.00,United States,2021,6680424,Miscellaneous,Industrial Machinery/Components
NRIM,Northrim BanCorp Inc Common Stock,$22.23,-0.44,-1.941%,491904773.00,United States,,413160,Finance,Savings Institutions
NRIX,Nurix Therapeutics Inc. Common stock,$14.43,-0.49,-3.284%,1484024663.00,United States,2020,5442584,Health Care,Biotechnology: Pharmaceutical Preparations
NRK,Nuveen New York AMT-Free Quality Municipal Income Fund ,$10.18,-0.15,-1.452%,0.00,United States,2002,311836,Finance,Trusts Except Educational Religious and Charitable
NRO,Neuberger Real Estate Securities Income Fund Inc. Common Stock,$2.79,-0.105,-3.627%,0.00,United States,2003,402373,Finance,Finance/Investors Services
NRP,Natural Resource Partners LP Limited Partnership,$122.69,-0.11,-0.09%,1625693048.00,United States,2002,49068,Energy,Coal Mining
NRSN,NeuroSense Therapeutics Ltd. Ordinary Shares,$0.753,-0.0357,-4.526%,24933968.00,Israel,2021,111009,Health Care,Biotechnology: Pharmaceutical Preparations
NRSNW,NeuroSense Therapeutics Ltd. Warrant,$0.19,0.00,0.00%,6291439.00,Israel,2021,70,Health Care,Biotechnology: Pharmaceutical Preparations
NRT,North European Oil Royality Trust Common Stock,$9.58,-0.18,-1.844%,88045852.00,United States,,56198,Energy,Oil & Gas Production
NRUC,National Rural Utilities Cooperative Finance Corporation 5.500% Subordinated Notes due 2064 (Subordinated Deferrable Interest Notes),$22.88,-0.25,-1.081%,0.00,United States,2019,12835,Finance,Diversified Financial Services
NRXP,NRX Pharmaceuticals Inc. Common Stock,$1.85,0.01,0.543%,58963829.00,United States,2017,804600,Health Care,Biotechnology: Pharmaceutical Preparations
NRXPW,NRX Pharmaceuticals Inc. Warrant,$0.0199,-0.005,-20.08%,634260.00,United States,2017,772,Health Care,Biotechnology: Pharmaceutical Preparations
NRXS,Neuraxis Inc. Common Stock,$7.62,0.46,6.425%,81174427.00,,2023,609403,Health Care,Biotechnology: Electromedical & Electrotherapeutic Apparatus
NSA,National Storage Affiliates Trust Common Shares of Beneficial Interest,$37.12,-1.72,-4.428%,2862415072.00,United States,2015,2511231,Real Estate,Real Estate Investment Trusts
NSA^A,National Storage Affiliates Trust 6.000% Series A Cumulative Redeemable Preferred Shares of Beneficial Interest (Liquidation Preference $25.00 per share),$22.39,-0.07,-0.312%,,United States,,14463,,
NSA^B,National Storage Affiliates Trust 6.000% Series B Cumulative Redeemable Preferred Shares of Beneficial Interest,$23.00,0.00,0.00%,,United States,,240,,
NSC,Norfolk Southern Corporation Common Stock,$281.09,2.90,1.042%,63124950507.00,United States,,1643131,Industrials,Railroads
NSIT,Insight Enterprises Inc. Common Stock,$70.71,-2.92,-3.966%,2191762656.00,United States,1995,808508,Consumer Discretionary,Catalog/Specialty Distribution
NSP,Insperity Inc. Common Stock,$24.47,1.75,7.702%,923214511.00,United States,,3587298,Consumer Discretionary,Professional Services
NSPR,InspireMD Inc. Common Stock,$1.81,0.10,5.848%,84710825.00,Israel,,119247,Health Care,Medical/Dental Instruments
NSRX,Nasus Pharma Ltd. Ordinary Shares,$2.67,0.19,7.661%,31267857.00,,2025,49946,Health Care,Biotechnology: Pharmaceutical Preparations
NSSC,NAPCO Security Technologies Inc. Common Stock,$40.65,-1.67,-3.946%,1449754771.00,United States,,1048859,Telecommunications,Telecommunications Equipment
NSTS,NSTS Bancorp Inc. Common Stock,$11.90,-0.10,-0.833%,62344552.00,United States,2022,7404,Finance,Savings Institutions
NSYS,Nortech Systems Incorporated Common Stock,$9.90,0.06,0.61%,27582727.00,United States,,3852,Technology,Industrial Machinery/Components
NTAP,NetApp Inc. Common Stock,$101.11,-1.98,-1.921%,19952076744.00,United States,1995,7694183,Technology,Electronic Components
NTB,Bank of N.T. Butterfield & Son Limited (The) Voting Ordinary Shares,$50.80,-0.13,-0.255%,2032000000.00,Bermuda,2016,333854,Finance,Commercial Banks
NTCL,NETCLASS TECHNOLOGY INC Class A Ordinary Shares,$0.3239,0.0068,2.144%,7123219.00,China,2024,96582,Technology,Computer Software: Prepackaged Software
NTCT,NetScout Systems Inc. Common Stock,$30.05,-0.58,-1.894%,2170221518.00,United States,1999,2984794,Technology,EDP Services
NTES,NetEase Inc. American Depositary Shares,$113.78,-2.55,-2.192%,72045300754.00,China,,926114,Technology,Computer Software: Prepackaged Software
NTGR,NETGEAR Inc. Common Stock,$20.84,-0.51,-2.389%,585878067.00,United States,2003,642052,Utilities,Telecommunications Equipment
NTHI,NeOnc Technologies Holdings Inc. Common Stock,$7.31,-0.69,-8.625%,176663752.00,United States,,56795,Health Care,Biotechnology: Pharmaceutical Preparations
NTIC,Northern Technologies International Corporation Common Stock,$8.46,-0.05,-0.588%,80302328.00,United States,,11952,Industrials,Industrial Specialties
NTIP,Network-1 Technologies Inc. Common Stock,$1.43,-0.09,-5.921%,32594430.00,United States,,138232,Miscellaneous,Multi-Sector Companies
NTLA,Intellia Therapeutics Inc. Common Stock,$12.84,-0.31,-2.357%,1516834731.00,United States,2016,5215694,Health Care,Biotechnology: In Vitro & In Vivo Diagnostic Substances
NTNX,Nutanix Inc. Class A Common Stock,$39.48,-1.55,-3.778%,10470573590.00,United States,2016,6002551,Technology,Computer Software: Prepackaged Software
NTR,Nutrien Ltd. Common Shares,$74.73,-1.32,-1.736%,36120039526.00,Canada,2018,4289490,Industrials,Agricultural Chemicals
NTRA,Natera Inc. Common Stock,$195.28,-7.45,-3.675%,27677278500.00,United States,2015,2362668,Health Care,Medical Specialities
NTRB,Nutriband Inc. Common Stock,$3.69,-0.26,-6.582%,44925318.00,United States,,45529,Health Care,Industrial Specialties
NTRBW,Nutriband Inc. Warrant,$1.565,0.265,20.385%,19053692.00,United States,,133,Health Care,Industrial Specialties
NTRP,NextTrip Inc. Common Stock,$2.54,0.14,5.833%,34713690.00,United States,,269252,Consumer Discretionary,Miscellaneous manufacturing industries
NTRS,Northern Trust Corporation Common Stock,$135.74,-0.04,-0.029%,25155461817.00,United States,,2121578,Finance,Major Banks
NTRSO,Northern Trust Corporation Depositary Shares Each Representing a 1/1000th Interest in a Share of Series E Non-Cumulative Perpetual Preferred Stock,$18.89,-0.24,-1.255%,3500712198.00,United States,,43525,Finance,Major Banks
NTSK,Netskope Inc. Class A Common Stock,$9.53,0.04,0.421%,3747756945.00,United States,2025,10014648,Technology,Computer Software: Prepackaged Software
NTST,NetSTREIT Corp. Common Stock,$18.94,-0.77,-3.907%,1838579136.00,United States,2020,2775633,Real Estate,Real Estate Investment Trusts
NTWK,NetSol Technologies Inc. Common  Stock,$3.52,0.00,0.00%,41594147.00,United States,,63200,Technology,Computer Software: Prepackaged Software
NTZ,Natuzzi S.p.A.,$2.68,-0.38,-12.418%,29519152.00,Italy,1993,3887,Consumer Discretionary,Home Furnishings
NU,Nu Holdings Ltd. Class A Ordinary Shares,$13.94,-0.22,-1.554%,67172101442.00,Cayman Islands,2021,59553952,Finance,Finance: Consumer Services
NUAI,New Era Energy & Digital Inc. Common Stock,$4.955,0.045,0.916%,280330052.00,United States,,3088740,Energy,Oil & Gas Production
NUAIW,New Era Energy & Digital Inc. Warrants,$1.99,-0.05,-2.451%,112584622.00,United States,,27250,Energy,Oil & Gas Production
NUCL,Eagle Nuclear Energy Corp. Common stock,$5.78,0.60,11.583%,170972591.00,United States,,261483,Basic Materials,Other Metals and Minerals
NUCLW,Eagle Nuclear Energy Corp. Warrants,$1.36,0.06,4.615%,40228845.00,United States,,15826,Basic Materials,Other Metals and Minerals
NUE,Nucor Corporation Common Stock,$158.58,-3.37,-2.081%,36120498447.00,United States,,2710866,Industrials,Steel/Iron Ore
NUS,Nu Skin Enterprises Inc. Common Stock,$7.12,-0.02,-0.28%,342662994.00,United States,1996,1653370,Health Care,Other Pharmaceuticals
NUTX,Nutex Health Inc. Common Stock,$88.99,-5.67,-5.99%,620113467.00,United States,,549941,Real Estate,Real Estate
NUV,Nuveen Municipal Value Fund Inc. Common Stock,$9.04,-0.14,-1.525%,0.00,United States,1987,928204,Finance,Trusts Except Educational Religious and Charitable
NUVB,Nuvation Bio Inc. Class A Common Stock,$4.22,-0.04,-0.939%,1466860560.00,United States,2020,7275407,Health Care,Biotechnology: Pharmaceutical Preparations
NUVL,Nuvalent Inc. Class A Common Stock,$94.77,-2.29,-2.359%,7450533185.00,United States,2021,951776,Health Care,Biotechnology: Pharmaceutical Preparations
NUW,Nuveen AMT-Free Municipal Value Fund,$14.23,-0.14,-0.974%,0.00,United States,2009,42842,Finance,Investment Managers
NUWE,Nuwellis Inc. Common Stock,$1.03,0.02,1.98%,2379791.00,United States,,148101,Health Care,Biotechnology: Electromedical & Electrotherapeutic Apparatus
NVA,Nova Minerals Limited American Depositary Shares,$5.00,-0.44,-8.088%,187928420.00,Australia,2024,815659,Basic Materials,Precious Metals
NVAWW,Nova Minerals Limited Warrant,$27.9999,-0.6101,-2.132%,12628744581.00,Australia,2024,113,Basic Materials,Precious Metals
NVAX,Novavax Inc. Common Stock,$9.62,-0.12,-1.232%,1567443791.00,United States,,5680924,Health Care,Biotechnology: Biological Products (No Diagnostic Substances)
NVCR,NovoCure Limited Ordinary Shares,$11.81,-0.34,-2.798%,1343911817.00,Jersey,2015,1653031,Health Care,Medical/Dental Instruments
NVCT,Nuvectis Pharma Inc. Common Stock,$8.23,0.15,1.856%,218026707.00,United States,2022,113027,Health Care,Biotechnology: Pharmaceutical Preparations
NVDA,NVIDIA Corporation Common Stock,$172.70,-5.86,-3.282%,4196610000000.00,United States,1999,239949982,Technology,Semiconductors
NVEC,NVE Corporation Common Stock,$66.24,-0.16,-0.241%,320413876.00,United States,,62012,Technology,Semiconductors
NVG,Nuveen AMT-Free Municipal Credit Income Fund ,$12.37,-0.31,-2.445%,0.00,United States,2002,851660,Finance,Investment Managers
NVGS,Navigator Holdings Ltd. Ordinary Shares (Marshall Islands),$18.18,-0.99,-5.164%,1186253072.00,Marshall Islands,2013,3529085,Consumer Discretionary,Marine Transportation
NVMI,Nova Ltd. Ordinary Shares,$465.30,-6.78,-1.436%,14788616872.00,Israel,2000,551410,Technology,Electronic Components
NVNI,Nvni Group Limited Ordinary Shares,$1.24,-0.01,-0.80%,34407624.00,Cayman Islands,,32621,Technology,Computer Software: Prepackaged Software
NVNIW,Nvni Group Limited Warrants,$0.0348,0.00,0.00%,965633.00,Cayman Islands,,3362,Technology,Computer Software: Prepackaged Software
NVNO,enVVeno Medical Corporation Common Stock,$11.56,-0.74,-6.016%,7578805.00,United States,2018,18557,Health Care,Medical/Dental Instruments
NVO,Novo Nordisk A/S Common Stock,$36.53,-0.55,-1.483%,163106450000.00,Denmark,,26299785,Health Care,Biotechnology: Pharmaceutical Preparations
NVR,NVR Inc. Common Stock,$6369.38,-48.52,-0.756%,17694895596.00,United States,1998,46303,Consumer Discretionary,Homebuilding
NVRI,Enviri Corporation Common Stock,$18.08,-0.15,-0.823%,1472606924.00,United States,,3379052,Miscellaneous,Diversified Commercial Services
NVS,Novartis AG Common Stock,$146.03,-2.16,-1.458%,278647389684.00,Switzerland,,2019846,Health Care,Biotechnology: Pharmaceutical Preparations
NVST,Envista Holdings Corporation Common Stock,$24.89,-0.37,-1.465%,4078858631.00,United States,2019,2318121,Health Care,Medical/Dental Instruments
NVT,nVent Electric plc Ordinary Shares ,$116.30,-6.28,-5.123%,18809137594.00,United Kingdom,2018,4206875,Industrials,Industrial Machinery/Components
NVTS,Navitas Semiconductor Corporation Common Stock,$8.75,-0.42,-4.58%,2019436694.00,United States,,20376844,Technology,Semiconductors
NVVE,Nuvve Holding Corp. Common Stock,$0.801,0.0081,1.022%,1179904.00,United States,2020,132082,Industrials,Electrical Products
NVX,NOVONIX Limited American Depository Shares,$0.6733,0.0184,2.81%,141405422.00,Australia,,545736,Miscellaneous,Industrial Machinery/Components
NWAX,New America Acquisition I Corp. Class A Common Stock,$10.05,0.01,0.10%,0.00,,2026,27974,Finance,Blank Checks
NWBI,Northwest Bancshares Inc. Common Stock,$12.21,-0.01,-0.082%,1784362941.00,United States,2009,8825061,Finance,Major Banks
NWE,NorthWestern Energy Group Inc. Common Stock,$63.80,-3.06,-4.577%,3923640411.00,United States,,1574219,Utilities,Power Generation
NWFL,Norwood Financial Corp. Common Stock,$28.90,0.25,0.873%,314709527.00,United States,,81854,Finance,Major Banks
NWG,NatWest Group plc American Depositary Shares (each representing two (2) Ordinary Shares),$13.89,-1.19,-7.891%,55643714322.00,United Kingdom,2022,7672086,Finance,Commercial Banks
NWGL,CL Workshop Group Limited American Depositary Shares,$0.7478,-0.3322,-30.759%,12378457.00,China,2023,154518,Energy,
NWL,Newell Brands Inc. Common Stock,$3.36,-0.18,-5.085%,1408512000.00,United States,,21875813,Industrials,Plastic Products
NWN,Northwest Natural Holding Company Common Stock,$51.42,-1.64,-3.091%,2137212961.00,United States,,1312167,Utilities,Oil/Gas Transmission
NWPX,NWPX Infrastructure Inc. Common Stock,$70.74,-0.815,-1.139%,677280677.00,United States,1995,485416,Industrials,Steel/Iron Ore
NWS,News Corporation Class B Common Stock,$27.39,0.15,0.551%,15211805063.00,United States,,3183379,Consumer Discretionary,Newspapers/Magazines
NWSA,News Corporation Class A Common Stock,$24.05,0.12,0.501%,13356842343.00,United States,,5989926,Consumer Discretionary,Newspapers/Magazines
NWTG,Newton Golf Company Inc. Common Stock,$1.54,-0.01,-0.645%,7318793.00,United States,2023,55057,Consumer Discretionary,Recreational Games/Products/Toys
NX,Quanex Building Products Corporation Common Stock,$16.32,-0.14,-0.851%,749639844.00,United States,,989543,Industrials,Metal Fabrications
NXDR,Nextdoor Holdings Inc. Class A Common Stock,$1.43,-0.03,-2.055%,554447325.00,United States,,4242980,Technology,Computer Software: Programming Data Processing
NXDT,NexPoint Diversified Real Estate Trust Common Stock,$4.00,-0.35,-8.046%,196081636.00,United States,,338234,Real Estate,Real Estate Investment Trusts
NXDT^A,NexPoint Diversified Real Estate Trust 5.50% Series A Cumulative Preferred Shares ($25.00 liquidation preference per share),$13.54,-0.06,-0.441%,,United States,,4004,,
NXE,Nexgen Energy Ltd. Common Shares,$11.26,-0.13,-1.141%,7443643313.00,Canada,2017,34829799,Basic Materials,Other Metals and Minerals
NXG,NXG NextGen Infrastructure Income Fund Common Shares of Beneficial Interest,$55.35,-1.07,-1.896%,144004870.00,,2012,29926,,
NXGL,NexGel Inc Common Stock,$0.6851,-0.0935,-12.009%,5578860.00,United States,2021,337677,Health Care,Medical/Dental Instruments
NXGLW,NexGel Inc Warrant,$0.0589,-0.0001,-0.169%,479631.00,United States,2021,9614,Health Care,Medical/Dental Instruments
NXJ,Nuveen New Jersey Qualified Municipal Fund ,$12.17,-0.13,-1.057%,0.00,United States,2001,102738,Finance,Finance/Investors Services
NXL,Nexalin Technology Inc. Common Stock,$0.43,0.0348,8.806%,8020334.00,United States,2022,116552,Health Care,Biotechnology: Electromedical & Electrotherapeutic Apparatus
NXP,Nuveen Select Tax Free Income Portfolio Common Stock,$14.26,-0.20,-1.383%,667355351.00,United States,1992,157979,Finance,Trusts Except Educational Religious and Charitable
NXPI,NXP Semiconductors N.V. Common Stock,$191.37,-0.98,-0.509%,48357829748.00,Netherlands,2010,4211814,Technology,Semiconductors
NXPL,NextPlat Corp Common Stock,$0.49,0.0349,7.669%,13218345.00,United States,,513656,Telecommunications,Telecommunications Equipment
NXPLW,NextPlat Corp Warrants,$0.0473,-0.0002,-0.421%,1275975.00,United States,,1466,Telecommunications,Telecommunications Equipment
NXRT,NexPoint Residential Trust Inc. Common Stock,$24.63,0.03,0.122%,625879137.00,United States,2015,799827,Real Estate,Real Estate Investment Trusts
NXST,Nexstar Media Group Inc. Common Stock,$226.81,3.76,1.686%,6878693000.00,United States,2003,1682720,Industrials,Broadcasting
NXT,Nextpower Inc. Class A Common Stock,$114.39,-4.35,-3.663%,16984151681.00,United States,2023,3572976,Industrials,Industrial Machinery/Components
NXTC,NextCure Inc. Common Stock,$9.99,-0.09,-0.893%,35568496.00,United States,2019,23895,Health Care,Biotechnology: Pharmaceutical Preparations
NXTS,Nexentis Technologies Inc. Common Stock,$0.7104,-0.0206,-2.818%,3631112.00,Israel,,28688,Industrials,Agricultural Chemicals
NXTT,Next Technology Holding Inc. Ordinary Shares,$2.00,0.14,7.527%,9765112.00,China,,719609,Technology,EDP Services
NXXT,NextNRG Inc. Common Stock,$0.4475,0.0114,2.614%,58654864.00,United States,2021,8003383,Consumer Discretionary,Retail-Auto Dealers and Gas Stations
NYAX,Nayax Ltd. Ordinary Shares,$60.36,-0.17,-0.281%,2255001010.00,Israel,,27383,Technology,Computer Software: Prepackaged Software
NYC,American Strategic Investment Co. Class A Common Stock,$8.92,0.525,6.254%,23842652.00,,2020,4844,Real Estate,Real Estate Investment Trusts
NYT,New York Times Company (The) Common Stock,$80.97,-0.31,-0.381%,13110415603.00,United States,,5097285,Consumer Discretionary,Newspapers/Magazines
NYXH,Nyxoah SA Ordinary Shares,$3.08,-0.01,-0.324%,115275976.00,Belgium,2021,160802,Health Care,Medical/Dental Instruments
NZF,Nuveen Municipal Credit Income Fund ,$12.26,-0.26,-2.077%,0.00,United States,2007,978985,Finance,Finance Companies
O,Realty Income Corporation Common Stock,$60.95,-1.69,-2.698%,56832231287.00,United States,,10252260,Real Estate,Real Estate Investment Trusts
OABI,OmniAb Inc. Common Stock,$1.75,-0.09,-4.891%,253369632.00,United States,2021,953620,Health Care,Biotechnology: Commercial Physical & Biological Resarch
OACC,Oaktree Acquisition Corp. III Life Sciences Class A Ordinary Share,$10.70,0.00,0.00%,0.00,United States,2024,1,Finance,Blank Checks
OACCU,Oaktree Acquisition Corp. III Life Sciences Unit,$10.68,0.00,0.00%,0.00,United States,2024,51,Finance,Blank Checks
OAK^A,Brookfield Oaktree Holdings LLC 6.625% Series A Preferred Units,$21.06,-0.74,-3.394%,,United States,,13101,,
OAK^B,Brookfield Oaktree Holdings LLC 6.550% Series B Preferred Units,$20.95,-0.67,-3.099%,,United States,,7086,,
OAKUW,Oak Woods Acquisition Corporation Warrant,$0.0161,-0.0031,-16.146%,0.00,Canada,2023,1056,Finance,Blank Checks
OBA,Oxley Bridge Acquisition Limited Class A Ordinary Shares,$10.12,-0.01,-0.099%,0.00,Hong Kong,2025,21632,Finance,Blank Checks
OBAI,Our Bond Inc. Common Stock,$1.43,-0.08,-5.298%,19871143.00,United States,,263752,Consumer Discretionary,Telecommunications Equipment
OBDC,Blue Owl Capital Corporation Common Stock,$11.15,-0.29,-2.535%,5568850764.00,United States,2019,6659866,Finance,Diversified Financial Services
OBE,Obsidian Energy Ltd. Common Shares,$8.73,-0.01,-0.114%,587589682.00,Canada,2022,1106160,Energy,Oil & Gas Production
OBIO,Orchestra BioMed Holdings Inc. Ordinary Shares,$4.64,0.00,0.00%,271536981.00,United States,2020,474950,Health Care, Medicinal Chemicals and Botanical Products 
OBK,Origin Bancorp Inc. Common Stock,$40.15,-0.39,-0.962%,1243899115.00,United States,,333178,Finance,Major Banks
OBT,Orange County Bancorp Inc. Common Stock,$30.94,-0.21,-0.674%,413619750.00,United States,,69658,Finance,Major Banks
OBTC,Osprey Bitcoin Trust Common Units of Beneficial Interest,$22.5922,-0.0306,-0.135%,66433155.00,United States,,2645,Finance,Investment Bankers/Brokers/Service
OC,Owens Corning Inc Common Stock New,$99.96,-3.38,-3.271%,8035101173.00,United States,,2703100,Industrials,Industrial Machinery/Components
OCC,Optical Cable Corporation Common Stock,$7.00,-0.81,-10.371%,61821186.00,United States,,111835,Industrials,Telecommunications Equipment
OCCI,OFS Credit Company Inc. Common Stock,$2.89,-0.08,-2.694%,33571714.00,United States,2018,218505,Finance,Trusts Except Educational Religious and Charitable
OCCIM,OFS Credit Company Inc. 7.875% Series F Term Preferred Stock,$24.65,-0.11,-0.444%,0.00,United States,,1603,,
OCCIN,OFS Credit Company Inc. 5.25% Series E Term Preferred Stock Due 2026,$24.5399,-0.1901,-0.769%,285067994.00,United States,,1714,Finance,Trusts Except Educational Religious and Charitable
OCCIO,OFS Credit Company Inc. 6.125% Series C Term Preferred Stock,$24.9401,-0.0299,-0.12%,289716921.00,United States,,603,Finance,Trusts Except Educational Religious and Charitable
OCFC,OceanFirst Financial Corp. Common Stock,$17.49,-0.31,-1.742%,1003961260.00,United States,,1840722,Finance,Major Banks
OCG,Oriental Culture Holding LTD Ordinary Shares,$0.725,0.0137,1.926%,1260187.00,China,2020,173913,Consumer Discretionary,Other Consumer Services
OCGN,Ocugen Inc. Common Stock,$2.04,-0.20,-8.929%,668910484.00,United States,2014,24960328,Health Care,Biotechnology: Biological Products (No Diagnostic Substances)
OCS,Oculis Holding AG Ordinary shares,$24.86,-0.51,-2.01%,1441493129.00,Switzerland,,282008,Health Care,Biotechnology: Pharmaceutical Preparations
OCSAW,Oculis Holding AG Warrants,$13.50,-0.50,-3.571%,782789913.00,Switzerland,,391,Health Care,Biotechnology: Pharmaceutical Preparations
OCSL,Oaktree Specialty Lending Corporation Common Stock,$11.07,-0.18,-1.60%,975106740.00,United States,,1182598,Finance,Finance: Consumer Services
OCUL,Ocular Therapeutix Inc. Common Stock,$8.18,-0.09,-1.088%,1780718752.00,United States,2014,4157741,Health Care,Biotechnology: Pharmaceutical Preparations
ODC,Oil-Dri Corporation Of America Common Stock,$59.85,-0.61,-1.009%,866628419.00,United States,,84124,Consumer Discretionary,Miscellaneous manufacturing industries
ODD,ODDITY Tech Ltd. Class A Ordinary Shares,$13.37,-0.68,-4.84%,757499878.00,Israel,2023,1330147,Consumer Discretionary,Package Goods/Cosmetics
ODFL,Old Dominion Freight Line Inc. Common Stock,$183.92,1.56,0.855%,38333639846.00,United States,1991,3749808,Industrials,Trucking Freight/Courier Services
ODV,Osisko Development Corp. Common Shares,$2.83,-0.22,-7.213%,836680113.00,Canada,2022,9439767,Basic Materials,Precious Metals
ODVWZ,Osisko Development Corp. Warrant expiring 5/27/2027,$0.1953,-0.0196,-9.121%,57739797.00,Canada,,5144,Basic Materials,Precious Metals
ODYS,Odysight.ai Inc. Common Stock,$7.07,0.6768,10.586%,115646302.00,Israel,,48686,Technology,Electronic Components
OEC,Orion S.A. Common Shares,$4.92,-0.28,-5.385%,276866609.00,Luxembourg,2014,926841,Industrials,Major Chemicals
OESX,Orion Energy Systems Inc. Common Stock,$9.36,0.09,0.971%,37934798.00,United States,2015,38244,Consumer Discretionary,Building Products
OFAL,OFA Group Class A Ordinary Shares,$0.385,-0.0158,-3.942%,5581399.00,Hong Kong,2025,25734,Consumer Discretionary,Military/Government/Technical
OFG,OFG Bancorp Common Stock,$38.74,0.00,0.00%,1675782650.00,Puerto Rico,,1938580,Finance,Major Banks
OFIX,Orthofix Medical Inc. Common Stock (DE),$11.65,-0.05,-0.427%,467682225.00,Curacao,1992,438130,Health Care,Medical/Dental Instruments
OFLX,Omega Flex Inc. Common Stock,$28.60,-0.73,-2.489%,288697609.00,United States,,34199,Industrials,Industrial Specialties
OFRM,Once Upon a Farm PBC Common Stock,$17.10,-0.26,-1.498%,716171803.00,,2026,1186090,Consumer Staples,Packaged Foods
OFS,OFS Capital Corporation Common Stock,$2.80,-0.16,-5.405%,37514618.00,United States,,346889,Finance,Finance/Investors Services
OFSSH,OFS Capital Corporation 4.95% Notes due 2028,$23.65,0.00,0.00%,316864545.00,United States,,23,Finance,Finance Companies
OFSSO,OFS Capital Corporation 7.50% Notes due 2028,$25.82,0.32,1.255%,0.00,United States,,1625,,
OGE,OGE Energy Corp Common Stock,$46.14,-1.23,-2.597%,9516791275.00,United States,,5020140,Utilities,Electric Utilities: Central
OGEN,Oragenics Inc. Common Stock,$0.746,-0.0062,-0.824%,3234678.00,United States,,134262,Health Care,Biotechnology: Pharmaceutical Preparations
OGI,Organigram Global Inc. Common Shares,$1.36,-0.02,-1.449%,185418784.00,Canada,,542801,Health Care,Biotechnology: Pharmaceutical Preparations
OGN,Organon & Co. Common Stock ,$6.03,-0.24,-3.828%,1569703370.00,United States,2021,6335943,Health Care,Biotechnology: Pharmaceutical Preparations
OGS,ONE Gas Inc. Common Stock,$83.87,-2.28,-2.647%,5258026181.00,United States,2014,1281351,Utilities,Oil/Gas Transmission
OHI,Omega Healthcare Investors Inc. Common Stock,$44.79,-2.02,-4.315%,13238580300.00,United States,1992,3678191,Real Estate,Real Estate Investment Trusts
OI,O-I Glass Inc. Common Stock,$9.86,-0.49,-4.734%,1502285465.00,United States,,5329208,Consumer Discretionary,Containers/Packaging
OIA,Invesco Municipal Income Opportunities Trust Common Stock,$5.97,-0.10,-1.647%,284205366.00,United States,,97744,Finance,Finance Companies
OII,Oceaneering International Inc. Common Stock,$34.96,-0.11,-0.314%,3474805255.00,United States,,2211210,Energy,Oilfield Services/Equipment
OIM,OneIM Acquisition Corp. Class A Ordinary Shares,$10.01,0.00,0.00%,0.00,United States,2026,4983,,
OIMAU,OneIM Acquisition Corp. Units,$10.12,-0.06,-0.589%,0.00,United States,2026,289,Finance,Blank Checks
OIMAW,OneIM Acquisition Corp. Warrant,$0.649,0.099,18.00%,0.00,United States,2026,114,,
OIO,OIO Group Ordinary Shares,$3.18,-0.25,-7.289%,132975643.00,Singapore,,31796,Utilities,Environmental Services
OIS,Oil States International Inc. Common Stock,$12.16,-0.08,-0.654%,732108669.00,United States,2001,1782130,Consumer Discretionary,Oil and Gas Field Machinery
OKE,ONEOK Inc. Common Stock,$89.21,0.82,0.928%,56182997989.00,United States,,19365867,Utilities,Oil & Gas Production
OKLO,Oklo Inc. Class A common stock,$53.97,-0.72,-1.317%,9367507488.00,United States,2021,12499954,Utilities,Electric Utilities: Central
OKTA,Okta Inc. Class A Common Stock,$78.41,-2.35,-2.91%,13869782748.00,United States,2017,6640531,Technology,Computer Software: Prepackaged Software
OKUR,OnKure Therapeutics Inc. Class A Common Stock,$4.19,-0.19,-4.338%,57292237.00,United States,2021,388803,Health Care,Biotechnology: Pharmaceutical Preparations
OKYO,OKYO Pharma Limited Ordinary Shares,$1.57,-0.05,-3.086%,53128800.00,Guernsey,2022,80822,Health Care,Biotechnology: Biological Products (No Diagnostic Substances)
OLB,The OLB Group Inc. Common Stock,$0.56,-0.02,-3.448%,7523272.00,United States,,318874,Real Estate,Real Estate
OLED,Universal Display Corporation Common Stock,$94.72,-0.66,-0.692%,4461149460.00,United States,,1869131,Technology,Electrical Products
OLLI,Ollie's Bargain Outlet Holdings Inc. Common Stock,$98.96,-2.78,-2.732%,6069469049.00,United States,2015,1744860,Consumer Discretionary,Department/Specialty Retail Stores
OLMA,Olema Pharmaceuticals Inc. Common Stock,$14.08,-0.88,-5.882%,1227170011.00,United States,2020,8305026,Health Care,Biotechnology: Pharmaceutical Preparations
OLN,Olin Corporation Common Stock,$23.77,-1.83,-7.148%,2701146712.00,United States,,3909070,Industrials,Major Chemicals
OLOX,Olenox Industries Inc. Common Stock,$1.05,-0.15,-12.50%,6490849.00,United States,2017,508998,Consumer Discretionary,RETAIL: Building Materials
OLP,One Liberty Properties Inc. Common Stock,$22.27,-0.30,-1.329%,485778338.00,United States,1986,133169,Real Estate,Real Estate Investment Trusts
OLPX,Olaplex Holdings Inc. Common Stock,$1.33,0.03,2.308%,890305513.00,United States,2021,4774251,Consumer Discretionary,Package Goods/Cosmetics
OM,Outset Medical Inc. Common Stock,$3.36,-0.01,-0.297%,61527063.00,United States,2020,193581,Health Care,Biotechnology: Electromedical & Electrotherapeutic Apparatus
OMAB,Grupo Aeroportuario del Centro Norte S.A.B. de C.V. ADS,$108.68,-2.60,-2.336%,5246111625.00,Mexico,2006,138348,Consumer Discretionary,Aerospace
OMC,Omnicom Group Inc. Common Stock,$75.06,-0.78,-1.028%,23293845981.00,United States,,10266843,Consumer Discretionary,Advertising
OMCL,Omnicell Inc. Common Stock ($0.001 par value),$33.09,-0.31,-0.928%,1503474527.00,United States,2001,1085194,Technology,Computer Manufacturing
OMDA,Omada Health Inc. Common Stock,$13.51,-0.42,-3.015%,796082681.00,United States,2025,4042645,Health Care,Medical/Nursing Services
OMER,Omeros Corporation Common Stock,$11.00,-0.12,-1.079%,779905049.00,United States,2009,1318018,Health Care,Biotechnology: Pharmaceutical Preparations
OMEX,Odyssey Marine Exploration Inc. Common Stock,$1.26,-0.13,-9.353%,70230499.00,United States,,2307934,Consumer Discretionary,Marine Transportation
OMF,OneMain Holdings Inc. Common Stock,$51.48,0.48,0.941%,6030988255.00,United States,2013,3076868,Finance,Finance: Consumer Services
OMH,Ohmyhome Limited Class A Ordinary Shares,$1.40,0.06,4.478%,33026431.00,Singapore,2023,12425,Finance,Real Estate
OMSE,OMS Energy Technologies Inc. Ordinary Shares,$5.23,0.51,10.805%,222006722.00,Singapore,2025,40194,Consumer Discretionary,Oil and Gas Field Machinery
ON,ON Semiconductor Corporation Common Stock,$59.26,-0.03,-0.051%,23349656608.00,United States,,12539886,Technology,Semiconductors
ONB,Old National Bancorp Common Stock,$21.24,0.02,0.094%,8276654520.00,United States,,5579990,Finance,Major Banks
ONBPO,Old National Bancorp Depositary Shares Each Representing a 1/40th Interest in a Share of Series C Preferred Stock,$24.74,-0.26,-1.04%,9640510020.00,United States,,7366,Finance,Major Banks
ONBPP,Old National Bancorp Depositary Shares Each Representing a 1/40th Interest in a Share of Series A Preferred Stock,$24.80,-0.287,-1.144%,9663890400.00,United States,,5276,Finance,Major Banks
ONC,BeOne Medicines Ltd. American Depositary Shares,$275.28,-7.44,-2.632%,30540406107.00,Cayman Islands,2016,226610,Health Care,Biotechnology: Pharmaceutical Preparations
ONCH,1RT Acquisition Corp. Class A Ordinary Share,$10.18,0.01,0.098%,0.00,United States,2025,7860,,
ONCHU,1RT Acquisition Corp. Units,$10.29,0.02,0.195%,0.00,United States,2025,8533,,
ONCHW,1RT Acquisition Corp. Warrant,$0.43,-0.0001,-0.023%,0.00,United States,2025,561,Finance,Blank Checks
ONCO,Onconetix Inc. Common Stock,$0.62,0.1371,28.391%,2153478.00,United States,2022,142783,Health Care,Biotechnology: Pharmaceutical Preparations
ONCY,Oncolytics Biotech Inc. Common Shares,$0.95,-0.0289,-2.952%,102226057.00,Canada,,540760,Health Care,Biotechnology: Pharmaceutical Preparations
ONDS,Ondas Inc. Common Stock,$10.06,-0.69,-6.419%,4661059027.00,United States,,86678100,Technology,Radio And Television Broadcasting And Communications Equipment
ONEG,OneConstruction Group Limited Ordinary Shares,$1.85,-0.10,-5.128%,29600000.00,Hong Kong,2024,854222,Consumer Discretionary,Homebuilding
ONEW,OneWater Marine Inc. Class A Common Stock,$8.65,0.26,3.099%,143706291.00,United States,2020,259963,Consumer Discretionary,Auto & Home Supply Stores
ONFO,Onfolio Holdings Inc. Common Stock,$0.7225,0.0525,7.836%,4236173.00,United States,2022,110011,Technology,EDP Services
ONFOW,Onfolio Holdings Inc. Warrant,$0.069,0.00,0.00%,404562.00,United States,2022,100,Technology,EDP Services
ONIT,Onity Group Inc. Common Stock,$37.07,-1.27,-3.312%,315897047.00,United States,,154542,Finance,Finance: Consumer Services
ONL,Orion Properties Inc. Common Stock,$1.89,-0.34,-15.247%,106664142.00,United States,2021,1184246,Real Estate,Real Estate Investment Trusts
ONMD,OneMedNet Corp Class A Common Stock,$0.7564,-0.0389,-4.891%,38580337.00,United Kingdom,2021,284040,Health Care,Biotechnology: Commercial Physical & Biological Resarch
ONMDW,OneMedNet Corp Warrant,$0.0718,0.0077,12.012%,3662174.00,United Kingdom,2021,200,Health Care,Biotechnology: Commercial Physical & Biological Resarch
ONON,On Holding AG Class A Ordinary Shares,$37.66,-1.21,-3.113%,24031412143.00,,2021,4639101,Consumer Discretionary,Shoe Manufacturing
ONTF,ON24 Inc. Common Stock,$8.06,0.00,0.00%,345507424.00,United States,2021,692733,Technology,Computer Software: Prepackaged Software
ONTO,Onto Innovation Inc. Common Stock,$200.17,-9.29,-4.435%,9948921601.00,United States,,1109904,Industrials,Industrial Machinery/Components
OOMA,Ooma Inc. Common Stock,$13.58,-0.12,-0.876%,374808000.00,United States,2015,309312,Technology,EDP Services
OPAD,Offerpad Solutions Inc. Class A Common Stock,$0.69,-0.047,-6.377%,32575346.00,United States,2020,753004,Finance,Real Estate
OPAL,OPAL Fuels Inc. Class A Common Stock,$2.06,-0.26,-11.207%,357204323.00,United States,2021,501973,Utilities,Natural Gas Distribution
OPBK,OP Bancorp Common Stock,$12.47,-0.15,-1.189%,185687054.00,United States,2018,135121,Finance,Major Banks
OPCH,Option Care Health Inc. Common Stock,$28.16,-0.97,-3.33%,4405574892.00,United States,,2370933,Health Care,Medical/Nursing Services
OPEN,Opendoor Technologies Inc Common Stock,$4.91,-0.23,-4.475%,4705378112.00,United States,,31824336,Finance,Real Estate
OPENL,Opendoor Technologies Inc  Series A Warrants each whole warrant exercisable to purchase one share of Common Stock at an exercise price of $13.00 per warrant,$0.307,-0.0241,-7.279%,294205923.00,United States,,258166,Finance,Real Estate
OPENW,Opendoor Technologies Inc  Series K Warrants each whole warrant exercisable to purchase one share of Common Stock at an exercise price of $9.00 per warrant,$0.7025,-0.0665,-8.648%,673223650.00,United States,,201080,Finance,Real Estate
OPENZ,Opendoor Technologies Inc  Series Z Warrants each whole warrant exercisable to purchase one share of Common Stock at an exercise price of $17.00 per warrant,$0.2757,-0.0173,-5.904%,264210335.00,United States,,379528,Finance,Real Estate
OPFI,OppFi Inc. Class A Common Stock,$7.96,-0.14,-1.728%,677593814.00,United States,2020,761080,Finance,Finance: Consumer Services
OPHC,OptimumBank Holdings Inc. Common Stock,$5.10,-0.16,-3.042%,62048829.00,United States,,93391,Finance,Major Banks
OPK,OPKO Health Inc. Common Stock,$1.12,-0.05,-4.274%,850155327.00,United States,,4522033,Health Care,Biotechnology: Pharmaceutical Preparations
OPLN,OPENLANE Inc. Common Stock,$26.74,-0.43,-1.583%,2842387903.00,United States,,2356461,Consumer Discretionary,Retail-Auto Dealers and Gas Stations
OPP,RiverNorth/DoubleLine Strategic Opportunity Fund Inc. Common Stock,$7.50,-0.07,-0.925%,0.00,United States,2016,166266,Finance,Finance/Investors Services
OPP^A,RiverNorth/DoubleLine Strategic Opportunity Fund Inc. 4.375% Series A Cumulative Preferred Stock,$16.77,0.00,0.00%,,United States,,3609,,
OPP^B,RiverNorth/DoubleLine Strategic Opportunity Fund Inc. 4.75% Series B Cumulative Preferred Stock,$18.25,0.20,1.108%,,United States,,2493,,
OPP^C,RiverNorth/DoubleLine Strategic Opportunity Fund Inc. 6.00% Series C Term Preferred Stock (Liquidation Preference $10.00 per share),$10.13,-0.05,-0.491%,,United States,,858,,
OPRA,Opera Limited American Depositary Shares,$14.36,-0.60,-4.011%,1285232263.00,Norway,2018,624234,Technology,Computer Software: Prepackaged Software
OPRT,Oportun Financial Corporation Common Stock,$4.45,0.16,3.73%,198026193.00,United States,2019,627946,Finance,Finance: Consumer Services
OPRX,OptimizeRx Corporation Common Stock,$5.99,-0.16,-2.602%,112385596.00,United States,,295653,Real Estate,Real Estate
OPTT,Ocean Power Technologies Inc. Common Stock,$0.3392,-0.0208,-5.778%,77345551.00,United States,2007,3785680,Utilities,Electric Utilities: Central
OPTU,Optimum Communications Inc. Class A common stock,$1.22,-0.11,-8.271%,573961443.00,United States,2017,6118474,Telecommunications,Cable & Other Pay Television Services
OPTX,Syntec Optics Holdings Inc. Class A Common Stock,$6.64,-0.43,-6.082%,245150301.00,United States,2022,329051,Technology,Electronic Components
OPTXW,Syntec Optics Holdings Inc. Warrant,$1.15,0.10,9.524%,42458260.00,United States,2022,100131,Technology,Electronic Components
OPXS,Optex Systems Holdings Inc. Common Stock,$12.65,-0.14,-1.095%,87757579.00,United States,,50195,Technology,Electronic Components
OPY,Oppenheimer Holdings Inc. Class A Common Stock (DE),$83.50,-0.94,-1.113%,894055793.00,United States,,86532,Finance,Investment Bankers/Brokers/Service
OR,OR Royalties Inc. Common Shares,$32.87,-1.73,-5.00%,6181203500.00,Canada,2016,5148697,Basic Materials,Precious Metals
ORA,Ormat Technologies Inc. Common Stock,$106.42,-4.10,-3.71%,6475168639.00,United States,2004,2268440,Utilities,Electric Utilities: Central
ORBS,Eightco Holdings Inc. Common Stock,$0.944,0.0001,0.011%,186753045.00,United States,,42463272,,
ORC,Orchid Island Capital Inc. Common Stock,$6.82,-0.32,-4.482%,1300528933.00,United States,2013,18477385,Real Estate,Real Estate Investment Trusts
ORCL,Oracle Corporation Common Stock,$149.68,-5.84,-3.755%,430486565280.00,United States,1986,37477657,Technology,Computer Software: Prepackaged Software
ORCL^D,Oracle Corporation Depositary Shares each representing a 1/2000th interest in a sh of 6.50% Series D Mandatory Convertible Preferred Stock,$46.65,-1.29,-2.691%,,United States,,370581,,
ORGN,Origin Materials Inc. Common Stock,$2.87,-0.52,-15.339%,445471163.00,United States,2020,474740,Industrials,Major Chemicals
ORGNW,Origin Materials Inc. Warrants,$0.005,0.0005,11.111%,776082.00,United States,2020,517711,Industrials,Major Chemicals
ORGO,Organogenesis Holdings Inc. Class A Common Stock,$2.39,-0.01,-0.417%,307451204.00,United States,2016,756975,Health Care,Biotechnology: Pharmaceutical Preparations
ORI,Old Republic International Corporation Common Stock,$37.91,0.04,0.106%,9315636166.00,United States,,9944193,Finance,Property-Casualty Insurers
ORIC,Oric Pharmaceuticals Inc. Common Stock,$11.16,0.06,0.541%,1119997981.00,United States,2020,3695257,Health Care,Biotechnology: Pharmaceutical Preparations
ORIO,Orion Digital Corp. Common Shares,$1.00,-0.01,-0.99%,23943550.00,Canada,,43498,Finance,Finance: Consumer Services
ORIQ,Origin Investment Corp I Ordinary Shares,$10.18,0.00,0.00%,0.00,Singapore,2025,4,,
ORIQW,Origin Investment Corp I Warrant.,$0.1347,0.00,0.00%,0.00,Singapore,2025,1,Finance,Blank Checks
ORIS,Oriental Rise Holdings Limited Ordinary Shares,$0.5124,-0.0144,-2.733%,2591112.00,China,2024,701612,Consumer Staples,Farming/Seeds/Milling
ORKA,Oruka Therapeutics Inc. Common Stock,$38.91,0.09,0.232%,1927706107.00,United States,,1257406,Health Care,Biotechnology: In Vitro & In Vivo Diagnostic Substances
ORKT,Orangekloud Technology Inc. Class A Ordinary Shares,$0.9541,-0.0259,-2.643%,5571705.00,Singapore,2024,103406,Technology,Computer Software: Prepackaged Software
ORLA,Orla Mining Ltd. Common Shares,$14.03,0.66,4.936%,4768743967.00,,2020,5317343,Basic Materials,Precious Metals
ORLY,O'Reilly Automotive Inc. Common Stock,$87.30,-0.61,-0.694%,73199918068.00,United States,1993,10367863,Consumer Discretionary,Auto & Home Supply Stores
ORMP,Oramed Pharmaceuticals Inc. Common Stock,$3.49,-0.12,-3.324%,138910568.00,Israel,,81373,Health Care,Biotechnology: Pharmaceutical Preparations
ORN,Orion Group Holdings Inc. Common,$10.39,0.10,0.972%,416465487.00,United States,,724687,Industrials,Military/Government/Technical
ORRF,Orrstown Financial Services Inc. Common Stock,$34.76,0.01,0.029%,681984178.00,United States,,1185075,Finance,Major Banks
OS,OneStream Inc. Class A Common Stock,$23.77,-0.01,-0.042%,5843603370.00,United States,2024,1258059,Technology,Computer Software: Prepackaged Software
OSBC,Old Second Bancorp Inc. Common Stock,$19.45,-0.13,-0.664%,1024836177.00,United States,,724102,Finance,Major Banks
OSCR,Oscar Health Inc. Class A Common Stock,$12.63,-0.67,-5.038%,3760557240.00,United States,2021,8335322,Health Care,Medical Specialities
OSG,Octave Specialty Group Inc. Common Stock,$4.76,-0.04,-0.833%,213971106.00,United States,,1802842,Finance,Property-Casualty Insurers
OSIS,OSI Systems Inc. Common Stock (DE),$274.45,-10.08,-3.543%,4520891073.00,United States,1997,692800,Technology,Semiconductors
OSK,Oshkosh Corporation (Holding Company)Common Stock,$140.46,-3.76,-2.607%,8785580710.00,United States,,1572423,Industrials,Auto Manufacturing
OSPN,OneSpan Inc. Common Stock,$10.41,-0.04,-0.383%,390030918.00,United States,,3494498,Technology,EDP Services
OSRH,OSR Holdings Inc. Common Stock,$0.437,-0.0064,-1.443%,11219008.00,United States,2023,449271,Health Care,Medical/Dental Instruments
OSRHW,OSR Holdings Inc. Warrant,$0.054,0.00,0.00%,1386331.00,United States,2023,2000,Health Care,Medical/Dental Instruments
OSS,One Stop Systems Inc. Common Stock,$8.82,-1.45,-14.119%,218182025.00,United States,2018,2299798,Technology,Computer Manufacturing
OSTX,OS Therapies Incorporated Common Stock,$1.54,0.04,2.667%,54230102.00,,2024,512694,Health Care,Biotechnology: Pharmaceutical Preparations
OSUR,OraSure Technologies Inc. Common Stock,$2.95,0.04,1.375%,203922210.00,United States,,1214985,Health Care,Medical/Dental Instruments
OSW,OneSpaWorld Holdings Limited Common Shares,$20.98,-0.94,-4.288%,2128447812.00,Bahamas,,3148278,Consumer Discretionary,Hotels/Resorts
OTEX,Open Text Corporation Common Shares,$22.57,-0.04,-0.177%,5656104677.00,Canada,1996,3942749,Technology,EDP Services
OTF,Blue Owl Technology Finance Corp. Common Stock,$12.50,-0.15,-1.186%,5816624888.00,United States,2025,10379225,,
OTGA,OTG Acquisition Corp. I Class A Ordinary Share ,$10.05,0.00,0.00%,0.00,United States,2025,3043,Finance,Blank Checks
OTGAU,OTG Acquisition Corp. I Unit,$10.18,0.00,0.00%,0.00,United States,2025,1988,Finance,Blank Checks
OTGAW,OTG Acquisition Corp. I Warrants,$0.26,0.0087,3.462%,0.00,United States,2025,10000,Finance,Blank Checks
OTH,Off The Hook YS Inc. Common Stock,$2.06,-0.16,-7.207%,48925000.00,,2025,90383,Industrials,Marine Transportation
OTIS,Otis Worldwide Corporation Common Stock ,$79.54,-0.69,-0.86%,30918850284.00,United States,2020,8394316,Technology,Consumer Electronics/Appliances
OTLK,Outlook Therapeutics Inc. Common Stock,$0.3511,0.0149,4.432%,29164890.00,United States,2016,1783260,Health Care,Biotechnology: Biological Products (No Diagnostic Substances)
OTLY,Oatly Group AB American Depositary Shares,$9.68,-0.40,-3.968%,302258000.00,Sweden,2021,98404,Consumer Staples,Packaged Foods
OTTR,Otter Tail Corporation Common Stock,$84.20,-3.295,-3.766%,3532486805.00,United States,,933750,Utilities,Electric Utilities: Central
OUST,Ouster Inc. Common Stock,$20.05,-1.01,-4.796%,1259220020.00,United States,,1975060,Industrials,Industrial Machinery/Components
OUT,OUTFRONT Media Inc. Common Stock,$26.29,-0.30,-1.128%,4628358943.00,United States,2014,2727006,Real Estate,Real Estate Investment Trusts
OVBC,Ohio Valley Banc Corp. Common Stock,$40.63,-0.48,-1.168%,191407971.00,United States,,25895,Finance,Major Banks
OVID,Ovid Therapeutics Inc. Common Stock,$2.62,0.32,13.913%,345511541.00,United States,2017,10090449,Health Care,Biotechnology: Pharmaceutical Preparations
OVLY,Oak Valley Bancorp (CA) Common Stock,$30.77,-0.47,-1.504%,258105560.00,United States,,57296,Finance,Major Banks
OVV,Ovintiv Inc. (DE),$56.97,-0.01,-0.018%,14428140163.00,Canada,,17588962,Energy,Oil & Gas Production
OWL,Blue Owl Capital Inc. Class A Common Stock,$9.12,0.00,0.00%,14177674670.00,United States,2020,26736314,Finance,Investment Managers
OWLS,OBOOK Holdings Inc. Class A Common Shares,$5.94,-0.03,-0.503%,524963366.00,Taiwan,,11867,Technology,Computer Software: Prepackaged Software
OWLT,Owlet Inc. Class A Common Stock,$5.14,-0.20,-3.745%,144744806.00,United States,2020,682519,Industrials,Industrial Machinery/Components
OXBR,Oxbridge Re Holdings Limited Ordinary Shares,$0.9488,0.102,12.045%,7283105.00,Cayman Islands,2014,21844,Finance,Property-Casualty Insurers
OXBRW,Oxbridge Re Holdings Limited Warrant expiring 3/26/2029,$0.1079,0.0004,0.372%,828254.00,Cayman Islands,2014,3800,Finance,Property-Casualty Insurers
OXLC,Oxford Lane Capital Corp. Common Stock,$8.73,0.18,2.105%,1515528000.00,United States,2011,2157891,Finance,Investment Managers
OXLCG,Oxford Lane Capital Corp. 7.95% Notes due 2032,$24.68,0.00,0.00%,0.00,United States,,10556,Finance,Investment Managers
OXLCI,Oxford Lane Capital Corp. 8.75% Notes due 2030,$25.20,-0.0399,-0.158%,0.00,United States,,3678,,
OXLCL,Oxford Lane Capital Corp. 6.75% Notes due 2031,$23.80,-0.09,-0.377%,4131680000.00,United States,,1459,Finance,Finance Companies
OXLCN,Oxford Lane Capital Corp. 7.125% Series 2029 Term Preferred Stock,$24.1909,0.0709,0.294%,4199540240.00,United States,,793,Finance,Investment Managers
OXLCO,Oxford Lane Capital Corp. Preferred Stock Shares 6.00% Series 2029,$23.09,-0.09,-0.388%,4008424000.00,United States,,2748,Finance,Investment Managers
OXLCP,Oxford Lane Capital Corp. 6.25% Series 2027 Term Preferred Shares,$24.70,0.15,0.611%,4287920000.00,United States,,2699,Finance,Investment Managers
OXLCZ,Oxford Lane Capital Corp. 5.00% Notes due 2027,$24.53,-0.0915,-0.372%,4258408000.00,United States,,6779,Finance,Finance Companies
OXM,Oxford Industries Inc. Common Stock,$34.21,0.09,0.264%,508955546.00,United States,,767204,Industrials,Garments and Clothing
OXSQ,Oxford Square Capital Corp. Common Stock,$1.70,-0.02,-1.163%,148768236.00,United States,2003,1347384,Finance,Blank Checks
OXSQG,Oxford Square Capital Corp. 5.50% Notes due 2028,$24.15,0.00,0.00%,1539752319.00,United States,,2,Consumer Discretionary,Other Consumer Services
OXSQH,Oxford Square Capital Corp. 7.75% Notes due 2030,$24.90,-0.04,-0.16%,0.00,United States,,9350,Finance,Blank Checks
OXY,Occidental Petroleum Corporation Common Stock,$60.71,1.13,1.897%,59876248686.00,United States,,25408297,Energy,Oil & Gas Production
OYSER,Oyster Enterprises II Acquisition Corp Rights,$0.1401,-0.0082,-5.529%,0.00,United States,2025,700,Finance,Blank Checks
OZ,Belpointe PREP LLC Class A Units,$51.61,-1.90,-3.551%,200823645.00,,,18161,Real Estate,Real Estate Investment Trusts
OZK,Bank OZK Common Stock,$43.84,-0.54,-1.217%,4959888027.00,United States,,6435139,Finance,Major Banks
OZKAP,Bank OZK 4.625% Series A Non-Cumulative Perpetual Preferred Stock,$16.33,-0.09,-0.548%,1847513036.00,United States,,14196,Finance,Major Banks
PAA,Plains All American Pipeline L.P. Common Units representing Limited Partner Interests,$21.67,-0.09,-0.414%,15288871571.00,United States,1998,10516984,Energy,Natural Gas Distribution
PAACU,Proem Acquisition Corp I Units,$10.0113,-0.0087,-0.087%,0.00,United States,2026,1000,,
PAAS,Pan American Silver Corp. Common Stock,$46.66,-1.68,-3.475%,19685107440.00,Canada,,27982322,Basic Materials,Precious Metals
PAC,Grupo Aeroportuario Del Pacifico S.A. B. de C.V. Grupo Aeroportuario Del Pacifico S.A. de C.V. (each representing 10 Series B shares),$233.27,-4.69,-1.971%,11786607309.00,Mexico,2006,193926,Consumer Discretionary,Aerospace
PACB,Pacific Biosciences of California Inc. Common Stock,$1.33,-0.07,-5.00%,401657728.00,United States,2010,5456563,Industrials,Biotechnology: Laboratory Analytical Instruments
PACH,Pioneer Acquisition I Corp Class A Ordinary Shares,$10.1599,0.00,0.00%,0.00,United States,2025,22,,
PACHU,Pioneer Acquisition I Corp Units,$10.30,0.0699,0.683%,0.00,United States,2025,1450,,
PACK,Ranpak Holdings Corp Class A Common Stock,$3.27,-0.15,-4.386%,277038906.00,United States,2018,528713,Consumer Discretionary,Containers/Packaging
PACS,PACS Group Inc. Common Stock,$33.44,-1.20,-3.464%,5255598570.00,United States,2024,1116111,Health Care,Hospital/Nursing Management
PAG,Penske Automotive Group Inc. Common Stock,$140.60,-3.71,-2.571%,9245868232.00,United States,,1471866,Consumer Discretionary,Retail-Auto Dealers and Gas Stations
PAGP,Plains GP Holdings L.P. Class A Units representing Limited Partner Interests,$23.67,-0.04,-0.169%,4684390615.00,United States,,1974172,Energy,Natural Gas Distribution
PAGS,PagSeguro Digital Ltd. Class A Common Shares,$9.39,-0.23,-2.391%,3095023101.00,Cayman Islands,2018,4665225,Technology,EDP Services
PAHC,Phibro Animal Health Corporation Class A Common Stock,$50.76,-1.62,-3.093%,2057542184.00,United States,2014,503480,Health Care,Biotechnology: Pharmaceutical Preparations
PAI,Western Asset Investment Grade Income Fund Inc.,$12.1199,-0.0601,-0.493%,0.00,United States,,7630,Finance,Trusts Except Educational Religious and Charitable
PAII,Pyrophyte Acquisition Corp. II Class A Ordinary Shares,$10.16,0.00,0.00%,0.00,,2025,17,,
PAL,Proficient Auto Logistics Inc. Common Stock,$6.24,0.05,0.808%,173659431.00,United States,2024,469928,Consumer Discretionary,Transportation Services
PALI,Palisade Bio Inc. Common Stock,$1.89,-0.10,-5.025%,281616067.00,United States,,2906500,Health Care,Biotechnology: Biological Products (No Diagnostic Substances)
PALOU,Paloma Acquisition Corp I Units,$9.99,0.00,0.00%,0.00,United States,2026,1998,Finance,Blank Checks
PAM,Pampa Energia S.A.,$84.10,-2.51,-2.898%,4573833838.00,Argentina,,302260,Utilities,Electric Utilities: Central
PAMT,PAMT CORP Common Stock,$8.02,0.19,2.427%,167826680.00,United States,,57523,Industrials,Trucking Freight/Courier Services
PANL,Pangaea Logistics Solutions Ltd. Common Shares,$6.79,-0.28,-3.96%,443513613.00,United States,2013,873800,Consumer Discretionary,Marine Transportation
PANW,Palo Alto Networks Inc. Common Stock,$162.95,-6.79,-4.00%,132967200000.00,United States,,16443937,Technology,Computer peripheral equipment
PAPL,Pineapple Financial Inc. Common Stock,$0.68,-0.01,-1.449%,17740283.00,,,17089,Finance,Finance: Consumer Services
PAR,PAR Technology Corporation Common Stock,$13.94,-0.16,-1.135%,573667690.00,United States,,1637742,Miscellaneous,Office Equipment/Supplies/Services
PARK,Park Dental Partners Inc. Common Stock,$16.32,0.73,4.682%,66775500.00,United States,2025,107362,Health Care,Misc Health and Biotechnology Services
PARR,Par Pacific Holdings Inc.  Common Stock,$61.39,3.37,5.808%,3008316884.00,United States,,3408776,Energy,Oil & Gas Production
PASG,Passage Bio Inc. Common Stock,$7.43,0.05,0.678%,23834028.00,United States,2020,97982,Health Care,Biotechnology: Biological Products (No Diagnostic Substances)
PASW,Ping An Biomedical Co. Ltd. Ordinary Shares,$0.1379,-0.0027,-1.92%,17175445.00,Hong Kong,2025,184775,Consumer Discretionary,Apparel
PATH,UiPath Inc. Class A Common Stock,$12.06,-0.18,-1.471%,6449081189.00,United States,2021,27328645,Technology,Computer Software: Prepackaged Software
PATK,Patrick Industries Inc. Common Stock,$108.21,-2.49,-2.249%,3596328510.00,United States,,571991,Consumer Discretionary,Auto Parts:O.E.M.
PAVM,PAVmed Inc. Common Stock,$9.86,0.17,1.754%,14757423.00,United States,2016,14146,Health Care,Medical/Dental Instruments
PAVS,Paranovus Entertainment Technology Ltd. Class A Ordinary Shares,$0.3072,0.0273,9.753%,219147.00,China,2019,1295909,Health Care, Medicinal Chemicals and Botanical Products 
PAX,Patria Investments Limited Class A Common Shares,$11.20,-0.29,-2.524%,1786047782.00,Cayman Islands,2021,953829,Finance,Investment Managers
PAXS,PIMCO Access Income Fund Common Shares of Beneficial Interest,$13.82,-0.53,-3.693%,0.00,United States,2022,552289,Finance,Investment Managers
PAY,Paymentus Holdings Inc. Class A Common Stock,$24.32,0.04,0.165%,3057403173.00,United States,2021,632338,Real Estate,Real Estate
PAYC,Paycom Software Inc. Common Stock,$124.82,0.67,0.54%,6774617608.00,United States,2014,14557339,Technology,Computer Software: Prepackaged Software
PAYO,Payoneer Global Inc. Common Stock,$4.47,-0.08,-1.758%,1541135162.00,United States,,6628449,Real Estate,Real Estate
PAYP,PayPay Corporation American Depository Shares,$19.90,-0.55,-2.689%,12687666880.00,Japan,2026,1460756,Real Estate,Real Estate
PAYS,Paysign Inc. Common Stock,$3.23,0.05,1.572%,177788528.00,United States,,338914,Technology,EDP Services
PAYX,Paychex Inc. Common Stock,$92.55,0.84,0.916%,33222437498.00,United States,1983,11214916,Industrials,Diversified Commercial Services
PB,Prosperity Bancshares Inc. Common Stock,$64.69,0.43,0.669%,6565324833.00,United States,,3162500,Finance,Major Banks
PBA,Pembina Pipeline Corp. Ordinary Shares (Canada),$45.01,0.36,0.806%,26161207310.00,Canada,,3647564,Energy,Oil & Gas Production
PBF,PBF Energy Inc. Class A Common Stock,$49.32,2.49,5.317%,5792815941.00,United States,2012,5930064,Energy,Integrated oil Companies
PBFS,Pioneer Bancorp Inc. Common Stock,$13.51,0.00,0.00%,338787582.00,United States,2019,99126,Finance,Banks
PBH,Prestige Consumer Healthcare Inc. Common Stock,$60.99,0.93,1.548%,2885969343.00,United States,2005,1494896,Health Care,Biotechnology: Pharmaceutical Preparations
PBHC,Pathfinder Bancorp Inc. Common Stock (MD),$12.95,-0.23,-1.745%,79959879.00,United States,,10704,Finance,Major Banks
PBI,Pitney Bowes Inc. Common Stock,$10.19,0.01,0.098%,1527916093.00,United States,,7980558,Miscellaneous,Office Equipment/Supplies/Services
PBI^B,Pitney Bowes Inc 6.70% Notes Due 2043,$19.74,0.01,0.051%,,United States,,18738,,
PBM,Psyence Biomedical Ltd. Common Shares,$2.40,0.05,2.128%,2453225.00,Canada,,5139,Health Care,Biotechnology: Pharmaceutical Preparations
PBMWW,Psyence Biomedical Ltd. Warrant,$0.018,0.00,0.00%,18399.00,Canada,,40267,Health Care,Biotechnology: Pharmaceutical Preparations
PBR,Petroleo Brasileiro S.A. Petrobras ADS,$18.80,-0.98,-4.954%,121154087963.00,Brazil,,40896985,Energy,Oil & Gas Production
PBT,Permian Basin Royalty Trust Common Stock,$20.68,-0.20,-0.958%,963869901.00,United States,,90895,Energy,Oil & Gas Production
PBYI,Puma Biotechnology Inc Common Stock,$6.12,-0.03,-0.488%,311364100.00,United States,,340266,Health Care,Biotechnology: Pharmaceutical Preparations
PCAP,ProCap Acquisition Corp Class A Ordinary Shares,$10.18,0.00,0.00%,0.00,United States,2025,86,Finance,Blank Checks
PCAPU,ProCap Acquisition Corp Unit,$10.28,0.00,0.00%,0.00,United States,2025,266,,
PCAPW,ProCap Acquisition Corp Warrant,$0.32,0.00,0.00%,0.00,United States,2025,22287,Finance,Blank Checks
PCAR,PACCAR Inc. Common Stock,$111.26,-1.59,-1.409%,58511015728.00,United States,,5411783,Consumer Discretionary,Motor Vehicles
PCB,PCB Bancorp Common Stock,$21.64,-0.08,-0.368%,307841530.00,United States,2018,66178,Finance,Major Banks
PCF,High Income Securities Fund Common Stock,$5.44,-0.01,-0.183%,0.00,United States,,55277,Finance,Trusts Except Educational Religious and Charitable
PCG,Pacific Gas & Electric Co. Common Stock,$17.32,-0.87,-4.783%,45228870655.00,United States,,46473726,Utilities,Power Generation
PCG^A,Pacific Gas & Electric Co. 6% Preferred Stock,$22.40,-0.10,-0.444%,,United States,,16380,,
PCG^B,Pacific Gas & Electric Co. 5 1/2% Preferred Stock,$20.705,0.425,2.096%,,United States,,4499,,
PCG^C,Pacific Gas & Electric Co. 5% 1st Preferred Stock,$19.40,0.00,0.00%,,United States,,9,,
PCG^D,Pacific Gas & Electric Co. 5% 1st  Red. Preferred Stock,$19.10,0.00,0.00%,,United States,,42,,
PCG^E,Pacific Gas & Electric Co. 5% 1st A Preferred Stock,$18.90,-0.11,-0.579%,,United States,,2717,,
PCG^G,Pacific Gas & Electric Co. 4.80% 1st Preferred Stock,$17.8219,0.00,0.00%,,United States,,6,,
PCG^H,Pacific Gas & Electric Co. 4.50% 1st Preferred Stock,$17.30,0.00,0.00%,,United States,,301,,
PCG^I,Pacific Gas & Electric Co. 4.36% 1st Preferred Stock,$17.50,0.75,4.478%,,United States,,127,,
PCG^X,PG&E Corp 6.000% Series A Mandatory Convertible Preferred Stock,$42.78,-1.54,-3.475%,,United States,,124279,,
PCLA,PicoCELA Inc. American Depositary Shares,$2.20,-0.10,-4.348%,9138371.00,Japan,2025,16227,Consumer Discretionary,Building Products
PCM,PCM Fund Inc. Common Stock,$5.58,-0.10,-1.761%,0.00,United States,1993,73084,Finance,Trusts Except Educational Religious and Charitable
PCN,Pimco Corporate & Income Strategy Fund Common Stock,$11.66,-0.26,-2.181%,0.00,United States,2001,498422,Finance,Investment Managers
PCOR,Procore Technologies Inc. Common Stock,$58.13,-0.65,-1.106%,8725341019.00,United States,2021,2729581,Technology,Computer Software: Prepackaged Software
PCQ,PIMCO California Municipal Income Fund Common Stock,$8.60,-0.18,-2.05%,0.00,United States,2001,141435,Finance,Investment Managers
PCRX,Pacira BioSciences Inc. Common Stock,$22.11,-0.46,-2.038%,895231556.00,United States,2011,2128208,Health Care,Biotechnology: Pharmaceutical Preparations
PCSA,Processa Pharmaceuticals Inc. Common Stock,$2.32,-0.01,-0.429%,6171290.00,United States,,58981,Health Care,Biotechnology: Pharmaceutical Preparations
PCSC,Perceptive Capital Solutions Corp Class A Ordinary Shares,$11.10,0.01,0.09%,0.00,United States,2024,54695,,
PCT,PureCycle Technologies Inc. Common stock,$5.79,-0.31,-5.082%,1046399394.00,United States,,5002780,Industrials,Major Chemicals
PCTTU,PureCycle Technologies Inc. Unit,$6.10,-0.05,-0.813%,1102424232.00,United States,,1100,Industrials,Major Chemicals
PCTTW,PureCycle Technologies Inc. Warrant,$0.80,-0.02,-2.439%,144580227.00,United States,,39262,Industrials,Major Chemicals
PCTY,Paylocity Holding Corporation Common Stock,$112.52,1.62,1.461%,6062205384.00,United States,2014,1043064,Technology,Computer Software: Prepackaged Software
PCVX,Vaxcyte Inc. Common Stock,$54.72,0.74,1.371%,7875322154.00,United States,2020,3914888,Health Care,Biotechnology: Pharmaceutical Preparations
PCYO,Pure Cycle Corporation Common Stock,$10.35,0.07,0.681%,249337762.00,United States,,201848,Utilities,Water Supply
PD,PagerDuty Inc. Common Stock,$6.92,0.02,0.29%,588058015.00,United States,2019,3711586,Technology,Computer Software: Prepackaged Software
PDC,Perpetuals.com Ltd American Depositary Shares,$5.15,0.235,4.781%,15710436.00,Japan,2023,18154,Technology,EDP Services
PDCC,Pearl Diver Credit Company Inc. Common Stock,$9.5356,-0.1144,-1.185%,0.00,,2024,11668,,
PDD,PDD Holdings Inc. American Depositary Shares,$96.19,-1.24,-1.273%,136555793180.00,China,2018,8506450,Technology,EDP Services
PDEX,Pro-Dex Inc. Common Stock,$46.54,-2.46,-5.02%,149206542.00,United States,,45269,Health Care,Medical/Dental Instruments
PDFS,PDF Solutions Inc. Common Stock,$32.76,-1.22,-3.59%,1306819627.00,United States,2001,518774,Technology,Computer Software: Prepackaged Software
PDI,PIMCO Dynamic Income Fund Common Stock,$16.95,-0.48,-2.754%,4120375500.00,United States,2012,5386897,Finance,Trusts Except Educational Religious and Charitable
PDLB,Ponce Financial Group Inc. Common Stock,$16.35,-0.01,-0.061%,394964187.00,United States,2017,165199,Finance,Savings Institutions
PDM,Piedmont Realty Trust Inc. Class A Common Stock,$6.51,-0.29,-4.265%,813873710.00,United States,,1870936,Real Estate,Building operators
PDO,PIMCO Dynamic Income Opportunities Fund Common Shares of Beneficial Interest,$12.53,-0.44,-3.392%,1836435869.00,United States,2021,2033073,Finance,Trusts Except Educational Religious and Charitable
PDS,Precision Drilling Corporation Common Stock,$98.64,0.44,0.448%,1276936130.00,Canada,,277422,Energy,Oil & Gas Production
PDSB,PDS Biotechnology Corporation Common Stock,$0.571,-0.0541,-8.655%,27967755.00,United States,2015,854252,Health Care,Biotechnology: Pharmaceutical Preparations
PDT,John Hancock Premium Dividend Fund,$12.90,-0.30,-2.273%,0.00,United States,,95075,Finance,Finance Companies
PDX,PIMCO Dynamic Income Strategy Fund Common Shares of Beneficial Interest,$21.07,-0.04,-0.189%,941976490.00,,2019,83307,Finance,Finance/Investors Services
PDYN,Palladyne AI Corp. Common Stock,$6.34,-0.32,-4.805%,294777444.00,United States,,1989863,Technology,Computer Software: Prepackaged Software
PDYNW,Palladyne AI Corp Warrants,$0.0732,-0.002,-2.66%,3403424.00,United States,,95286,Technology,Computer Software: Prepackaged Software
PEB,Pebblebrook Hotel Trust Common Shares of Beneficial Interest,$12.07,-0.22,-1.79%,1373183936.00,United States,2009,4685995,Real Estate,Real Estate Investment Trusts
PEB^E,Pebblebrook Hotel Trust 6.375% Series E Cumulative Redeemable Preferred Shares of Beneficial Interest,$19.87,-0.04,-0.201%,,United States,,8372,,
PEB^F,Pebblebrook Hotel Trust 6.3% Series F Cumulative Redeemable Preferred Shares of Beneficial Interest,$20.1399,0.2499,1.256%,,United States,,11530,,
PEB^G,Pebblebrook Hotel Trust 6.375% Series G Cumulative Redeemable Preferred Shares of Beneficial Interest,$19.99,-0.06,-0.299%,,United States,,8812,,
PEB^H,Pebblebrook Hotel Trust 5.700% Series H Cumulative Redeemable Preferred Shares of Beneficial Interest,$18.00,0.09,0.503%,,United States,,30460,,
PEBK,Peoples Bancorp of North Carolina Inc. Common Stock,$37.17,-0.79,-2.081%,203003583.00,United States,,76694,Finance,Major Banks
PEBO,Peoples Bancorp Inc. Common Stock,$31.45,-0.25,-0.789%,1129598802.00,United States,,1439320,Finance,Major Banks
PECO,Phillips Edison & Company Inc. Common Stock,$36.81,-0.68,-1.814%,4630698000.00,United States,2021,2209362,Real Estate,Real Estate Investment Trusts
PED,Pedevco Corp. Common Stock,$17.97,0.95,5.582%,239015646.00,United States,,57848,Energy,Oil & Gas Production
PEG,Public Service Enterprise Group Incorporated Common Stock,$79.44,-3.34,-4.035%,39619898450.00,United States,,7033360,Utilities,Power Generation
PEGA,Pegasystems Inc. Common Stock,$43.42,0.26,0.602%,7339878149.00,United States,1996,2955676,Technology,EDP Services
PELI,Pelican Acquisition Corporation Ordinary Shares,$7.54,-2.64,-25.933%,0.00,United States,2025,239279,Finance,Blank Checks
PELIR,Pelican Acquisition Corporation Right,$0.6701,-0.1599,-19.265%,0.00,United States,2025,1097212,Finance,Blank Checks
PELIU,Pelican Acquisition Corporation Unit,$9.45,0.00,0.00%,0.00,United States,2025,118,Finance,Blank Checks
PEN,Penumbra Inc. Common Stock,$335.85,-1.50,-0.445%,13179779350.00,United States,2015,932575,Health Care,Medical/Dental Instruments
PENG,Penguin Solutions Inc. Common Stock,$17.52,-0.15,-0.849%,920853951.00,United States,2017,1487603,Technology,Semiconductors
PENN,PENN Entertainment Inc. Common Stock,$13.67,-0.49,-3.46%,1825577552.00,United States,1994,5487775,Consumer Discretionary,Hotels/Resorts
PEO,Adams Natural Resources Fund Inc. Common Stock,$26.91,0.06,0.223%,0.00,United States,,94359,Finance,Finance/Investors Services
PEP,PepsiCo Inc. Common Stock,$150.04,-2.70,-1.768%,205052023912.00,United States,,14478536,Consumer Staples,Beverages (Production/Distribution)
PEPG,PepGen Inc. Common Stock,$4.70,-0.07,-1.468%,324841872.00,United States,2022,653783,Health Care,Biotechnology: Pharmaceutical Preparations
PERF,Perfect Corp. Class A Ordinary Share,$1.65,0.03,1.852%,168050307.00,Taiwan,2022,193330,Technology,Computer Software: Prepackaged Software
PERI,Perion Network Ltd. Ordinary Shares,$9.63,0.63,7.00%,378750972.00,Israel,2006,870724,Technology,EDP Services
PESI,Perma-Fix Environmental Services Inc. Common Stock,$11.795,-0.435,-3.557%,218415823.00,United States,,172621,Industrials,Environmental Services
PETS,PetMed Express Inc. Common Stock,$2.42,-0.06,-2.419%,51789198.00,United States,,89876,Consumer Staples,Retail-Drug Stores and Proprietary Stores
PETZ,TDH Holdings Inc. Common Shares,$1.2274,0.0378,3.178%,12670779.00,China,2017,4419,Industrials,Steel/Iron Ore
PEW,GrabAGun Digital Holdings Inc. Common Stock,$3.02,0.01,0.332%,89119288.00,,2025,372764,Consumer Discretionary,Other Specialty Stores
PFAI,Pinnacle Food Group Limited Class A Common Shares,$2.56,0.06,2.40%,29952000.00,Canada,2025,2456,Consumer Staples,Farming/Seeds/Milling
PFBC,Preferred Bank Common Stock,$87.59,-1.23,-1.385%,1257504229.00,United States,,388084,Finance,Major Banks
PFD,Flaherty & Crumrine Preferred and Income Fund Incorporated,$11.21,-0.11,-0.972%,0.00,United States,1991,49317,Finance,Investment Managers
PFE,Pfizer Inc. Common Stock,$26.97,-0.44,-1.605%,153414964799.00,United States,,66762547,Health Care,Biotechnology: Pharmaceutical Preparations
PFG,Principal Financial Group Inc Common Stock,$85.07,-0.83,-0.966%,18494218000.00,United States,2001,8210796,Finance,Accident &Health Insurance
PFGC,Performance Food Group Company Common Stock,$81.03,-2.66,-3.178%,12729729620.00,United States,2015,3625491,Consumer Discretionary,Food Distributors
PFH,Prudential Financial Inc. 4.125% Junior Subordinated Notes due 2060,$17.13,-0.15,-0.868%,6115410000.00,United States,2020,23442,Finance,Life Insurance
PFIS,Peoples Financial Services Corp. Common Stock,$51.52,-0.04,-0.078%,515151004.00,United States,,65126,Finance,Major Banks
PFL,PIMCO Income Strategy Fund Shares of Beneficial Interest,$7.75,-0.23,-2.882%,0.00,United States,2003,439208,Finance,Finance Companies
PFLT,PennantPark Floating Rate Capital Ltd. Common Stock,$8.07,-0.21,-2.536%,800688421.00,United States,2022,1588568,Finance,Finance: Consumer Services
PFN,PIMCO Income Strategy Fund II,$6.65,-0.17,-2.493%,0.00,United States,2004,919129,Finance,Finance/Investors Services
PFO,Flaherty & Crumrine Preferred and Income Opportunity Fund Incorporated,$8.97,-0.155,-1.699%,0.00,United States,1992,23877,Finance,Finance Companies
PFS,Provident Financial Services Inc Common Stock,$20.29,0.02,0.099%,2791213450.00,United States,2003,2219203,Finance,Savings Institutions
PFSA,Profusa Inc. Common Stock,$0.527,0.0169,3.313%,716390.00,United States,,149131,Health Care,Medical/Dental Instruments
PFSI,PennyMac Financial Services Inc. Common Stock,$84.45,-3.58,-4.067%,4405568177.00,United States,2013,735422,Finance,Finance: Consumer Services
PFX,PhenixFIN Corporation Common Stock,$40.0801,0.0801,0.20%,80090421.00,United States,,1178,Finance,Finance: Consumer Services
PFXNZ,PhenixFIN Corporation  5.25% Notes due 2028,$23.90,-0.05,-0.209%,47892469.00,United States,,725,Finance,Finance: Consumer Services
PG,Procter & Gamble Company (The) Common Stock,$144.28,-0.56,-0.387%,335306818832.00,United States,,60617107,Consumer Discretionary,Package Goods/Cosmetics
PGAC,Pantages Capital Acquisition Corporation Class A Ordinary Shares,$10.47,0.00,0.00%,0.00,United States,2025,7761,,
PGACR,Pantages Capital Acquisition Corporation Right,$0.21,0.01,5.00%,0.00,United States,2025,360,,
PGACU,Pantages Capital Acquisition Corporation Unit,$10.51,-0.08,-0.755%,0.00,United States,2024,120,,
PGC,Peapack-Gladstone Financial Corporation Common Stock,$33.18,-0.58,-1.718%,582993338.00,United States,,200611,Finance,Commercial Banks
PGEN,Precigen Inc. Common Stock,$3.28,-0.04,-1.205%,1160544357.00,United States,,3162860,Health Care,Biotechnology: Pharmaceutical Preparations
PGNY,Progyny Inc. Common Stock,$18.13,-0.05,-0.275%,1484887466.00,United States,2019,2245349,Health Care,Misc Health and Biotechnology Services
PGP,Pimco Global StocksPlus & Income Fund Common Shares of Beneficial Interest,$8.21,-0.19,-2.262%,0.00,United States,2005,86908,Finance,Finance Companies
PGR,Progressive Corporation (The) Common Stock,$206.00,3.32,1.638%,120696708718.00,United States,,7865853,Finance,Property-Casualty Insurers
PGY,Pagaya Technologies Ltd. Class A Ordinary Shares,$10.64,-0.39,-3.536%,878081279.00,United States,,4401394,Finance,Finance: Consumer Services
PGYWW,Pagaya Technologies Ltd. Warrants,$0.076,-0.004,-5.00%,6272009.00,United States,,18732,Finance,Finance: Consumer Services
PGZ,Principal Real Estate Income Fund Common Shares of Beneficial Interest,$9.66,-0.23,-2.326%,0.00,,2013,21209,Finance,Investment Managers
PH,Parker-Hannifin Corporation Common Stock,$894.41,-5.60,-0.622%,112889325703.00,United States,,904849,Industrials,Metal Fabrications
PHAR,Pharming Group N.V. ADS each representing 10 ordinary shares,$15.36,-0.11,-0.711%,1050518139.00,Netherlands,,21684,Health Care,Biotechnology: Pharmaceutical Preparations
PHAT,Phathom Pharmaceuticals Inc. Common Stock,$11.21,0.06,0.538%,883333562.00,United States,2019,2623943,Health Care,Biotechnology: Pharmaceutical Preparations
PHG,Koninklijke Philips N.V. NY Registry Shares,$26.25,-0.61,-2.271%,24971334518.00,Netherlands,,1110728,Health Care,Medical Electronics
PHGE,BiomX Inc. COmmon Stock,$4.89,-0.09,-1.807%,7793208.00,,2019,28438,Health Care,Biotechnology: Biological Products (No Diagnostic Substances)
PHI,PLDT Inc. Sponsored ADR,$20.70,-0.61,-2.863%,4472354543.00,Philippines,,2102316,Telecommunications,Telecommunications Equipment
PHIN,PHINIA Inc. Common Stock,$62.73,-0.76,-1.197%,2378418112.00,United States,2023,922474,Consumer Discretionary,Auto Parts:O.E.M.
PHIO,Phio Pharmaceuticals Corp. Common Stock,$1.22,0.04,3.39%,14173045.00,United States,,257650,Health Care,Biotechnology: Pharmaceutical Preparations
PHK,Pimco High Income Fund,$4.45,-0.14,-3.05%,0.00,United States,2003,1223109,Finance,Finance/Investors Services
PHM,PulteGroup Inc. Common Stock,$114.55,-3.30,-2.80%,21946548588.00,United States,,4074111,Consumer Discretionary,Homebuilding
PHOE,Phoenix Asia Holdings Limited Ordinary Shares,$16.30,0.61,3.888%,352080000.00,Hong Kong,2025,6342,Consumer Discretionary,Engineering & Construction
PHR,Phreesia Inc. Common Stock,$11.86,0.09,0.765%,715003856.00,United States,2019,2215728,Real Estate,Real Estate
PHUN,Phunware Inc. Common Stock,$1.80,0.00,0.00%,36337187.00,Greece,2016,441711,Technology,EDP Services
PHVS,Pharvaris N.V. Ordinary Shares,$26.00,-0.13,-0.498%,1416821692.00,Netherlands,2021,162916,Health Care,Biotechnology: Pharmaceutical Preparations
PHXE^,Phoenix Energy One LLC Series A Cumulative Redeemable Preferred Shares,$24.00,0.525,2.236%,,,,17042,,
PI,Impinj Inc. Common Stock,$98.11,-1.99,-1.988%,2966030713.00,United States,2016,899882,Technology,Industrial Machinery/Components
PICS,PicS N.V. Class A Common Shares,$11.50,-0.77,-6.275%,1227399600.00,Brazil,2026,1675651,Finance,Finance: Consumer Services
PII,Polaris Inc. Common Stock,$52.37,-0.06,-0.114%,2964974316.00,United States,,1288332,Consumer Discretionary,Industrial Specialties
PIII,P3 Health Partners Inc. Class A Common Stock,$2.90,0.20,7.407%,20896208.00,United States,2021,47964,Health Care,Medical/Nursing Services
PIIIW,P3 Health Partners Inc. Warrant,$0.0062,-0.0001,-1.587%,44675.00,United States,2021,11400,Health Care,Medical/Nursing Services
PIM,Putnam Master Intermediate Income Trust Common Stock,$3.17,-0.02,-0.627%,159303259.00,United States,1988,23094,Finance,Finance Companies
PINE,Alpine Income Property Trust Inc. Common Stock,$18.23,-0.76,-4.002%,275064704.00,United States,2019,253057,Real Estate,Real Estate Investment Trusts
PINE^A,Alpine Income Property Trust Inc. 8.00% Series A Cumulative Redeemable Preferred Stock,$25.005,-0.055,-0.219%,,United States,,8466,,
PINS,Pinterest Inc. Class A Common Stock,$18.68,0.02,0.107%,12424789478.00,United States,2019,26803517,Technology,Computer Software: Programming Data Processing
PIPR,Piper Sandler Companies Common Stock,$294.27,-1.34,-0.453%,5244607947.00,United States,,367199,Finance,Investment Bankers/Brokers/Service
PJT,PJT Partners Inc. Class A Common Stock,$131.26,0.62,0.475%,3173144739.00,United States,2015,723981,Finance,Investment Managers
PK,Park Hotels & Resorts Inc. Common Stock ,$10.27,-0.25,-2.376%,2068361969.00,United States,2016,4211281,Consumer Discretionary,Hotels/Resorts
PKBK,Parke Bancorp Inc. Common Stock,$27.41,-0.11,-0.40%,324605556.00,United States,,127470,Finance,Major Banks
PKE,Park Aerospace Corp. Common Stock,$26.38,-1.24,-4.49%,525642551.00,United States,,462912,Industrials,Military/Government/Technical
PKG,Packaging Corporation of America Common Stock,$202.73,-1.66,-0.812%,18086231366.00,United States,2000,5392072,Consumer Discretionary,Containers/Packaging
PKOH,Park-Ohio Holdings Corp. Common Stock,$23.37,-0.21,-0.891%,336507668.00,United States,,48177,Industrials,Industrial Specialties
PKST,Peakstone Realty Trust Common Shares,$20.85,0.01,0.048%,775209151.00,United States,2023,533760,Real Estate,Real Estate Investment Trusts
PKX,POSCO HOLDINGS INC. American Depositary Shares (Each representing 1/4th of a share of Common Stock),$55.68,-1.73,-3.013%,18402101245.00,South Korea,1994,192266,Industrials,Steel/Iron Ore
PL,Planet Labs PBC Class A Common Stock,$33.83,6.87,25.482%,11337824699.00,United States,2021,63550323,Technology,Radio And Television Broadcasting And Communications Equipment
PLAB,Photronics Inc. Common Stock,$36.34,-0.64,-1.731%,2142838758.00,United States,1987,1736818,Technology,Semiconductors
PLAG,Planet Green Holdings Corp. Common Stock,$1.69,0.13,8.333%,24053287.00,China,,140775,Consumer Staples,Packaged Foods
PLAY,Dave & Buster's Entertainment Inc. Common Stock,$12.82,-0.94,-6.831%,444600997.00,United States,2014,5629988,Consumer Discretionary,Restaurants
PLBC,Plumas Bancorp,$47.85,0.06,0.126%,332821345.00,United States,,61111,Finance,Finance Companies
PLBL,Polibeli Group Ltd Class A Ordinary Shares,$8.50,0.00,0.00%,3114293495.00,Indonesia,,573,Consumer Discretionary,Consumer Electronics/Appliances
PLBY,Playboy Inc. Common Stock,$1.76,-0.08,-4.348%,202153112.00,United States,2020,492373,Consumer Discretionary,Other Specialty Stores
PLCE,Children's Place Inc. (The) Common Stock,$3.33,-0.13,-3.757%,73819070.00,United States,1997,305215,Consumer Discretionary,Clothing/Shoe/Accessory Stores
PLD,Prologis Inc. Common Stock,$128.01,-3.08,-2.35%,121778089170.00,United States,,5564193,Real Estate,Real Estate Investment Trusts
PLG,Platinum Group Metals Ltd. Ordinary Shares (Canada),$1.61,-0.12,-6.936%,198682113.00,Canada,,2064018,Basic Materials,Precious Metals
PLMK,Plum Acquisition Corp. IV Class A Ordinary Shares,$10.54,0.00,0.00%,0.00,United States,2025,12406,,
PLMKU,Plum Acquisition Corp. IV Unit,$10.60,0.00,0.00%,0.00,United States,2025,4,,
PLMKW,Plum Acquisition Corp. IV Warrants,$0.56,0.01,1.818%,0.00,United States,2025,1144,,
PLMR,Palomar Holdings Inc. Common stock,$116.90,0.75,0.646%,3120031191.00,United States,2019,698526,Finance,Property-Casualty Insurers
PLNT,Planet Fitness Inc. Common Stock,$74.34,-1.70,-2.236%,5948242024.00,United States,2015,2046712,Consumer Discretionary,Hotels/Resorts
PLOW,Douglas Dynamics Inc. Common Stock,$40.49,-0.45,-1.099%,934704119.00,United States,2010,285665,Industrials,Construction/Ag Equipment/Trucks
PLPC,Preformed Line Products Company Common Stock,$263.09,0.41,0.156%,1288313582.00,United States,,204397,Industrials,Water Sewer Pipeline Comm & Power Line Construction
PLRX,Pliant Therapeutics Inc. Common Stock,$1.29,-0.04,-3.008%,79869917.00,United States,2020,443380,Health Care,Biotechnology: Pharmaceutical Preparations
PLRZ,Polyrizon Ltd. Ordinary Shares,$13.70,0.20,1.481%,21837060.00,Israel,2024,10954,Health Care,Biotechnology: Pharmaceutical Preparations
PLSE,Pulse Biosciences Inc Common Stock (DE),$22.10,-0.30,-1.339%,1502558624.00,United States,2016,335742,Health Care,Medical/Dental Instruments
PLSM,Pulsenmore Ltd. Ordinary Shares,$4.20,0.00,0.00%,0.00,Israel,,43,Health Care,Medical/Dental Instruments
PLTK,Playtika Holding Corp. Common Stock,$2.82,-0.02,-0.704%,1069722743.00,Israel,2021,2811070,Technology,EDP Services
PLTR,Palantir Technologies Inc. Class A Common Stock,$150.68,-5.00,-3.212%,360226262733.00,United States,,48527480,Technology,Computer Software: Prepackaged Software
PLUG,Plug Power Inc. Common Stock,$2.23,-0.17,-7.083%,3108519938.00,United States,1999,104394616,Energy,Industrial Machinery/Components
PLUR,Pluri Inc. Common Stock,$3.11,-0.02,-0.639%,31257811.00,Israel,,4155,Health Care,Biotechnology: Biological Products (No Diagnostic Substances)
PLUS,ePlus inc. Common Stock,$74.45,-0.74,-0.984%,1964926166.00,United States,1996,853089,Technology,Retail: Computer Software & Peripheral Equipment
PLUT,Plutus Financial Group Limited Ordinary Shares,$3.18,0.0708,2.277%,45315000.00,Hong Kong,2025,8181,Finance,Investment Bankers/Brokers/Service
PLX,Protalix BioTherapeutics Inc. (DE) Common Stock,$2.14,-0.09,-4.036%,172423314.00,Israel,,1539546,Health Care,Biotechnology: Biological Products (No Diagnostic Substances)
PLXS,Plexus Corp. Common Stock,$195.00,-6.48,-3.216%,5223360870.00,United States,,691954,Technology,Electrical Products
PLYX,Polaryx Therapeutics Inc. Common Stock,$5.54,-0.11,-1.947%,262281865.00,United States,,1160028,Health Care,Biotechnology: Pharmaceutical Preparations
PM,Philip Morris International Inc Common Stock,$163.11,-0.26,-0.159%,253910006131.00,United States,,9563667,Health Care, Medicinal Chemicals and Botanical Products 
PMAX,Powell Max Limited Class A Ordinary Shares,$0.3448,-0.0052,-1.486%,3026478.00,Hong Kong,2024,220626,Consumer Discretionary,Other Consumer Services
PMCB,PharmaCyte  Biotech Inc. Common Stock,$0.6868,-0.0152,-2.165%,7373244.00,United States,,256451,Health Care,Biotechnology: Biological Products (No Diagnostic Substances)
PMEC,Primech Holdings Ltd. Ordinary Shares,$0.69,-0.01,-1.429%,26254500.00,Singapore,2023,7814,Consumer Discretionary,Diversified Commercial Services
PMI,Picard Medical Inc. Common Stock,$1.15,0.03,2.679%,84756352.00,,2025,207965,Health Care,Medical/Dental Instruments
PML,Pimco Municipal Income Fund II Common Shares of Beneficial Interest,$7.47,-0.12,-1.581%,0.00,United States,2002,696437,Finance,Investment Managers
PMM,Putnam Managed Municipal Income Trust Common Stock,$6.17,-0.12,-1.908%,300718452.00,United States,1989,85246,Finance,Investment Managers
PMN,ProMIS Neurosciences Inc. Common Shares (ON),$17.60,-0.61,-3.35%,37883014.00,Canada,,15192,Health Care,Biotechnology: Pharmaceutical Preparations
PMNT,Perfect Moment Ltd. Common Stock,$0.2101,-0.0048,-2.234%,9847597.00,United Kingdom,2024,85751,Consumer Discretionary,Apparel
PMO,Putnam Municipal Opportunities Trust Common Stock,$10.38,-0.16,-1.518%,352728665.00,United States,1993,53631,Finance,Finance Companies
PMT,PennyMac Mortgage Investment Trust Common Shares of Beneficial Interest,$11.22,-0.41,-3.525%,976326297.00,United States,2009,3103760,Real Estate,Real Estate Investment Trusts
PMT^A,PennyMac Mortgage Investment Trust 8.125% Series A Fixed-to-Floating Rate Cumulative Redeemable Preferred Shares of Beneficial Interest,$23.28,-0.3417,-1.447%,,United States,,8541,,
PMT^B,PennyMac Mortgage Investment Trust 8.00% Series B Fixed-to-Floating Rate Cumulative Redeemable Preferred Shares of Beneficial Interest,$22.87,-0.50,-2.139%,,United States,,10823,,
PMT^C,PennyMac Mortgage Investment Trust 6.75% Series C Cumulative Redeemable Preferred Shares of Beneficial Interest,$17.61,-0.625,-3.427%,,United States,,44584,,
PMTR,Perimeter Acquisition Corp. I Class A Ordinary Shares,$10.27,-0.03,-0.291%,0.00,United States,2025,11669,Finance,Blank Checks
PMTRU,Perimeter Acquisition Corp. I Unit,$10.60,0.00,0.00%,0.00,United States,2025,956,Finance,Blank Checks
PMTRW,Perimeter Acquisition Corp. I Warrant,$0.61,-0.06,-8.955%,0.00,United States,2025,7338,Finance,Blank Checks
PMTS,CPI Card Group Inc. Common Stock,$13.18,-0.78,-5.587%,151048546.00,United States,,239835,Consumer Discretionary,Publishing
PMTU,PennyMac Mortgage Investment Trust 8.50% Senior Notes due 2028,$25.18,-0.0811,-0.321%,2191078089.00,United States,2023,4445,Real Estate,Real Estate Investment Trusts
PMTV,PennyMac Mortgage Investment Trust 9.00% Senior Notes due 2030,$25.0601,-0.11,-0.437%,0.00,United States,2025,31828,Real Estate,Real Estate Investment Trusts
PMTW,PennyMac Mortgage Investment Trust 9.00% Senior Notes due 2030,$24.90,-0.12,-0.48%,0.00,United States,2025,40849,Real Estate,Real Estate Investment Trusts
PMVP,PMV Pharmaceuticals Inc. Common Stock,$1.47,-0.03,-2.00%,78394206.00,United States,2020,283944,Health Care,Biotechnology: Pharmaceutical Preparations
PN,Skycorp Solar Group Limited Ordinary Shares,$0.6999,-0.0201,-2.792%,18897300.00,China,2025,182402,Technology,Retail: Computer Software & Peripheral Equipment
PNBK,Patriot National Bancorp Inc. Common Stock,$1.42,0.01,0.709%,163287244.00,United States,,2348221,Finance,Major Banks
PNC,PNC Financial Services Group Inc. (The) Common Stock,$201.71,-0.34,-0.168%,81363948878.00,United States,,6082316,Finance,Major Banks
PNFP,Pinnacle Financial Partners Inc. Common stock,$83.18,0.24,0.289%,12576816000.00,United States,,4024205,Finance,Major Banks
PNFP^A,Pinnacle Financial Partners Inc. Fixed-to-Floating Rate Non-Cumulative Perpetual Preferred Stock Series A,$25.09,-0.07,-0.278%,,United States,,8842,,
PNFP^B,Pinnacle Financial Partners Inc. Fixed-to-Floating Rate Non-Cumulative Perpetual Preferred Stock Series B,$25.60,-0.2299,-0.89%,,United States,,24017,,
PNFP^C,Pinnacle Financial Partners Inc. Fixed-to-Floating Rate Non-Cumulative Perpetual Preferred Stock Series C,$25.08,-0.08,-0.318%,,United States,,38593,,
PNI,Pimco New York Municipal Income Fund II Common Shares of Beneficial Interest,$6.81,-0.10,-1.447%,0.00,United States,2002,34215,Finance,Trusts Except Educational Religious and Charitable
PNNT,PennantPark Investment Corporation Common Stock,$4.52,-0.28,-5.833%,295138345.00,United States,2022,1888430,Finance,Finance: Consumer Services
PNR,Pentair plc. Ordinary Share,$86.49,-2.00,-2.26%,14118256212.00,Switzerland,,2182606,Industrials,Industrial Machinery/Components
PNRG,PrimeEnergy Resources Corporation Common Stock,$215.80,-2.62,-1.20%,352833000.00,United States,,91347,Energy,Oil & Gas Production
PNTG,The Pennant Group Inc. Common Stock ,$31.05,-1.01,-3.15%,1076289814.00,United States,,414770,Health Care,Medical/Nursing Services
PNW,Pinnacle West Capital Corporation Common Stock,$97.27,-2.80,-2.798%,11760467285.00,United States,,2453831,Utilities,Electric Utilities: Central
POAS,Phaos Technology Holdings (Cayman) Limited Class A Ordinary Shares,$1.47,-0.03,-2.00%,41787691.00,,2025,45478,Industrials,Industrial Machinery/Components
POCI,Precision Optics Corporation Inc. Common stock,$4.40,0.294,7.16%,33969008.00,United States,,35555,Health Care,Biotechnology: Electromedical & Electrotherapeutic Apparatus
PODC,PodcastOne Inc. Common Stock,$2.43,0.10,4.292%,65999079.00,United States,,63671,Technology,Computer Software: Programming Data Processing
PODD,Insulet Corporation Common Stock,$227.10,-1.53,-0.669%,15986897081.00,United States,2007,1062931,Health Care,Medical/Dental Instruments
POET,POET Technologies Inc. Common Shares,$5.93,-0.30,-4.815%,905577309.00,Canada,,7688553,Technology,Semiconductors
POLA,Polar Power Inc. Common Stock,$1.69,-0.13,-7.143%,4493162.00,United States,2016,119939,Miscellaneous,Industrial Machinery/Components
POLE,Andretti Acquisition Corp. II Class A Ordinary Shares,$10.64,0.00,0.00%,0.00,United States,2024,4570,,
POLEW,Andretti Acquisition Corp. II Warrant,$0.1011,0.00,0.00%,0.00,United States,2024,574,,
POM,POMDOCTOR LIMITED American Depositary Shares,$0.3245,-0.0365,-10.111%,38427574.00,China,2025,130167,Consumer Discretionary,Other Specialty Stores
PONOU,Pono Capital Four Inc. Units,$9.98,0.01,0.10%,0.00,Cayman Islands,2026,49020,Industrials,Aerospace
PONY,Pony AI Inc. American Depositary Shares ,$10.53,-0.23,-2.138%,4565192553.00,China,2024,19666561,Technology,EDP Services
POOL,Pool Corporation Common Stock,$200.34,-4.02,-1.967%,7370071859.00,United States,1995,1380767,Consumer Discretionary,Industrial Specialties
POR,Portland General Electric Co Common Stock,$50.97,-1.29,-2.468%,5898607076.00,United States,,3218675,Utilities,Electric Utilities: Central
POST,Post Holdings Inc. Common Stock,$96.72,-0.69,-0.708%,4625558462.00,United States,2012,2227782,Consumer Staples,Packaged Foods
POWI,Power Integrations Inc. Common Stock,$46.45,-0.18,-0.386%,2578160800.00,United States,1997,1504901,Technology,Semiconductors
POWL,Powell Industries Inc. Common Stock,$516.00,-9.40,-1.789%,6265418028.00,United States,,362495,Energy,Electrical Products
POWW,Outdoor Holding Company Common Stock,$1.92,-0.10,-4.95%,225194346.00,United States,,2509929,Industrials,Ordnance And Accessories
POWWP,Outdoor Holding Company 8.75% Series A Cumulative Redeemable Perpetual Preferred Stock,$24.1969,0.2269,0.947%,2838023477.00,United States,,598,Industrials,Ordnance And Accessories
PPBT,Purple Biotech Ltd. American Depositary Shares,$3.98,0.1912,5.046%,3594119.00,Israel,2015,9813,Health Care,Biotechnology: Pharmaceutical Preparations
PPC,Pilgrim's Pride Corporation Common Stock,$35.23,-0.44,-1.234%,8368796558.00,United States,,1135707,Consumer Staples,Meat/Poultry/Fish
PPCB,Propanc Biopharma Inc. Common Stock,$0.1187,0.0017,1.453%,1882497.00,Australia,,806621,Health Care,Biotechnology: Pharmaceutical Preparations
PPG,PPG Industries Inc. Common Stock,$97.22,-1.16,-1.179%,21757704753.00,United States,,3638379,Consumer Discretionary,Paints/Coatings
PPHC,Public Policy Holding Company Inc. Common Stock,$13.00,0.14,1.089%,326752127.00,United States,2026,609617,,
PPIH,Perma-Pipe International Holdings Inc. Common Stock,$28.63,-0.97,-3.277%,231732508.00,United States,,67589,Industrials,Pollution Control Equipment
PPL,PPL Corporation Common Stock,$36.55,-1.10,-2.922%,27460263248.00,United States,,10368702,Utilities,Electric Utilities: Central
PPLC,PPL Corporation Corporate Units,$49.82,-0.89,-1.755%,37430104377.00,United States,,16307,Utilities,Electric Utilities: Central
PPSI,Pioneer Power Solutions Inc. Common Stock,$3.15,-0.12,-3.67%,34950088.00,United States,,90119,Industrials,Electrical Products
PPT,Putnam Premier Income Trust Common Stock,$3.48,-0.02,-0.571%,346358355.00,United States,1988,163975,Finance,Finance Companies
PPTA,Perpetua Resources Corp. Common Shares,$24.99,-1.62,-6.088%,3045598323.00,Canada,,3021542,Basic Materials,Precious Metals
PR,Permian Resources Corporation Class A Common Stock,$20.07,0.10,0.501%,16783766719.00,United States,2022,30449493,Energy,Oil & Gas Production
PRA,ProAssurance Corporation Common Stock,$24.58,0.11,0.45%,1263747345.00,United States,,1083078,Finance,Property-Casualty Insurers
PRAA,PRA Group Inc. Common Stock,$17.46,-0.31,-1.745%,671395386.00,United States,2002,936294,Finance,Finance: Consumer Services
PRAX,Praxis Precision Medicines Inc. Common Stock,$298.31,0.81,0.272%,8308181992.00,United States,2020,966671,Health Care,Biotechnology: Pharmaceutical Preparations
PRCH,Porch Group Inc. Common Stock,$7.10,-0.34,-4.57%,883679476.00,United States,2020,1225509,Technology,Computer Software: Prepackaged Software
PRCT,PROCEPT BioRobotics Corporation Common Stock,$25.79,0.11,0.428%,1454303155.00,United States,2021,1220511,Health Care,Medical/Dental Instruments
PRDO,Perdoceo Education Corporation Common Stock,$34.56,0.12,0.348%,2159252571.00,United States,,2893486,Real Estate,Other Consumer Services
PRE,Prenetics Global Limited Class A Ordinary Share,$19.62,-1.53,-7.234%,255726707.00,Hong Kong,,119937,Finance,Blank Checks
PRENW,Prenetics Global Limited Warrant,$0.02,0.00,0.00%,260680.00,Hong Kong,,200,Finance,Blank Checks
PRFX,PRF Technologies Ltd. Ordinary Shares,$2.28,-0.01,-0.437%,1785395.00,Israel,2020,20972,Health Care,Biotechnology: Pharmaceutical Preparations
PRG,PROG Holdings Inc. Common Stock,$27.75,-0.22,-0.787%,1098228728.00,United States,,1812390,Consumer Discretionary,Diversified Commercial Services
PRGO,Perrigo Company plc Ordinary Shares,$9.25,-0.40,-4.145%,1273256506.00,United States,,5825831,Health Care,Biotechnology: Pharmaceutical Preparations
PRGS,Progress Software Corporation Common Stock (DE),$31.29,-0.53,-1.666%,1317736046.00,United States,1991,1598977,Technology,Computer Software: Prepackaged Software
PRH,Prudential Financial Inc. 5.950% Junior Subordinated Notes due 2062,$23.89,-0.27,-1.118%,8409280000.00,United States,2022,19237,Finance,Life Insurance
PRHI,Presurance Holdings Inc. Common Stock,$0.65,0.055,9.244%,7944873.00,United States,2015,40338,Finance,Property-Casualty Insurers
PRHIZ,Presurance Holdings Inc. 9.75% Senior Unsecured Notes due 2028,$17.51,-0.50,-2.776%,214022646.00,United States,,100,Finance,Property-Casualty Insurers
PRI,Primerica Inc. Common Stock,$245.55,-1.47,-0.595%,7774089918.00,United States,2010,529891,Finance,Life Insurance
PRIF^D,Priority Income Fund Inc. 7.00% Series D Term Preferred Stock due 2029,$24.80,0.00,0.00%,,,,26,,
PRIF^J,Priority Income Fund Inc. 6.000% Series J Term Preferred Stock due 2028,$24.54,-0.055,-0.224%,,,,1578,,
PRIF^K,Priority Income Fund Inc. 7.000% Series K Cumulative Preferred Stock,$21.795,-0.085,-0.388%,,,,1543,,
PRIF^L,Priority Income Fund Inc. 6.375% Series L Term Preferred Stock Due 2029,$24.26,-0.15,-0.615%,,,,4492,,
PRIM,Primoris Services Corporation Common Stock,$138.82,-4.26,-2.977%,7504123608.00,United States,,1740782,Industrials,Water Sewer Pipeline Comm & Power Line Construction
PRK,Park National Corporation Common Stock,$156.07,0.35,0.225%,2819621956.00,United States,1994,634980,Finance,Major Banks
PRKS,United Parks & Resorts Inc. Common Stock,$31.27,-1.06,-3.279%,1520544182.00,United States,2013,970623,Health Care,Biotechnology: Electromedical & Electrotherapeutic Apparatus
PRLB,Proto Labs Inc. Common stock,$55.75,-0.90,-1.589%,1325465170.00,United States,2012,295491,Industrials,Metal Fabrications
PRLD,Prelude Therapeutics Incorporated Common Stock,$2.99,-0.20,-6.27%,188376722.00,United States,2020,339149,Health Care,Biotechnology: Pharmaceutical Preparations
PRM,Perimeter Solutions SA Common Stock,$20.69,-0.53,-2.498%,3091914841.00,Luxembourg,,1786370,Industrials,Major Chemicals
PRMB,Primo Brands Corporation Class A Common Stock,$18.22,-1.10,-5.694%,6617083592.00,United States,2024,8873913,Consumer Staples,Beverages (Production/Distribution)
PRME,Prime Medicine Inc. Common Stock,$3.52,-0.16,-4.348%,635543670.00,United States,2022,5999594,Health Care,Biotechnology: Biological Products (No Diagnostic Substances)
PROF,Profound Medical Corp. Common Stock,$5.06,-0.10,-1.938%,152978808.00,Canada,,189651,Health Care,Medical/Dental Instruments
PROK,ProKidney Corp. Class A Ordinary Shares,$1.93,-0.02,-1.026%,580610351.00,United States,2021,690295,Health Care,Biotechnology: Biological Products (No Diagnostic Substances)
PROP,Prairie Operating Co. Common Stock,$1.43,-0.14,-8.917%,85294652.00,United States,,4445656,Finance,Finance: Consumer Services
PROV,Provident Financial Holdings Inc. Common Stock,$16.03,-0.07,-0.435%,102191571.00,United States,,12073,Finance,Savings Institutions
PRPL,Purple Innovation Inc. Common Stock,$0.7095,0.0097,1.386%,76916134.00,United States,2015,233909,Consumer Discretionary,Home Furnishings
PRPO,Precipio Inc.  Common Stock,$27.88,0.95,3.528%,48845955.00,United States,,19051,Industrials,Biotechnology: Laboratory Analytical Instruments
PRQR,ProQR Therapeutics N.V. Ordinary Shares,$1.54,-0.05,-3.145%,162256039.00,Netherlands,2014,144704,Health Care,Biotechnology: Pharmaceutical Preparations
PRS,Prudential Financial Inc. 5.625% Junior Subordinated Notes due 2058,$23.30,-0.24,-1.02%,8201600000.00,United States,2018,35908,Finance,Life Insurance
PRSO,Peraso Inc. Common Stock,$1.21,0.01,0.833%,12568161.00,United States,,915265,Technology,Semiconductors
PRSU,Pursuit Attractions and Hospitality Inc. Common Stock,$34.02,-1.64,-4.599%,953220770.00,United States,,474976,Real Estate,Real Estate
PRT,PermRock Royalty Trust Units of Beneficial Interest,$3.31,-0.07,-2.071%,40268573.00,United States,2018,73556,Energy,Oil & Gas Production
PRTA,Prothena Corporation plc Ordinary Shares,$8.75,0.21,2.459%,471038593.00,United States,,1401607,Health Care,Biotechnology: Pharmaceutical Preparations
PRTC,PureTech Health plc American Depositary Shares,$15.89,-0.36,-2.215%,384035940.00,United States,,1603,Health Care,Biotechnology: Pharmaceutical Preparations
PRTH,Priority Technology Holdings Inc. Common Stock,$4.88,-0.06,-1.215%,401552562.00,United States,2016,321683,Real Estate,Real Estate
PRTS,CarParts.com Inc. Common Stock,$0.7887,0.005,0.638%,55597144.00,United States,2007,516403,Consumer Discretionary,Auto & Home Supply Stores
PRU,Prudential Financial Inc. Common Stock,$93.03,0.52,0.562%,32374440000.00,United States,2001,6433455,Finance,Life Insurance
PRVA,Privia Health Group Inc. Common Stock,$21.24,-0.53,-2.435%,2627139258.00,United States,2021,1756542,Health Care,Medical/Nursing Services
PRZO,ParaZero Technologies Ltd. Ordinary Shares,$1.07,-0.07,-6.14%,22656568.00,Israel,2023,903624,Industrials,Military/Government/Technical
PSA,Public Storage Common Stock,$265.78,-11.55,-4.165%,46646103484.00,United States,,2037029,Real Estate,Real Estate Investment Trusts
PSA^F,Public Storage Depositary Shares Each Representing 1/1000 of a 5.15% Cumulative Preferred Share of Beneficial Interest Series F par value $0.01 per share,$19.92,-0.29,-1.435%,,United States,,20329,,
PSA^G,Public Storage Depositary Shares Each Representing 1/1000 of a 5.05% Cumulative Preferred Share of Beneficial Interest Series G,$19.6999,-0.2701,-1.353%,,United States,,13784,,
PSA^H,Public Storage Depositary Shares Each Representing 1/1000 of a  5.60% Cumulative Preferred  Share of Beneficial Interest Series H,$21.98,-0.37,-1.655%,,United States,,31269,,
PSA^I,Public Storage Depositary Shares Each Representing 1/1000 of a 4.875% Cumulative Preferred Share of Beneficial Interest Series I par value $0.01 per share,$18.90,-0.15,-0.787%,,United States,,24294,,
PSA^J,Public Storage Depositary Shares Each Representing 1/1000 of a 4.700% Cumulative Preferred Share of Beneficial Interest Series J par value $0.01 per share,$18.155,-0.135,-0.738%,,United States,,23577,,
PSA^K,Public Storage Depositary Shares Each Representing 1/1000 of a 4.75% Cumulative Preferred Share of Beneficial Interest Series K,$18.12,-0.39,-2.107%,,United States,,14869,,
PSA^L,Public Storage Depositary Shares Each Representing 1/1000 of a 4.625% Cumulative Preferred Share of Beneficial Interest Series L par value $0.01 per share,$18.07,-0.125,-0.687%,,United States,,56046,,
PSA^M,Public Storage Depositary Shares Each Representing 1/1000 of a 4.125% Cumulative Preferred Share of Beneficial Interest Series M,$15.94,-0.18,-1.117%,,United States,,7095,,
PSA^N,Public Storage Depositary Shares Each Representing 1/1000 of a 3.875% Cumulative Preferred Share of Beneficial Interest Series N,$14.8599,-0.2501,-1.655%,,United States,,34149,,
PSA^O,Public Storage Depositary Shares Each Representing 1/1000 of a 3.900% Cumulative Preferred Share of Beneficial Interest Series O,$15.02,-0.16,-1.054%,,United States,,10363,,
PSA^P,Public Storage Depositary Shares Each Representing 1/1000 of a 4.000% Cumulative Preferred Share of Bene cial Interest Series P,$15.52,-0.23,-1.46%,,United States,,28047,,
PSA^Q,Public Storage Depositary Shares Each Representing 1/1000 of a 3.950% Cumulative Preferred Share of Beneficial Interest Series Q par value $0.01 per share,$15.21,-0.17,-1.105%,,United States,,16152,,
PSA^R,Public Storage Depositary Shares Each Representing 1/1000 of a 4.00% Cumulative Preferred Share of Bene cial Interest Series R,$15.47,-0.16,-1.024%,,United States,,32378,,
PSA^S,Public Storage Depositary Shares Each Representing 1/1000 of a 4.100% Cumulative Preferred Share of Beneficial Interest Series S,$15.845,-0.055,-0.346%,,United States,,46661,,
PSBD,Palmer Square Capital BDC Inc. Common Stock,$10.39,-0.32,-2.988%,0.00,,2024,116478,,
PSEC,Prospect Capital Corporation Common Stock,$2.50,-0.09,-3.475%,1216212363.00,United States,2004,8572571,Finance,Finance: Consumer Services
PSEC^A,Prospect Capital Corporation 5.35% Series A Fixed Rate Cumulative Perpetual Preferred Stock,$16.57,-0.78,-4.496%,,United States,,5009,,
PSF,Cohen & Steers Select Preferred and Income Fund Inc. Common Stock,$19.17,-0.36,-1.843%,941987499.00,,2010,59449,Finance,Investment Managers
PSFE,Paysafe Limited Common Shares,$6.91,-0.02,-0.289%,440003807.00,,2021,513181,Real Estate,Real Estate
PSHG,Performance Shipping Inc. Common Shares,$1.81,-0.03,-1.63%,22502206.00,Greece,,208959,Consumer Discretionary,Marine Transportation
PSIG,PS International Group Ltd. Ordinary Shares,$5.30,-0.045,-0.842%,45702441.00,Hong Kong,,3312,Industrials,Integrated Freight & Logistics
PSIX,Power Solutions International Inc. Common Stock,$52.84,-1.46,-2.689%,1217985778.00,United States,,525591,Industrials,Industrial Machinery/Components
PSKY,Paramount Skydance Corporation Class B Common Stock,$9.15,0.19,2.121%,10172431147.00,United States,,23883836,Industrials,Broadcasting
PSMT,PriceSmart Inc. Common Stock,$140.70,-1.97,-1.381%,4335729172.00,United States,,551090,Consumer Discretionary,Department/Specialty Retail Stores
PSN,Parsons Corporation Common Stock,$50.04,-0.12,-0.239%,5354855260.00,United States,2019,2144210,Technology,EDP Services
PSNL,Personalis Inc. Common Stock,$7.26,0.07,0.974%,759627100.00,United States,2019,1915295,Health Care,Medical Specialities
PSNY,Polestar Automotive Holding UK PLC Class A ADS,$16.53,-0.52,-3.05%,1272682256.00,Sweden,,194563,Industrials,Auto Manufacturing
PSNYW,Polestar Automotive Holding UK PLC Class C-1 ADS (ADW),$5.25,0.67,14.629%,404209428.00,Sweden,,38189,Industrials,Auto Manufacturing
PSO,Pearson Plc Common Stock,$12.74,-0.42,-3.191%,8099747230.00,United Kingdom,,1706328,Consumer Discretionary,Books
PSQH,PSQ Holdings Inc. Class A Common Stock,$0.661,-0.049,-6.901%,32202092.00,,2021,327719,Consumer Discretionary,Advertising
PSTG,Everpure Inc. Class A common stock,$62.63,-2.82,-4.309%,20678650377.00,United States,2015,4402654,Technology,Electronic Components
PSTL,Postal Realty Trust Inc. Class A Common Stock,$18.05,-0.91,-4.80%,495781715.00,United States,2019,605241,Real Estate,Real Estate Investment Trusts
PSTV,PLUS THERAPEUTICS Inc. Common Stock ,$0.2479,0.0068,2.82%,42527418.00,United States,,4360824,Health Care,Medical/Dental Instruments
PSX,Phillips 66 Common Stock,$175.47,-2.87,-1.609%,70318553540.00,United States,,6066107,Energy,Integrated oil Companies
PTA,Cohen & Steers Tax-Advantaged Preferred Securities and Income Fund Common Shares of Beneficial Interest,$18.38,-0.46,-2.442%,1015926140.00,United States,2020,191403,Finance,Trusts Except Educational Religious and Charitable
PTC,PTC Inc. Common Stock,$149.81,-0.86,-0.571%,17826808138.00,United States,,2205457,Technology,Computer Software: Prepackaged Software
PTCT,PTC Therapeutics Inc. Common Stock,$65.30,-1.775,-2.646%,5405189869.00,United States,2013,2016888,Health Care,Biotechnology: Pharmaceutical Preparations
PTEN,Patterson-UTI Energy Inc. Common Stock,$10.91,0.19,1.772%,4141165432.00,United States,1993,14177772,Energy,Oil & Gas Production
PTGX,Protagonist Therapeutics Inc. Common Stock,$98.87,-2.81,-2.764%,6308767751.00,United States,2016,2029217,Health Care,Biotechnology: Pharmaceutical Preparations
PTHS,Pelthos Therapeutics Inc. Common Stock,$20.74,-2.2266,-9.695%,67105162.00,,2024,7220,Health Care,Biotechnology: Biological Products (No Diagnostic Substances)
PTLE,PTL LTD Class A Ordinary Shares,$4.27,-1.18,-21.651%,26820271.00,Singapore,2024,14230,Energy,Oil Refining/Marketing
PTLO,Portillo's Inc. Class A Common Stock,$5.50,-0.07,-1.257%,415293918.00,United States,2021,1187134,Consumer Discretionary,Restaurants
PTN,Palatin Technologies Inc. Common Stock,$21.45,0.89,4.329%,38013669.00,United States,,34393,Health Care,Biotechnology: Pharmaceutical Preparations
PTON,Peloton Interactive Inc. Class A Common Stock,$3.84,-0.22,-5.419%,1633878106.00,United States,2019,15302907,Consumer Discretionary,Recreational Games/Products/Toys
PTOR,Praetorian Acquisition Corp. Class A Ordinary Shares,$9.80,-0.01,-0.102%,0.00,United States,2026,2852,Finance,Blank Checks
PTORU,Praetorian Acquisition Corp. Units,$9.95,0.03,0.302%,0.00,United States,2026,2648,,
PTORW,Praetorian Acquisition Corp. Warrant,$0.30,0.00,0.00%,0.00,United States,2026,3250,Finance,Blank Checks
PTRN,Pattern Group Inc. Series A Common Stock,$11.17,-0.12,-1.063%,1976542525.00,United States,2025,834686,Consumer Discretionary,Catalog/Specialty Distribution
PTY,Pimco Corporate & Income Opportunity Fund,$11.85,-0.16,-1.332%,0.00,United States,2002,2624523,Finance,Investment Managers
PUBM,PubMatic Inc. Class A Common Stock,$7.985,-0.085,-1.053%,378532311.00,United States,2020,563836,Technology,Computer Software: Programming Data Processing
PUK,Prudential Public Limited Company Common Stock,$28.52,-0.42,-1.451%,36437707598.00,United Kingdom,,1090241,Finance,Life Insurance
PULM,Pulmatrix Inc. Common Stock,$2.49,0.34,15.814%,9094190.00,United States,2014,83004,Health Care,Biotechnology: Pharmaceutical Preparations
PUMP,ProPetro Holding Corp. Common Stock,$14.59,-0.11,-0.748%,1780330846.00,United States,2017,5530438,Energy,Oilfield Services/Equipment
PURR,Hyperliquid Strategies Inc Common Stock,$5.20,-0.65,-11.111%,644631042.00,United States,,18358391,Finance,Finance: Consumer Services
PVH,PVH Corp. Common Stock,$63.27,-0.73,-1.141%,2897936576.00,United States,,1531026,Industrials,Garments and Clothing
PVL,Permianville Royalty Trust Units of Beneficial Interest,$1.93,0.03,1.579%,63690000.00,United States,2011,77693,Energy,Oil & Gas Production
PVLA,Palvella Therapeutics Inc. Common Stock,$112.50,-1.41,-1.238%,1331605125.00,United States,,374657,Health Care,Biotechnology: Pharmaceutical Preparations
PW,Power REIT (MD) Common Stock,$0.82,0.00,0.00%,2779522.00,United States,1998,7505,Real Estate,Real Estate Investment Trusts
PW^A,Power REIT 7.75% Series A Cumulative Perpetual Preferred Stock,$7.00,0.00,0.00%,,United States,,3,,
PWP,Perella Weinberg Partners Class A Common Stock,$16.96,-0.34,-1.965%,1556785434.00,United States,2020,1037814,Finance,Finance: Consumer Services
PWR,Quanta Services Inc. Common Stock,$555.39,-22.56,-3.903%,83097134117.00,United States,,1688915,Industrials,Engineering & Construction
PXED,Phoenix Education Partners Inc. Common Stock,$26.50,-0.47,-1.743%,947632845.00,,2025,180045,Real Estate,Other Consumer Services
PXLW,Pixelworks Inc.  Common Stock,$5.65,-0.13,-2.249%,35941108.00,United States,2000,73043,Technology,Semiconductors
PXS,Pyxis Tankers Inc. Common Stock,$4.08,-0.09,-2.158%,42782329.00,Greece,,64903,Consumer Discretionary,Marine Transportation
PYPD,PolyPid Ltd. Ordinary Shares,$4.16,-0.21,-4.805%,79386262.00,Israel,2020,44362,Health Care,Biotechnology: Pharmaceutical Preparations
PYPL,PayPal Holdings Inc. Common Stock,$44.01,-0.18,-0.407%,40518446493.00,United States,,31667108,Industrials,Diversified Commercial Services
PYXS,Pyxis Oncology Inc. Common Stock,$1.47,-0.07,-4.545%,133776636.00,United States,2021,188125,Health Care,Biotechnology: Pharmaceutical Preparations
PZG,Paramount Gold Nevada Corp. Common Stock,$1.61,-0.06,-3.593%,134939320.00,United States,2015,1833010,Basic Materials,Metal Mining
PZZA,Papa John's International Inc. Common Stock,$34.41,0.71,2.107%,1129017976.00,United States,1993,1267861,Consumer Discretionary,Restaurants
Q,Qnity Electronics Inc. Common Stock,$107.59,-4.35,-3.886%,22557201804.00,United States,2025,5037384,Technology,Semiconductors
QBTS,D-Wave Quantum Inc. Common Shares,$15.73,-0.37,-2.298%,5768782464.00,,2022,26361757,Technology,EDP Services
QCLS,Q/C Technologies Inc. Common Stock,$3.67,-0.27,-6.853%,28822084.00,United States,2014,466234,Health Care,Biotechnology: In Vitro & In Vivo Diagnostic Substances
QCOM,QUALCOMM Incorporated Common Stock,$129.90,-1.38,-1.051%,138603300000.00,United States,1991,78560053,Technology,Radio And Television Broadcasting And Communications Equipment
QCRH,QCR Holdings Inc. Common Stock,$81.62,0.27,0.332%,1365561530.00,United States,,185231,Finance,Major Banks
QDEL,QuidelOrtho Corporation Common Stock,$15.24,-1.33,-8.027%,1037566129.00,United States,,3485731,Health Care,Biotechnology: In Vitro & In Vivo Diagnostic Substances
QETA,Quetta Acquisition Corporation Common Stock,$11.50,0.00,0.00%,0.00,United States,2023,300,Finance,Blank Checks
QFIN,Qfin Holdings Inc. American Depositary Shares,$13.29,0.23,1.761%,1788834000.00,China,2018,3458107,Finance,Finance: Consumer Services
QGEN,Qiagen N.V. Common Shares,$39.93,-0.72,-1.771%,8225269265.00,Netherlands,2026,2137156,Health Care,Biotechnology: Biological Products (No Diagnostic Substances)
QH,Quhuo Limited American Depository Shares,$0.0847,-0.0019,-2.194%,440305.00,China,2020,1614105,Real Estate,Real Estate
QLYS,Qualys Inc. Common Stock,$96.44,-0.15,-0.155%,3440586303.00,United States,2012,1689793,Technology,Computer Software: Prepackaged Software
QMCO,Quantum Corporation Common Stock,$4.97,-0.22,-4.239%,72751004.00,United States,,192773,Technology,Electronic Components
QNC,Quantum eMotion Corp. Common Shares,$2.38,-0.17,-6.667%,512982035.00,,2026,771373,,
QNCX,Quince Therapeutics Inc. Common Stock,$0.08,-0.0077,-8.78%,4454519.00,United States,2019,13263461,Health Care,Biotechnology: Biological Products (No Diagnostic Substances)
QNRX,Quoin Pharmaceuticals Ltd. American Depositary Shares,$7.941,-0.319,-3.862%,86114420.00,Israel,2016,12270,Health Care,Medical/Dental Instruments
QNST,QuinStreet Inc. Common Stock,$11.57,-0.44,-3.664%,659419874.00,United States,2010,1475310,Real Estate,Real Estate
QNTM,Quantum Biopharma Ltd. Class B Subordinate Voting Shares,$2.24,-0.12,-5.085%,8608174.00,Canada,,73088,Health Care,Biotechnology: Pharmaceutical Preparations
QQQX,Nuveen NASDAQ 100 Dynamic Overwrite Fund Shares of Beneficial Interest,$26.76,-0.31,-1.145%,0.00,United States,,157202,Finance,Finance Companies
QRHC,Quest Resource Holding Corporation Common Stock,$1.03,0.15,17.045%,21588544.00,United States,,165606,Utilities,Environmental Services
QRVO,Qorvo Inc. Common Stock,$78.16,0.42,0.54%,7245875871.00,United States,,3641464,Technology,Semiconductors
QS,QuantumScape Corporation Class A Common Stock,$6.59,-0.30,-4.354%,4036914780.00,United States,,9831677,Miscellaneous,Industrial Machinery/Components
QSEA,Quartzsea Acquisition Corporation Ordinary Shares,$10.36,0.0056,0.054%,0.00,United States,2025,2323,Finance,Blank Checks
QSEAR,Quartzsea Acquisition Corporation Rights,$0.20,0.00,0.00%,0.00,United States,2025,125,Finance,Blank Checks
QSI,Quantum-Si Incorporated Class A Common Stock,$0.8451,-0.0162,-1.881%,182853250.00,United States,2020,3805061,Industrials,Industrial Machinery/Components
QSIAW,Quantum-Si Incorporated Warrant,$0.155,0.0008,0.519%,33537160.00,United States,2020,2500,Industrials,Industrial Machinery/Components
QSR,Restaurant Brands International Inc. Common Shares,$73.75,-0.38,-0.513%,33619692553.00,Canada,2014,6429483,Consumer Discretionary,Restaurants
QTI,QT Imaging Holdings Inc. Common Stock,$6.95,-0.13,-1.836%,82720276.00,United States,,323099,Health Care,Biotechnology: Electromedical & Electrotherapeutic Apparatus
QTRX,Quanterix Corporation Common Stock,$4.28,-0.13,-2.948%,200903093.00,United States,2017,823317,Industrials,Biotechnology: Laboratory Analytical Instruments
QTTB,Q32 Bio Inc. Common Stock,$6.68,0.01,0.15%,97724813.00,United States,2018,384347,Health Care,Biotechnology: Pharmaceutical Preparations
QTWO,Q2 Holdings Inc. Common Stock,$48.19,-0.43,-0.884%,3007266687.00,United States,2014,1316223,Technology,Computer Software: Prepackaged Software
QUAD,Quad Graphics Inc Class A Common Stock,$6.56,-0.02,-0.304%,342850351.00,United States,,441933,Consumer Discretionary,Publishing
QUBT,Quantum Computing Inc. Common Stock,$6.96,-0.23,-3.199%,1562786248.00,United States,,9301518,Technology,Computer Software: Prepackaged Software
QUCY,Mainz Biomed N.V. Ordinary Shares,$0.527,-0.0609,-10.359%,6595582.00,Germany,2021,224460,Health Care,Biotechnology: Pharmaceutical Preparations
QUIK,QuickLogic Corporation Common Stock,$9.32,-0.16,-1.688%,159281158.00,United States,1999,106965,Technology,Semiconductors
QUMS,Quantumsphere Acquisition Corp. Ordinary Shares,$10.10,0.00,0.00%,0.00,United States,2025,5271,,
QUMSR,Quantumsphere Acquisition Corp. Rights,$0.278,0.00,0.00%,0.00,United States,2025,52,,
QUMSU,Quantumsphere Acquisition Corp. Units,$10.32,0.00,0.00%,0.00,United States,2025,1,,
QURE,uniQure N.V. Ordinary Shares,$16.09,0.83,5.439%,1006098175.00,Netherlands,2014,5757194,Health Care,Biotechnology: Pharmaceutical Preparations
QVCC,QVC Inc. 6.250% Senior Secured Notes due 2068,$10.46,-0.09,-0.853%,0.00,United States,2019,52516,Consumer Discretionary,Catalog/Specialty Distribution
QVCD,QVC Inc. 6.375% Senior Secured Notes due 2067,$10.50,-0.055,-0.521%,0.00,United States,2018,19919,Consumer Discretionary,Catalog/Specialty Distribution
QVCGA,QVC Group Inc. Series A Common Stock,$1.78,-1.08,-37.762%,14361873.00,United States,,1242428,Consumer Discretionary,Catalog/Specialty Distribution
QVCGP,QVC Group Inc. 8.0% Fixed Rate Cumulative Redeemable Preferred Stock,$3.36,0.03,0.901%,27110052.00,United States,,23311,Consumer Discretionary,Catalog/Specialty Distribution
QXO,QXO Inc. Common Stock,$18.64,-1.64,-8.087%,13207394163.00,United States,,14410837,Consumer Discretionary,RETAIL: Building Materials
QXO^B,QXO Inc.  Depositary Shares each representing a 1/20th interest in a share of 5.50% Series B Mandatory Convertible Preferred Stock,$53.46,-3.81,-6.653%,,United States,,107013,,
R,Ryder System Inc. Common Stock,$191.78,-0.69,-0.358%,7560355187.00,United States,,737161,Consumer Discretionary,Rental/Leasing Companies
RA,Brookfield Real Assets Income Fund Inc. Common Stock,$12.57,-0.19,-1.489%,0.00,United States,2016,167343,Finance,Investment Managers
RAAQ,Real Asset Acquisition Corp. Class A Ordinary Share,$10.52,-0.04,-0.379%,0.00,United States,2025,112359,Finance,Blank Checks
RAAQU,Real Asset Acquisition Corp. Unit,$11.47,0.24,2.137%,0.00,United States,2025,120,Finance,Blank Checks
RAAQW,Real Asset Acquisition Corp. Warrants,$1.35,-0.07,-4.93%,0.00,United States,2025,33697,Finance,Blank Checks
RAC,Rithm Acquisition Corp. Class A Ordinary Shares,$10.39,0.00,0.00%,0.00,,2025,102616,,
RACE,Ferrari N.V. Common Shares,$314.63,-6.38,-1.987%,73605968732.00,Italy,2015,941283,Industrials,Auto Manufacturing
RADX,Radiopharm Theranostics Limited American Depositary Shares,$4.795,0.075,1.589%,61155689.00,Australia,,43208,Health Care,Biotechnology: Pharmaceutical Preparations
RAIL,FreightCar America Inc. Common Stock,$7.95,-0.17,-2.094%,151634126.00,United States,2005,168504,Industrials,Railroads
RAIN,Rain Enhancement Technologies Holdco Inc. Class A Common Stock,$3.03,-0.03,-0.98%,24812164.00,United States,,24714,Technology,Industrial Machinery/Components
RAINW,Rain Enhancement Technologies Holdco Inc. Warrants,$0.2275,0.0276,13.807%,1862960.00,United States,,7651,Technology,Industrial Machinery/Components
RAL,Ralliant Corporation Common Stock,$40.80,-1.75,-4.113%,4559729338.00,United States,2025,2036523,Industrials,Industrial Machinery/Components
RAMP,LiveRamp Holdings Inc. Common Stock,$26.58,-0.74,-2.709%,1677859683.00,United States,2018,1519534,Technology,EDP Services
RAND,Rand Capital Corporation Common Stock,$11.64,0.412,3.669%,34568635.00,United States,,3983,Finance,Finance: Consumer Services
RANG,Range Capital Acquisition Corp. Ordinary Shares,$10.50,-0.015,-0.143%,0.00,United States,2025,13579,,
RANGR,Range Capital Acquisition Corp. Rights,$0.36,0.05,16.129%,0.00,United States,2025,235,,
RANI,Rani Therapeutics Holdings Inc. Class A Common Stock,$1.13,-0.02,-1.739%,137319114.00,United States,2021,905085,Health Care,Biotechnology: Pharmaceutical Preparations
RAPP,Rapport Therapeutics Inc. Common Stock,$27.08,-0.38,-1.384%,1294232896.00,United States,2024,496466,Health Care,Biotechnology: Pharmaceutical Preparations
RARE,Ultragenyx Pharmaceutical Inc. Common Stock,$19.87,-0.55,-2.693%,1920033888.00,United States,2014,3797468,Health Care,Biotechnology: Pharmaceutical Preparations
RAVE,Rave Restaurant Group Inc. Common Stock,$2.49,-0.14,-5.323%,35386799.00,United States,,100538,Consumer Discretionary,Food Distributors
RAY,Raytech Holding Limited Ordinary Shares,$3.9373,-0.0127,-0.322%,10728670.00,Hong Kong,2024,8263,Consumer Discretionary,Consumer Electronics/Appliances
RAYA,Erayak Power Solution Group Inc. Class A Ordinary Shares,$0.7006,-0.0136,-1.904%,2506883.00,China,2022,41977,Consumer Discretionary,Metal Fabrications
RBA,RB Global Inc. Common Stock,$94.98,-0.86,-0.897%,17637026350.00,Canada,,2259754,Real Estate,Real Estate
RBB,RBB Bancorp Common Stock,$20.43,-0.29,-1.40%,348666552.00,United States,2017,125958,Finance,Major Banks
RBBN,Ribbon Communications Inc. Common Stock,$2.11,-0.09,-4.091%,370525546.00,United States,,764089,Technology,EDP Services
RBC,RBC Bearings Incorporated Common Stock,$531.11,-9.72,-1.797%,16793146377.00,United States,2022,344711,Industrials,Metal Fabrications
RBCAA,Republic Bancorp Inc. Class A Common Stock,$66.81,-1.045,-1.54%,1310100339.00,United States,1998,161746,Finance,Major Banks
RBKB,Rhinebeck Bancorp Inc. Common Stock,$15.49,0.35,2.312%,172574601.00,United States,2019,67816,Finance,Banks
RBLX,Roblox Corporation Class A Common Stock,$56.96,-0.56,-0.974%,40367896437.00,United States,2021,8855371,Technology,Computer Software: Prepackaged Software
RBNE,Robin Energy Ltd. Common Stock,$1.19,-0.13,-9.848%,3338838.00,Cyprus,,942670,Consumer Discretionary,Marine Transportation
RBRK,Rubrik Inc. Class A Common Stock,$49.28,-1.64,-3.221%,9862975338.00,United States,2024,9443813,Technology,Computer Software: Prepackaged Software
RC,Ready Capital Corporation Common Stock,$1.51,-0.07,-4.43%,245946956.00,United States,2013,4602490,Real Estate,Real Estate Investment Trusts
RC^C,Ready Capital Corporation 6.25% Series C Cumulative Convertible Preferred Stock,$11.46,0.0199,0.174%,,United States,,342,,
RC^E,Ready Capital Corporation 6.50% Series E Cumulative Redeemable Preferred Stock,$11.18,-0.435,-3.745%,,United States,,5546,,
RCAT,Red Cat Holdings Inc. Common Stock,$13.25,-1.885,-12.455%,1581667592.00,United States,,18054147,Technology,Computer Software: Prepackaged Software
RCB,Ready Capital Corporation 6.20% Senior Notes due 2026,$24.65,-0.05,-0.202%,4050667255.00,United States,2019,18375,Real Estate,Real Estate Investment Trusts
RCD,Ready Capital Corporation 9.00% Senior Notes due 2029,$19.93,-0.42,-2.064%,0.00,United States,2024,16855,Real Estate,Real Estate Investment Trusts
RCEL,Avita Medical Inc. Common Stock,$3.95,-0.08,-1.985%,120995586.00,United States,,296119,Health Care,Medical/Dental Instruments
RCG,RENN Fund Inc Common Stock,$3.30,0.02,0.61%,0.00,United States,,5723,Finance,Investment Managers
RCI,Rogers Communication Inc. Common Stock,$38.18,-0.47,-1.216%,20625762934.00,Canada,,1945229,Telecommunications,Cable & Other Pay Television Services
RCKT,Rocket Pharmaceuticals Inc. Common Stock,$4.14,-0.25,-5.695%,449476252.00,United States,2015,11123712,Health Care,Biotechnology: Pharmaceutical Preparations
RCKTW,Rocket Pharmaceuticals Inc. Warrant,$0.0157,-0.0043,-21.50%,1704536.00,United States,,26584,Health Care,Biotechnology: Pharmaceutical Preparations
RCKY,Rocky Brands Inc. Common Stock,$39.02,-1.31,-3.248%,294073762.00,United States,1993,59126,Consumer Discretionary,Shoe Manufacturing
RCL,Royal Caribbean Cruises Ltd. Common Stock,$263.65,-8.35,-3.07%,71324787086.00,United States,1993,4187450,Consumer Discretionary,Marine Transportation
RCMT,RCM Technologies Inc. Common Stock,$18.05,-0.20,-1.096%,133759706.00,United States,,68469,Consumer Discretionary,Professional Services
RCON,Recon Technology Ltd. Class A Ordinary Shares,$0.8743,-0.1457,-14.284%,26777559.00,China,2009,41626,Energy,Oilfield Services/Equipment
RCS,PIMCO Strategic Income Fund Inc.,$5.26,-0.29,-5.225%,0.00,United States,1994,346386,Finance,Investment Managers
RCT,RedCloud Holdings plc Ordinary Shares,$0.6998,-0.0662,-8.642%,38711783.00,United Kingdom,2025,86073,Technology,Computer Software: Programming Data Processing
RCUS,Arcus Biosciences Inc. Common Stock,$21.64,-0.79,-3.522%,2712562661.00,United States,2018,4158048,Health Care,Biotechnology: Pharmaceutical Preparations
RDAC,Rising Dragon Acquisition Corp. Ordinary Shares,$5.10,-0.50,-8.929%,0.00,China,2024,1761,,
RDACR,Rising Dragon Acquisition Corp. Rights,$0.1662,-0.0108,-6.102%,0.00,China,2024,8146,Finance,Blank Checks
RDAG,Republic Digital Acquisition Company Class A Ordinary Shares,$10.30,0.00,0.00%,0.00,United States,2025,104,Finance,Blank Checks
RDAGU,Republic Digital Acquisition Company Unit,$10.45,0.01,0.096%,0.00,United States,2025,100,Finance,Blank Checks
RDAGW,Republic Digital Acquisition Company Warrants,$0.4903,0.0303,6.587%,0.00,United States,2025,1100,Finance,Blank Checks
RDCM,Radcom Ltd. Ordinary Shares,$11.12,-0.15,-1.331%,176981650.00,Israel,1997,44867,Technology,Computer peripheral equipment
RDDT,Reddit Inc. Class A Common Stock,$139.85,1.73,1.253%,26716354392.00,United States,2024,6525076,Technology,EDP Services
RDGT,Ridgetech Inc. Ordinary Shares,$3.03,0.84,38.356%,55405483.00,China,,1047006,Consumer Staples,Retail-Drug Stores and Proprietary Stores
RDHL,Redhill Biopharma Ltd. American Depositary Shares,$0.879,-0.0088,-0.991%,4494226.00,Israel,,6539,Health Care,Biotechnology: Pharmaceutical Preparations
RDI,Reading International Inc Class A Common Stock,$1.17,0.02,1.739%,26579194.00,United States,,23886,Consumer Discretionary,Movies/Entertainment
RDIB,Reading International Inc Class B Common Stock,$8.00,-2.70,-25.234%,181738080.00,United States,,9854,Consumer Discretionary,Movies/Entertainment
RDN,Radian Group Inc. Common Stock,$32.47,-0.40,-1.217%,4424765120.00,United States,,9527412,Finance,Property-Casualty Insurers
RDNT,RadNet Inc. Common Stock,$61.49,-1.15,-1.836%,4772369566.00,United States,,1227438,Health Care,Medical Specialities
RDNW,RideNow Group Inc. Class B Common Stock,$5.79,-0.34,-5.546%,222403760.00,United States,,94616,Technology,EDP Services
RDVT,Red Violet Inc. Common Stock ,$38.39,-0.56,-1.438%,541679598.00,United States,,156561,Technology,Computer Software: Prepackaged Software
RDW,Redwire Corporation Common Stock,$9.20,-0.43,-4.465%,1766177397.00,United States,2021,21911955,Industrials,Military/Government/Technical
RDWR,Radware Ltd. Ordinary Shares,$25.22,-0.27,-1.059%,1076554387.00,Israel,1999,1569608,Real Estate,Real Estate
RDY,Dr. Reddy's Laboratories Ltd Common Stock,$13.76,-0.38,-2.687%,11482105822.00,India,,4047409,Health Care,Biotechnology: Pharmaceutical Preparations
RDZN,Roadzen Inc. Ordinary Shares,$1.20,0.03,2.564%,95634806.00,United States,2022,55027,Finance,Specialty Insurers
RDZNW,Roadzen Inc. Warrants,$0.12,-0.01,-7.692%,9563481.00,United States,2022,964,Finance,Specialty Insurers
REAL,The RealReal Inc. Common Stock,$8.64,-0.58,-6.291%,1028011435.00,United States,2019,4911610,Consumer Discretionary,Other Specialty Stores
REAX,The Real Brokerage Inc. Common Shares,$2.36,-0.04,-1.667%,501028000.00,Canada,,2722256,Finance,Real Estate
REBN,Reborn Coffee Inc. Common Stock,$2.00,0.09,4.712%,11952644.00,United States,2022,42578,Consumer Discretionary,Restaurants
RECT,Rectitude Holdings Ltd Ordinary Shares,$1.26,-0.02,-1.563%,18270000.00,Singapore,2024,9020,Consumer Discretionary,Industrial Machinery/Components
REE,REE Automotive Ltd. Class A Ordinary Shares,$0.5225,-0.0295,-5.344%,16208437.00,Israel,,52097,Industrials,Auto Manufacturing
REED,Reed's Inc. Common Stock,$4.50,-0.42,-8.537%,0.00,,2025,289164,,
REFI,Chicago Atlantic Real Estate Finance Inc. Common Stock,$12.34,-0.10,-0.804%,260130556.00,United States,2021,525485,Real Estate,Real Estate Investment Trusts
REFR,Research Frontiers Incorporated Common Stock,$0.80,-0.22,-21.569%,27718577.00,United States,,172720,Miscellaneous,Multi-Sector Companies
REG,Regency Centers Corporation Common Stock,$74.87,-1.82,-2.373%,13694214222.00,United States,1993,5597428,Real Estate,Real Estate Investment Trusts
REGCO,Regency Centers Corporation 5.875% Series B Cumulative Redeemable Preferred Stock,$21.61,-0.09,-0.415%,3952610783.00,United States,,4805,Real Estate,Real Estate Investment Trusts
REGCP,Regency Centers Corporation 6.25% Series A Cumulative Redeemable Preferred Stock,$22.78,-0.14,-0.611%,4166611460.00,United States,,4632,Real Estate,Real Estate Investment Trusts
REGN,Regeneron Pharmaceuticals Inc. Common Stock,$732.87,-4.58,-0.621%,77478874223.00,United States,1991,1359902,Health Care,Biotechnology: Pharmaceutical Preparations
REI,Ring Energy Inc. Common Stock,$1.50,-0.01,-0.662%,314092665.00,United States,,6129218,Energy,Oil & Gas Production
REKR,Rekor Systems Inc. Common Stock,$0.8795,0.0057,0.652%,120014439.00,United States,,2038984,Telecommunications,Telecommunications Equipment
RELL,Richardson Electronics Ltd. Common Stock,$10.92,-0.16,-1.444%,158535708.00,United States,1983,123745,Technology,Electronic Components
RELX,RELX PLC PLC American Depositary Shares (Each representing One Ordinary Share),$33.36,-0.46,-1.36%,60847889233.00,United Kingdom,2015,3842908,Real Estate,Real Estate
RELY,Remitly Global Inc. Common Stock,$15.35,-0.34,-2.167%,3233544825.00,United States,2021,3370982,Real Estate,Real Estate
RENT,Rent the Runway Inc. Class A Common Stock,$4.47,-0.06,-1.325%,149953315.00,United States,2021,35896,Consumer Discretionary,Other Specialty Stores
RENX,RenX Enterprises Corp. Common Stock,$0.1407,0.0127,9.922%,6522992.00,United States,,3735406,Finance,Real Estate
REPL,Replimune Group Inc. Common Stock,$6.98,0.09,1.306%,576356881.00,United States,2018,2447119,Health Care,Biotechnology: Biological Products (No Diagnostic Substances)
REPX,Riley Exploration Permian Inc. Common Stock,$34.97,1.02,3.004%,754212957.00,United States,1999,664591,Energy,Oil & Gas Production
RERE,ATRenew Inc. American Depositary Shares (every three of which representing two Class A ordinary shares),$4.85,-0.29,-5.642%,1066109234.00,Cayman Islands,2021,1645418,Consumer Discretionary,Other Specialty Stores
RES,RPC Inc. Common Stock,$6.83,-0.02,-0.292%,1513796214.00,United States,,3800404,Energy,Oilfield Services/Equipment
RETO,ReTo Eco-Solutions Inc. Class A Shares,$0.76,0.1037,15.801%,2172720.00,China,2017,65336,Industrials,Industrial Machinery/Components
REVB,Revelation Biosciences Inc. Common Stock,$1.19,-0.01,-0.833%,4427300.00,United States,2020,33350,Health Care,Biotechnology: Pharmaceutical Preparations
REVBW,Revelation Biosciences Inc. Warrant,$0.0091,0.00,0.00%,33856.00,United States,2020,152,Health Care,Biotechnology: Pharmaceutical Preparations
REX,REX American Resources Corporation,$38.71,-1.97,-4.843%,1275019064.00,United States,,774554,Industrials,Major Chemicals
REXR,Rexford Industrial Realty Inc. Common Stock,$33.97,-0.56,-1.622%,7875735143.00,United States,2013,4682609,Real Estate,Real Estate Investment Trusts
REXR^B,Rexford Industrial Realty Inc. 5.875% Series B Cumulative Redeemable Preferred Stock,$21.75,-0.20,-0.911%,,United States,,9164,,
REXR^C,Rexford Industrial Realty Inc. 5.625% Series C Cumulative Redeemable Preferred Stock par value $0.01 per share,$20.752,-0.018,-0.087%,,United States,,5418,,
REYN,Reynolds Consumer Products Inc. Common Stock,$20.80,-0.07,-0.335%,4375146006.00,United States,2020,1711783,Consumer Discretionary,Containers/Packaging
REZI,Resideo Technologies Inc. Common Stock ,$32.79,-0.85,-2.527%,4959392442.00,United States,2018,2737201,Industrials,Wholesale Distributors
RF,Regions Financial Corporation Common Stock,$25.36,0.15,0.595%,21898529684.00,United States,,35146062,Finance,Major Banks
RF^C,Regions Financial Corporation Depositary Shares each Representing a 1/40th Interest in a  Share of 5.700% Fixed-to-Floating Rate Non-Cumulative  Perpetual Preferred Stock Series C,$23.93,-0.24,-0.993%,,United States,,55638,,
RF^E,Regions Financial Corporation Depositary Shares Each Representing a 1/40th Interest in a Share of 4.45% Non-Cumulative Perpetual Preferred Stock Series E,$16.56,-0.30,-1.779%,,United States,,11746,,
RF^F,Regions Financial Corporation Depositary Shares Each Representing a 1/40th Interest in a Share of Non-Cumulative Perpetual Preferred Stock Series F,$25.06,-0.24,-0.949%,,United States,,71524,,
RFAI,RF Acquisition Corp II Ordinary Shares,$10.91,0.005,0.046%,0.00,Singapore,2024,4071,,
RFAIR,RF Acquisition Corp II Right,$0.12,0.02,20.00%,0.00,Singapore,2024,1153,Technology,Computer Software: Prepackaged Software
RFAM,RF Acquisition Corp III Ordinary Shares,$9.80,0.00,0.00%,0.00,Singapore,2026,86473,,
RFAMU,RF Acquisition Corp III Units,$9.95,0.00,0.00%,0.00,Singapore,2026,116,Finance,Blank Checks
RFI,Cohen & Steers Total Return Realty Fund Inc. Common Stock,$10.83,-0.32,-2.87%,532171341.00,United States,1993,129379,Finance,Investment Managers
RFIL,RF Industries Ltd. Common Stock,$9.76,-1.45,-12.935%,105547246.00,United States,,320156,Technology,Electrical Products
RFL,Rafael Holdings Inc. Class B Common Stock,$1.24,-0.05,-3.876%,64495054.00,United States,2018,62933,Finance,Real Estate
RFM,RiverNorth Flexible Municipal Income Fund Inc. Common Stock,$14.03,-0.17,-1.197%,85789227.00,,2020,22001,Finance,Finance/Investors Services
RFMZ,RiverNorth Flexible Municipal Income Fund II Inc. Common Stock,$12.61,-0.12,-0.943%,307075643.00,,2021,76245,Finance,Trusts Except Educational Religious and Charitable
RGA,Reinsurance Group of America Incorporated Common Stock,$197.99,-2.51,-1.252%,12980852622.00,United States,,601259,Finance,Life Insurance
RGC,Regencell Bioscience Holdings Limited Ordinary Shares,$27.37,0.36,1.333%,13534161412.00,Hong Kong,2021,114735,Health Care, Medicinal Chemicals and Botanical Products 
RGCO,RGC Resources Inc. Common Stock,$21.32,0.31,1.475%,221610463.00,United States,,46210,Utilities,Oil & Gas Production
RGEN,Repligen Corporation Common Stock,$113.88,-3.73,-3.171%,6414986807.00,United States,1986,938696,Health Care,Biotechnology: Biological Products (No Diagnostic Substances)
RGLD,Royal Gold Inc. Common Stock,$215.21,-9.86,-4.381%,18251981191.00,United States,,5884204,Industrials,Precious Metals
RGNT,Regentis Biomaterials Ltd. Ordinary Shares,$3.03,-0.1228,-3.895%,15693515.00,,2025,2751,Health Care,Biotechnology: Pharmaceutical Preparations
RGNX,REGENXBIO Inc. Common Stock,$8.10,-0.26,-3.11%,418065170.00,United States,2015,2687163,Health Care,Biotechnology: Biological Products (No Diagnostic Substances)
RGP,Resources Connection Inc. Common Stock,$3.72,-0.07,-1.847%,124628013.00,United States,,726701,Real Estate,Real Estate
RGR,Sturm Ruger & Company Inc. Common Stock,$38.98,-0.47,-1.191%,621508814.00,United States,,347322,Industrials,Ordnance And Accessories
RGS,Regis Corporation Common Stock,$23.31,-0.69,-2.875%,58246515.00,United States,1991,11883,Consumer Discretionary,Other Consumer Services
RGT,Royce Global Trust Inc. Common Stock,$13.27,-0.21,-1.558%,83162334.00,,2013,15451,Finance,Trusts Except Educational Religious and Charitable
RGTI,Rigetti Computing Inc. Common Stock,$14.88,-0.53,-3.439%,4942400288.00,United States,,24773115,Technology,EDP Services
RGTIW,Rigetti Computing Inc. Warrants,$6.00,-0.70,-10.448%,1992903342.00,United States,,140482,Technology,EDP Services
RH,RH Common Stock,$127.65,-6.86,-5.10%,2396973277.00,United States,2012,1461612,Consumer Discretionary,Other Specialty Stores
RHI,Robert Half Inc. Common Stock,$23.29,0.34,1.481%,2355634351.00,United States,,8672967,Consumer Discretionary,Professional Services
RHLD,Resolute Holdings Management Common Stock ,$160.96,-3.21,-1.955%,1363976650.00,United States,,285280,Finance,Finance: Consumer Services
RHP,Ryman Hospitality Properties Inc. (REIT),$90.32,-2.05,-2.219%,5690704720.00,United States,,823984,Real Estate,Real Estate Investment Trusts
RIBB,Ribbon Acquisition Corp Class A Ordinary Shares,$10.50,0.00,0.00%,0.00,Japan,2025,6,,
RIBBR,Ribbon Acquisition Corp Rights,$0.1732,0.00,0.00%,0.00,Japan,2025,1000,,
RICK,RCI Hospitality Holdings Inc. Common Stock,$21.71,-0.16,-0.732%,189321208.00,United States,1995,265287,Consumer Discretionary,Restaurants
RIG,Transocean Ltd (Switzerland) Common Stock,$6.22,-0.24,-3.715%,6859719213.00,Switzerland,,36370924,Energy,Oil & Gas Production
RIGL,Rigel Pharmaceuticals Inc. Common Stock,$25.96,-0.14,-0.536%,479562455.00,United States,2000,463548,Health Care,Biotechnology: Pharmaceutical Preparations
RILY,BRC Group Holdings Inc. Common Stock,$7.09,-0.35,-4.704%,221340370.00,United States,,861234,Finance,Investment Managers
RILYG,BRC Group Holdings Inc. 5.00% Senior Notes due 2026,$22.25,-0.24,-1.067%,678559719.00,United States,,42340,Finance,Investment Managers
RILYK,BRC Group Holdings Inc. 5.50% Senior Notes Due 2026,$25.18,0.01,0.04%,767916122.00,United States,,39086,Finance,Investment Managers
RILYL,BRC Group Holdings Inc. Depositary Shares each representing 1/1000th in a share of 7.375% Series B Cumulative Perpetual Preferred Stock par value $0.0001,$11.16,0.26,2.385%,348400357.00,United States,,10600,Finance,Investment Managers
RILYN,BRC Group Holdings Inc. 6.50% Senior Notes Due 2026,$23.48,-0.19,-0.803%,716071110.00,United States,,12477,Finance,Investment Managers
RILYP,BRC Group Holdings Inc. Depositary Shares each representing a 1/1000th fractional interest in a share of Series A Cumulative Perpetual Preferred Stock,$10.23,0.24,2.402%,319366994.00,United States,,10586,Finance,Investment Managers
RILYT,BRC Group Holdings Inc. 6.00% Senior Notes Due 2028,$17.21,-0.54,-3.042%,524854506.00,United States,,19056,Finance,Investment Managers
RILYZ,BRC Group Holdings Inc. 5.25% Senior Notes due 2028,$15.73,-0.87,-5.241%,479718848.00,United States,,19898,Finance,Investment Managers
RIME,Algorhythm Holdings Inc. Common Stock,$1.275,-0.075,-5.556%,7341580.00,United States,,628433,Consumer Staples,Diversified Electronic Products
RIO,Rio Tinto Plc Common Stock,$83.15,-2.50,-2.919%,104437257609.00,Australia,2002,5079928,Basic Materials,Metal Mining
RIOT,Riot Platforms Inc. Common Stock ,$13.38,-0.76,-5.375%,5072703860.00,United States,,15544946,Finance,Finance: Consumer Services
RITM,Rithm Capital Corp. Common Stock,$8.77,-0.26,-2.879%,4875176480.00,United States,,121864519,Real Estate,Real Estate Investment Trusts
RITM^A,Rithm Capital Corp. 7.50% Series A Fixed-to-Floating Rate Cumulative Redeemable Preferred Stock,$24.65,-0.38,-1.518%,,United States,,32831,,
RITM^B,Rithm Capital Corp. 7.125% Series B Fixed-to-Floating Rate Cumulative Redeemable Preferred Stock,$24.45,-0.47,-1.886%,,United States,,187653,,
RITM^C,Rithm Capital Corp. 6.375% Series C Fixed-to-Floating Rate Cumulative Redeemable Preferred Stock,$23.18,-0.72,-3.013%,,United States,,102434,,
RITM^D,Rithm Capital Corp. 7.00% Fixed-Rate Reset Series D Cumulative Redeemable Preferred Stock,$24.41,-0.25,-1.014%,,United States,,264583,,
RITM^E,Rithm Capital Corp. 8.75% Series E Fixed-Rate Cumulative Redeemable Preferred Stock,$23.7575,-0.5975,-2.453%,,United States,,105430,,
RITM^F,Rithm Capital Corp. 8.750% Series F Fixed-Rate Reset Cumulative Redeemable Preferred Stock,$23.91,-0.47,-1.928%,,United States,,78327,,
RITR,Reitar Logtech Holdings Limited Ordinary shares,$0.5076,-0.0244,-4.586%,31696448.00,Hong Kong,2024,54982,Finance,Real Estate
RIV,RiverNorth Opportunities Fund Inc. Common Stock,$11.06,-0.15,-1.338%,0.00,United States,2015,61907,Finance,Finance Companies
RIV^A,RiverNorth Opportunities Fund Inc. 6.00% Series A Perpetual Preferred Stock,$22.73,0.17,0.754%,,United States,,3999,,
RIVN,Rivian Automotive Inc. Class A Common Stock,$14.91,-1.21,-7.506%,18503157754.00,United States,2021,50921192,Industrials,Auto Manufacturing
RJET,Republic Airways Holdings Inc. Common Stock,$16.73,-0.20,-1.181%,784637000.00,United States,2018,1257755,Consumer Discretionary,Air Freight/Delivery Services
RJF,Raymond James Financial Inc. Common Stock,$143.81,0.94,0.658%,28343662031.00,United States,,2622745,Finance,Investment Bankers/Brokers/Service
RKDA,Arcadia Biosciences Inc. Common Stock,$1.75,0.10,6.061%,3027297.00,United States,2015,47488,Consumer Staples,Farming/Seeds/Milling
RKLB,Rocket Lab Corporation Common Stock,$67.23,-4.70,-6.534%,38281277520.00,United States,2020,35161673,Industrials,Military/Government/Technical
RKT,Rocket Companies Inc. Class A Common Stock,$13.65,-1.00,-6.826%,38490479896.00,United States,2020,36608175,Finance,Finance: Consumer Services
RL,Ralph Lauren Corporation Common Stock,$329.87,-10.34,-3.039%,19969146556.00,United States,1997,913115,Industrials,Garments and Clothing
RLAY,Relay Therapeutics Inc. Common Stock,$9.91,-0.09,-0.90%,1771172767.00,United States,2020,3823402,Health Care,Biotechnology: Biological Products (No Diagnostic Substances)
RLGT,Radiant Logistics Inc. Common Stock,$6.77,-0.08,-1.168%,317015703.00,United States,,134592,Industrials,Integrated Freight & Logistics
RLI,RLI Corp. Common Stock (DE),$57.96,-0.13,-0.224%,5327693459.00,United States,,1203065,Finance,Property-Casualty Insurers
RLJ,RLJ Lodging Trust Common Shares of Beneficial Interest $0.01 par value,$7.50,-0.14,-1.832%,1139381288.00,United States,2011,5132499,Real Estate,Real Estate Investment Trusts
RLJ^A,RLJ Lodging Trust $1.95 Series A Cumulative Convertible  Preferred Shares,$25.16,0.02,0.08%,,United States,,19446,,
RLMD,Relmada Therapeutics Inc. Common Stock,$6.07,-0.18,-2.88%,445135086.00,United States,,1570559,Health Care,Biotechnology: Pharmaceutical Preparations
RLTY,Cohen & Steers Real Estate Opportunities and Income Fund Common Shares of Beneficial Interest,$14.39,-0.47,-3.163%,0.00,,2022,55147,Finance,Investment Managers
RLX,RLX Technology Inc. American Depositary Shares each representing the right to receive one (1) Class A ordinary share,$2.18,-0.02,-0.909%,3424323443.00,Cayman Islands,2021,4260789,Health Care, Medicinal Chemicals and Botanical Products 
RLYB,Rallybio Corporation Common Stock,$8.87,-0.22,-2.42%,46919417.00,United States,2021,145815,Health Care,Biotechnology: Pharmaceutical Preparations
RM,Regional Management Corp. Common Stock,$31.41,0.33,1.062%,295157540.00,United States,2012,126243,Finance,Finance: Consumer Services
RMAX,RE/MAX Holdings Inc. Class A Common Stock,$5.85,-0.29,-4.723%,117833356.00,United States,2013,283758,Finance,Real Estate
RMBI,Richmond Mutual Bancorporation Inc. Common Stock,$13.14,-0.48,-3.524%,137313092.00,United States,2019,76903,Finance,Major Banks
RMBS,Rambus Inc. Common Stock,$91.70,-2.92,-3.086%,9884410124.00,United States,1997,2932510,Technology,Semiconductors
RMCF,Rocky Mountain Chocolate Factory Inc. Common Stock,$2.17,-0.16,-6.867%,20252224.00,United States,,90963,Consumer Staples,Specialty Foods
RMCO,Royalty Management Holding Corporation Class A Common Stock,$3.43,-0.42,-10.909%,51932718.00,United States,2023,30322,Miscellaneous,Multi-Sector Companies
RMCOW,Royalty Management Holding Corporation Warrant,$0.2214,-0.0232,-9.485%,3352159.00,United States,2023,157804,Miscellaneous,Multi-Sector Companies
RMD,ResMed Inc. Common Stock,$225.99,-1.42,-0.624%,32921861842.00,United States,,1162458,Health Care,Medical/Dental Instruments
RMI,RiverNorth Opportunistic Municipal Income Fund Inc. Common Stock,$15.26,-0.08,-0.522%,97256070.00,,2018,13686,Finance,Finance/Investors Services
RMM,RiverNorth Managed Duration Municipal Income Fund Inc. Common Stock,$13.98,-0.18,-1.271%,275959999.00,,2019,70783,Finance,Trusts Except Educational Religious and Charitable
RMMZ,RiverNorth Managed Duration Municipal Income Fund II Inc. Common Stock,$14.58,-0.13,-0.884%,287803776.00,,2022,20258,Finance,Investment Managers
RMNI,Rimini Street Inc. (DE) Common Stock,$3.11,-0.10,-3.115%,285075040.00,United States,2015,502492,Real Estate,Real Estate
RMR,The RMR Group Inc. Class A Common Stock,$15.55,-0.27,-1.707%,498504652.00,United States,,138812,Consumer Discretionary,Professional Services
RMSG,Real Messenger Corporation Ordinary Shares,$0.445,-0.0289,-6.098%,4259220.00,United States,,17696,Technology,Computer Software: Programming Data Processing
RMSGW,Real Messenger Corporation Warrants,$0.0249,-0.0041,-14.138%,238325.00,United States,,31836,Technology,Computer Software: Programming Data Processing
RMT,Royce Micro-Cap Trust Inc. Common Stock,$11.03,-0.34,-2.99%,510348250.00,United States,,196717,Finance,Investment Managers
RMTI,Rockwell Medical Inc. Common Stock,$1.05,0.02,1.942%,41375567.00,United States,1998,224497,Health Care,Biotechnology: Pharmaceutical Preparations
RNA,Atrium Therapeutics Inc. Common Stock,$13.13,0.44,3.467%,2037114852.00,United States,,1119412,Health Care,Biotechnology: Pharmaceutical Preparations
RNAC,Cartesian Therapeutics Inc. Common Stock,$6.51,-0.06,-0.913%,172573746.00,United States,2016,106531,Health Care,Biotechnology: Pharmaceutical Preparations
RNAZ,TransCode Therapeutics Inc. Common Stock,$8.98,-0.33,-3.545%,8234373.00,United States,2021,14141,Health Care,Biotechnology: Pharmaceutical Preparations
RNG,RingCentral Inc. Class A Common Stock,$37.63,0.18,0.481%,3163650847.00,United States,2013,2561957,Technology,EDP Services
RNGR,Ranger Energy Services Inc. Class A Common Stock,$16.85,-0.28,-1.635%,396822353.00,United States,2017,357004,Energy,Oilfield Services/Equipment
RNGT,Range Capital Acquisition Corp II Class A Ordinary Shares,$10.00,0.00,0.00%,0.00,United States,2025,100,Finance,Blank Checks
RNGTW,Range Capital Acquisition Corp II Warrants,$0.31,0.00,0.00%,0.00,United States,2025,228,Finance,Blank Checks
RNP,Cohen & Steers REIT and Preferred and Income Fund Inc. Common Shares,$19.73,-0.69,-3.379%,969505130.00,United States,2003,131287,Finance,Investment Managers
RNR,RenaissanceRe Holdings Ltd. Common Stock,$290.73,-0.95,-0.326%,12643530223.00,Bermuda,,906845,Finance,Property-Casualty Insurers
RNR^F,RenaissanceRe Holdings Ltd. Depositary Shares each Representing a 1/1000th Interest in a 5.750% Series F Preference Share,$21.20,-0.3183,-1.479%,,Bermuda,,24955,,
RNR^G,RenaissanceRe Holdings Ltd. Depositary Shares each representing a 1/1000th interest in a share of 4.20% Series G Preference Shares,$15.34,-0.34,-2.168%,,Bermuda,,40874,,
RNST,Renasant Corporation Common Stock,$34.81,0.14,0.404%,3277093707.00,United States,2023,1349827,Finance,Major Banks
RNTX,Rein Therapeutics Inc. Common Stock,$1.24,-0.06,-4.615%,32595114.00,United States,2017,184564,Health Care,Biotechnology: Pharmaceutical Preparations
RNW,ReNew Energy Global plc Class A Ordinary Shares,$5.07,-0.17,-3.244%,1839239560.00,United Kingdom,,1504875,Utilities,Electric Utilities: Central
RNWWW,ReNew Energy Global plc Warrant,$0.0055,0.00,0.00%,1995230.00,United Kingdom,,62194,Utilities,Electric Utilities: Central
RNXT,RenovoRx Inc. Common Stock,$1.00,-0.01,-0.99%,36649916.00,United States,2021,276282,Health Care,Biotechnology: Pharmaceutical Preparations
ROAD,Construction Partners Inc. Class A Common Stock,$104.92,-8.32,-7.347%,5929593250.00,United States,2018,966565,Industrials,Military/Government/Technical
ROC,Rank One Computing Corporation Common stock,$7.24,0.72,11.043%,137716746.00,United States,2026,24262,Technology,Computer Software: Prepackaged Software
ROCK,Gibraltar Industries Inc. Common Stock,$38.86,-1.17,-2.923%,1148198946.00,United States,1993,605647,Industrials,Steel/Iron Ore
ROG,Rogers Corporation Common Stock,$98.58,-3.85,-3.759%,1757452004.00,United States,1960,322483,Industrials,Major Chemicals
ROIV,Roivant Sciences Ltd. Common Shares,$27.70,-0.10,-0.36%,19824921495.00,United Kingdom,,20864235,Health Care,Biotechnology: Pharmaceutical Preparations
ROK,Rockwell Automation Inc. Common Stock,$355.11,-0.62,-0.174%,39899416710.00,United States,,1290182,Industrials,Industrial Machinery/Components
ROKU,Roku Inc. Class A Common Stock,$93.27,-2.59,-2.702%,13750588947.00,United States,2017,2897834,Telecommunications,Cable & Other Pay Television Services
ROL,Rollins Inc. Common Stock,$53.26,-0.83,-1.534%,25670725831.00,United States,,7548697,Consumer Discretionary,Diversified Commercial Services
ROLR,High Roller Technologies Inc. Common Stock,$3.90,-0.03,-0.763%,42471382.00,,2024,212518,Consumer Discretionary,Services-Misc. Amusement & Recreation
ROMA,Roma Green Finance Limited Class A Ordinary Shares,$6.94,1.82,35.547%,413378123.00,Hong Kong,2024,956395,Consumer Discretionary,Professional Services
ROOT,Root Inc. Class A Common Stock,$45.59,0.85,1.90%,709136220.00,United States,2020,366253,Finance,Property-Casualty Insurers
ROP,Roper Technologies Inc. Common Stock,$353.68,0.42,0.119%,36403403505.00,United States,1992,2933511,Technology,Computer Software: Programming Data Processing
ROST,Ross Stores Inc. Common Stock,$211.19,0.53,0.252%,68308334344.00,United States,1985,4013007,Consumer Discretionary,Clothing/Shoe/Accessory Stores
RPAY,Repay Holdings Corporation Class A Common Stock,$2.59,-0.06,-2.264%,222431743.00,United States,2018,1077353,Real Estate,Real Estate
RPC,Ridgepost Capital Inc. Class A Common Stock,$7.57,0.03,0.398%,828957203.00,United States,2021,914178,Finance,Investment Managers
RPD,Rapid7 Inc. Common Stock,$6.31,0.00,0.00%,415785537.00,United States,2015,11455444,Technology,Computer Software: Prepackaged Software
RPGL,Republic Power Group Limited Class A Ordinary Shares,$0.69,0.1631,30.955%,2323575.00,Singapore,2025,27829136,Technology,Computer Software: Prepackaged Software
RPID,Rapid Micro Biosystems Inc. Class A Common Stock,$2.35,-0.15,-6.00%,106838034.00,United States,2021,276632,Industrials,Biotechnology: Laboratory Analytical Instruments
RPM,RPM International Inc. Common Stock,$93.23,-3.34,-3.459%,11940495926.00,United States,,1768935,Consumer Discretionary,Paints/Coatings
RPRX,Royalty Pharma plc Class A Ordinary Shares ,$45.36,-0.17,-0.373%,26166222316.00,United States,2020,8391546,Health Care,Biotechnology: Pharmaceutical Preparations
RPT,Rithm Property Trust Inc. Common stock,$13.50,-0.16,-1.171%,102212685.00,United States,2015,100737,Real Estate,Real Estate Investment Trusts
RPT^C,Rithm Property Trust Inc. 9.875% Series C Fixed-to-Floating Rate Cumulative Redeemable Preferred Stock,$24.63,-0.35,-1.401%,,United States,,5136,,
RQI,Cohen & Steers Quality Income Realty Fund Inc Common Shares,$12.03,-0.43,-3.451%,1615633908.00,United States,2002,475956,Finance,Trusts Except Educational Religious and Charitable
RR,Richtech Robotics Inc. Class B Common Stock,$2.16,-0.08,-3.571%,793416069.00,United States,2023,11498303,Industrials,Industrial Machinery/Components
RRBI,Red River Bancshares Inc. Common Stock,$87.19,-1.75,-1.968%,573464847.00,United States,2019,104434,Consumer Discretionary,Hotels/Resorts
RRC,Range Resources Corporation Common Stock,$44.47,-0.81,-1.789%,10467393070.00,United States,,5633809,Energy,Oil & Gas Production
RRGB,Red Robin Gourmet Burgers Inc. Common Stock,$3.16,-0.09,-2.769%,57115332.00,United States,2002,279511,Consumer Discretionary,Restaurants
RRR,Red Rock Resorts Inc. Class A Common Stock,$57.52,-2.34,-3.909%,6041143377.00,United States,2016,2079778,Consumer Discretionary,Hotels/Resorts
RRX,Regal Rexnord Corporation Common Stock,$175.40,-10.01,-5.399%,11675585017.00,United States,1976,1710850,Consumer Discretionary,Metal Fabrications
RS,Reliance Inc. Common Stock,$290.56,-4.24,-1.438%,15031620965.00,United States,1994,646136,Industrials,Metal Fabrications
RSF,RiverNorth Capital and Income Fund Common Stock,$14.535,-0.09,-0.615%,48569822.00,,2019,11277,Finance,Investment Managers
RSG,Republic Services Inc. Common Stock,$219.30,-3.72,-1.668%,67720929921.00,United States,1998,2266464,Utilities,Environmental Services
RSI,Rush Street Interactive Inc. Class A Common Stock,$20.70,-0.54,-2.542%,4809670358.00,United States,2020,1635310,Consumer Discretionary,Services-Misc. Amusement & Recreation
RSKD,Riskified Ltd. Class A Ordinary Shares,$4.11,-0.14,-3.294%,609123027.00,,2021,959766,Real Estate,Real Estate
RSSS,Research Solutions Inc Common Stock,$2.34,0.04,1.739%,76998814.00,United States,,169416,Technology,EDP Services
RSVR,Reservoir Media Inc. Common Stock,$9.37,-0.06,-0.636%,614674052.00,United States,2021,306002,Consumer Discretionary,Services-Misc. Amusement & Recreation
RTAC,Renatus Tactical Acquisition Corp I Class A Ordinary Shares,$10.34,0.00,0.00%,0.00,United States,2025,237129,Finance,Blank Checks
RTACU,Renatus Tactical Acquisition Corp I Unit,$10.61,-0.01,-0.094%,0.00,United States,2025,12527,Finance,Blank Checks
RTACW,Renatus Tactical Acquisition Corp I Warrant,$0.6001,0.0001,0.017%,0.00,United States,2025,229724,Finance,Blank Checks
RTO,Rentokil Initial plc American Depositary Shares (each representing five (5) Ordinary Shares),$30.82,-0.79,-2.499%,7772804000.00,United States,2022,1674884,Consumer Discretionary,Other Consumer Services
RTX,RTX Corporation Common Stock,$198.16,-2.57,-1.28%,266718251435.00,United States,,8461070,Industrials,Aerospace
RUBI,Rubico Inc. Common Stock,$0.6284,-0.0341,-5.147%,2551256.00,Greece,,388084,Consumer Discretionary,Marine Transportation
RUM,Rumble Inc. Class A Common Stock,$5.20,-0.08,-1.515%,2263199151.00,United States,2021,1957445,Technology,Computer Software: Programming Data Processing
RUMBW,Rumble Inc. Warrant,$1.05,-0.1401,-11.772%,456992136.00,United States,2021,14944,Technology,Computer Software: Programming Data Processing
RUN,Sunrun Inc. Common Stock,$12.22,-0.86,-6.575%,2865497165.00,United States,2015,13822822,Miscellaneous,Industrial Machinery/Components
RUSHA,Rush Enterprises Inc. Common Stock Cl A,$63.01,-0.10,-0.158%,4848063437.00,United States,,1286425,Consumer Discretionary,Retail-Auto Dealers and Gas Stations
RUSHB,Rush Enterprises Inc. Class B,$60.30,-1.05,-1.711%,4639552853.00,United States,,100680,Consumer Discretionary,Retail-Auto Dealers and Gas Stations
RVI,Robinhood Ventures Fund I Common Shares of Beneficial Interest,$23.565,-0.285,-1.195%,0.00,,2026,285692,,
RVLV,Revolve Group Inc. Class A Common Stock,$22.11,-0.75,-3.281%,1824213011.00,United States,2019,847776,Consumer Discretionary,Catalog/Specialty Distribution
RVMD,Revolution Medicines Inc. Common Stock,$95.78,-3.51,-3.535%,18981047965.00,United States,2020,3380754,Health Care,Biotechnology: Biological Products (No Diagnostic Substances)
RVMDW,Revolution Medicines Inc. Warrant,$1.60,-0.29,-15.344%,317077435.00,United States,,15018,Health Care,Biotechnology: Biological Products (No Diagnostic Substances)
RVP,Retractable Technologies Inc. Common Stock,$0.725,0.0294,4.227%,21704440.00,United States,2001,65346,Health Care,Medical/Dental Instruments
RVPH,Reviva Pharmaceuticals Holdings Inc. Common Stock ,$0.80,-0.0334,-4.008%,5154968.00,United States,2020,1958310,Health Care,Biotechnology: Pharmaceutical Preparations
RVSB,Riverview Bancorp Inc Common Stock,$5.16,0.08,1.575%,106868249.00,United States,,239614,Finance,Savings Institutions
RVSN,Rail Vision Ltd. Ordinary Share,$7.83,-0.57,-6.786%,17165130.00,Israel,2022,20801,Industrials,Railroads
RVSNW,Rail Vision Ltd. Warrant,$0.0346,0.0031,9.841%,75851.00,Israel,2022,2091,Industrials,Railroads
RVT,Royce Small-Cap Trust Inc. Common Stock,$16.20,-0.44,-2.644%,1748898783.00,United States,1986,224243,Finance,Trusts Except Educational Religious and Charitable
RVTY,Revvity Inc. Common Stock,$85.94,0.18,0.21%,9608377922.00,United States,,1429889,Industrials,Biotechnology: Laboratory Analytical Instruments
RVYL,Ryvyl Inc. Common Stock,$5.49,0.07,1.292%,5696375.00,United States,,27969,Consumer Discretionary,Professional Services
RWAY,Runway Growth Finance Corp. Common Stock,$6.84,-0.19,-2.703%,247156813.00,United States,2021,445614,Finance,Finance: Consumer Services
RWAYI,Runway Growth Finance Corp. 7.25% Notes due 2031,$25.18,0.15,0.599%,0.00,United States,,3460,Finance,Finance: Consumer Services
RWAYL,Runway Growth Finance Corp. 7.50% Notes due 2027,$25.16,-0.01,-0.04%,911210461.00,United States,,728,Finance,Finance: Consumer Services
RWT,Redwood Trust Inc. Common Stock,$5.35,-0.52,-8.859%,668693541.00,United States,1995,5860259,Real Estate,Real Estate Investment Trusts
RWT^A,Redwood Trust Inc. 10.00% Series A Fixed-Rate Reset Cumulative Redeemable Preferred Stock,$24.24,-0.265,-1.081%,,United States,,10996,,
RWTN,Redwood Trust Inc. 9.125% Senior Notes Due 2029,$24.25,-0.22,-0.899%,3133669002.00,United States,2024,25366,Real Estate,Real Estate Investment Trusts
RWTO,Redwood Trust Inc. 9.00% Senior Notes Due 2029,$24.38,-0.12,-0.49%,3150468052.00,United States,2024,14457,Real Estate,Real Estate Investment Trusts
RWTP,Redwood Trust Inc. 9.125% Senior Notes Due 2030,$24.27,-0.04,-0.165%,0.00,United States,2025,33940,Real Estate,Real Estate Investment Trusts
RWTQ,Redwood Trust Inc. 9.500% Senior Notes Due 2030,$23.60,-0.26,-1.09%,0.00,United States,2025,72887,Real Estate,Real Estate Investment Trusts
RXO,RXO Inc. Common Stock,$13.23,-0.39,-2.863%,2172286104.00,United States,2022,3485724,Consumer Discretionary,Transportation Services
RXRX,Recursion Pharmaceuticals Inc. Class A Common Stock,$3.25,-0.12,-3.561%,1714043490.00,United States,2021,26827392,Health Care,Biotechnology: Biological Products (No Diagnostic Substances)
RXST,RxSight Inc. Common Stock,$6.44,-0.30,-4.451%,265755197.00,United States,2021,1083648,Health Care,Ophthalmic Goods
RXT,Rackspace Technology Inc. Common Stock,$1.69,-0.10,-5.587%,417285334.00,United States,2020,12409429,Technology,Computer Software: Programming Data Processing
RY,Royal Bank Of Canada Common Stock,$159.20,-1.13,-0.705%,222326741792.00,Canada,,1330541,Finance,Commercial Banks
RYAAY,Ryanair Holdings plc American Depositary Shares,$57.63,-1.87,-3.143%,30326853260.00,Ireland,1997,1797688,Consumer Discretionary,Air Freight/Delivery Services
RYAM,Rayonier Advanced Materials Inc. Common Stock,$10.40,-0.74,-6.643%,696858167.00,United States,2014,1301122,Basic Materials,Paper
RYAN,Ryan Specialty Holdings Inc. Class A Common Stock,$34.68,-0.07,-0.201%,9127067522.00,United States,2021,3658067,Finance,Specialty Insurers
RYDE,Ryde Group Ltd. Class A Ordinary Shares,$0.5295,-0.1073,-16.85%,46758994.00,,2024,547259,Real Estate,Real Estate
RYET,Ruanyun Edai Technology Inc. Ordinary shares,$1.02,0.01,0.99%,35037004.00,China,2025,13712,Technology,Computer Software: Prepackaged Software
RYM,RYTHM Inc. Common Stock,$16.26,-1.14,-6.552%,34945146.00,United States,2021,3449,Consumer Staples,Farming/Seeds/Milling
RYN,Rayonier Inc. REIT Common Stock,$19.50,-0.40,-2.01%,5894817396.00,United States,,5985004,Real Estate,Real Estate Investment Trusts
RYOJ,rYojbaba Co. Ltd. Common Shares,$2.25,-0.09,-3.846%,25312500.00,Japan,2025,8579,Consumer Discretionary,Professional Services
RYTM,Rhythm Pharmaceuticals Inc. Common Stock,$87.45,-2.86,-3.167%,5971526661.00,United States,2017,3232813,Health Care,Biotechnology: Pharmaceutical Preparations
RYZ,Ryerson Holding Corporation Common Stock,$19.94,-0.20,-0.993%,1031263161.00,United States,2014,3349538,Industrials,Metal Fabrications
RZB,Reinsurance Group of America Incorporated 5.75% Fixed-To-Floating Rate Subordinated Debentures due 2056,$24.90,-0.10,-0.40%,1632523008.00,United States,2016,37173,Finance,Life Insurance
RZC,Reinsurance Group of America Incorporated 7.125% Fixed-Rate Reset Subordinated Debentures due 2052,$25.36,-0.14,-0.549%,1662682067.00,United States,2022,59395,Finance,Life Insurance
RZLT,Rezolute Inc. Common Stock (NV),$2.49,0.02,0.81%,238287236.00,United States,,8710828,Health Care,Biotechnology: Pharmaceutical Preparations
RZLV,Rezolve AI PLC Ordinary Shares,$2.53,-0.04,-1.556%,1009033795.00,United Kingdom,,17050300,Technology,Computer Software: Programming Data Processing
RZLVW,Rezolve AI PLC Warrants,$0.83,-0.114,-12.076%,331026897.00,United Kingdom,,23717,Technology,Computer Software: Programming Data Processing
S,SentinelOne Inc. Class A Common Stock,$14.17,-0.39,-2.679%,4815943645.00,United States,2021,18897702,Technology,Computer Software: Prepackaged Software
SA,Seabridge Gold Inc. Ordinary Shares (Canada),$24.43,-0.41,-1.651%,2536865801.00,Canada,,3910557,Basic Materials,Precious Metals
SAAQ,Space Asset Acquisition Corp. Class A Ordinary Shares,$9.91,-0.14,-1.393%,0.00,United States,,9498,,
SAAQU,Space Asset Acquisition Corp. Units,$10.11,-0.03,-0.296%,0.00,United States,2026,31828,Finance,Blank Checks
SAAQW,Space Asset Acquisition Corp. Warrants,$0.68,0.08,13.333%,0.00,United States,,2103,,
SABA,Saba Capital Income & Opportunities Fund II Shares of Beneficial Interest,$8.06,0.01,0.124%,0.00,United States,,216715,,
SABR,Sabre Corporation Common Stock,$1.32,-0.085,-6.05%,521617844.00,United States,2014,11134448,Technology,Computer Software: Programming Data Processing
SABS,SAB Biotherapeutics Inc. Common Stock,$3.75,-0.03,-0.794%,191066389.00,United States,2021,1328217,Health Care,Biotechnology: Biological Products (No Diagnostic Substances)
SABSW,SAB Biotherapeutics Inc. Warrant,$0.0276,-0.0024,-8.00%,1406249.00,United States,2021,1000,Health Care,Biotechnology: Biological Products (No Diagnostic Substances)
SAC,Safeguard Acquisition Corp. Class A Ordinary Shares,$9.96,0.02,0.201%,0.00,,2026,23623,Finance,Blank Checks
SACH,Sachem Capital Corp. Common Shares,$0.9937,0.0536,5.702%,47664979.00,United States,2017,855318,Real Estate,Real Estate Investment Trusts
SACH^A,Sachem Capital Corp. 7.75% Series A Cumulative Redeemable Preferred Stock,$16.875,-0.125,-0.735%,,United States,,2655,,
SAFE,Safehold Inc. New Common Stock ,$13.80,-0.64,-4.432%,990242888.00,United States,2023,836999,Real Estate,Real Estate Investment Trusts
SAFT,Safety Insurance Group Inc. Common Stock,$71.46,-0.94,-1.298%,1045580139.00,United States,2002,328214,Finance,Property-Casualty Insurers
SAFX,XCF Global Inc. Class A Common Stock,$0.3301,-0.0202,-5.766%,76805537.00,United States,,8500481,Industrials,Major Chemicals
SAGT,SAGTEC GLOBAL LIMITED Class A Ordinary shares,$2.39,-0.02,-0.83%,29994500.00,Malaysia,2025,15911,Technology,Computer Software: Prepackaged Software
SAH,Sonic Automotive Inc. Common Stock,$60.04,-0.93,-1.525%,2014158998.00,United States,1997,988796,Consumer Discretionary,Retail-Auto Dealers and Gas Stations
SAIA,Saia Inc. Common Stock,$318.63,-2.54,-0.791%,8497709795.00,United States,,563235,Industrials,Trucking Freight/Courier Services
SAIC,Science Applications International Corporation Common Stock,$96.74,-0.42,-0.432%,4200384340.00,United States,,1954877,Technology,EDP Services
SAIH,SAIHEAT Limited Class A Ordinary Shares,$7.81,-0.29,-3.58%,13690540.00,Singapore,2021,1443,Technology,EDP Services
SAIL,SailPoint Inc. Common Stock,$12.25,-0.09,-0.729%,6879915560.00,United States,2025,3724943,Technology,Computer Software: Prepackaged Software
SAJ,Saratoga Investment Corp 8.00% Notes due 2027,$25.55,0.0403,0.158%,400320747.00,United States,2022,326,Finance,Investment Managers
SAM,Boston Beer Company Inc. (The) Common Stock,$223.21,-8.58,-3.702%,2331737149.00,United States,,198028,Consumer Staples,Beverages (Production/Distribution)
SAMG,Silvercrest Asset Management Group Inc. Class A Common Stock,$13.35,0.045,0.338%,157450100.00,United States,2013,89453,Finance,Investment Managers
SAN,Banco Santander S.A. Sponsored ADR (Spain),$10.53,-0.41,-3.748%,154993422781.00,Spain,,14362130,Finance,Commercial Banks
SANA,Sana Biotechnology Inc. Common Stock,$3.11,-0.06,-1.893%,829956050.00,United States,2021,9276638,Health Care,Biotechnology: Biological Products (No Diagnostic Substances)
SANG,Sangoma Technologies Corporation Common Shares,$4.32,0.00,0.00%,143497358.00,Canada,,1149,Technology,Computer Software: Programming Data Processing
SANM,Sanmina Corporation Common Stock,$122.86,-7.37,-5.659%,6708756540.00,United States,1993,1602833,Technology,Electrical Products
SAP,SAP  SE ADS,$175.80,-9.21,-4.978%,215971043986.00,Germany,,5683005,Technology,Computer Software: Prepackaged Software
SAR,Saratoga Investment Corp New,$21.83,-0.67,-2.978%,353297986.00,United States,,186631,Finance,Investment Managers
SARO,StandardAero Inc. Common Stock,$25.60,-0.61,-2.327%,8515963238.00,United States,2024,10376991,Industrials,Aerospace
SAT,Saratoga Investment Corp 6.00% Notes due 2027,$24.76,0.01,0.04%,387942924.00,United States,2022,23461,Finance,Investment Managers
SATA,Strive Inc. Variable Rate Series A Perpetual Preferred Stock,$97.10,-0.66,-0.675%,6484122924.00,United States,,125215,,
SATL,Satellogic Inc. Class A Common Stock,$3.59,0.31,9.451%,521696779.00,Uruguay,,19573455,Technology,Radio And Television Broadcasting And Communications Equipment
SATLW,Satellogic Inc. Warrant,$0.6728,-0.0272,-3.886%,97770917.00,Uruguay,,35926,Technology,Radio And Television Broadcasting And Communications Equipment
SATS,EchoStar  Corporation Common Stock,$109.84,0.73,0.669%,31730124353.00,United States,,49300363,Consumer Discretionary,Telecommunications Equipment
SAV,Saratoga Investment Corp 7.50% Notes due 2031,$25.25,0.075,0.298%,0.00,United States,2026,9022,Finance,Investment Managers
SAY,Saratoga Investment Corp 8.125% Notes due 2027,$25.245,-0.195,-0.767%,395541967.00,United States,2022,7285,Finance,Investment Managers
SAZ,Saratoga Investment Corp 8.50% Notes due 2028,$25.17,-0.12,-0.474%,394366857.00,United States,2023,13267,Finance,Investment Managers
SB,Safe Bulkers Inc Common Stock ($0.001 par value),$6.05,-0.23,-3.662%,618580931.00,Monaco,2008,969301,Consumer Discretionary,Marine Transportation
SB^C,Safe Bulkers Inc Cumulative Redeemable Perpetual Preferred Series C (Marshall Islands),$26.38,-0.0488,-0.185%,,Monaco,,397,,
SB^D,Safe Bulkers Inc Perpetual Preferred Series D (Marshall Islands),$26.64,-0.05,-0.187%,,Monaco,,1492,,
SBAC,SBA Communications Corporation Class A Common Stock,$174.15,-8.13,-4.46%,18423083297.00,United States,1999,1510703,Real Estate,Real Estate Investment Trusts
SBC,SBC Medical Group Holdings Incorporated Common Stock,$3.70,0.07,1.928%,379534689.00,United States,2022,63386,Health Care,Medical/Nursing Services
SBCF,Seacoast Banking Corporation of Florida Common Stock,$29.33,0.11,0.376%,2873129668.00,United States,,2577722,Finance,Major Banks
SBDS,Solo Brands Inc. Class A Common Stock,$4.04,-0.22,-5.164%,9999618.00,,,110083,Consumer Discretionary,Recreational Games/Products/Toys
SBET,Sharplink Inc. Common Stock,$7.40,-0.28,-3.646%,1458996010.00,United States,,3647268,Technology,Computer Software: Prepackaged Software
SBEV,Splash Beverage Group Inc. (NV) Common Stock,$0.417,-0.011,-2.57%,1211966.00,,2021,197476,Consumer Staples,Beverages (Production/Distribution)
SBFG,SB Financial Group Inc. Common Stock,$19.98,-0.03,-0.15%,125923051.00,United States,,40186,Finance,Major Banks
SBFM,Sunshine Biopharma Inc. Common Stock,$1.04,-0.05,-4.587%,4738183.00,Canada,,27907,Health Care,Biotechnology: Pharmaceutical Preparations
SBFMW,Sunshine Biopharma Inc. Warrant,$0.125,-0.0149,-10.65%,569493.00,Canada,,1101,Health Care,Biotechnology: Pharmaceutical Preparations
SBGI,Sinclair Inc. Class A Common Stock,$13.24,-0.01,-0.075%,948235997.00,United States,1995,1505898,Industrials,Broadcasting
SBH,Sally Beauty Holdings Inc. (Name to be changed from Sally Holdings Inc.) Common Stock,$14.01,0.00,0.00%,1359093484.00,United States,,3209865,Consumer Discretionary,Other Specialty Stores
SBI,Western Asset Intermediate Muni Fund Inc Common Stock,$7.74,-0.085,-1.086%,0.00,United States,1992,63194,Finance,Finance/Investors Services
SBLK,Star Bulk Carriers Corp. Common Shares,$22.33,-0.40,-1.76%,2615457767.00,Greece,,1374115,Consumer Discretionary,Marine Transportation
SBLX,StableX Technologies Inc. Common Stock,$2.605,-0.035,-1.326%,3792815.00,United States,,26387,Consumer Discretionary,Telecommunications Equipment
SBR,Sabine Royalty Trust Common Stock,$75.08,0.11,0.147%,1094617223.00,United States,,66063,Energy,Oil & Gas Production
SBRA,Sabra Health Care REIT Inc. Common Stock,$19.59,-0.65,-3.211%,4939534596.00,United States,,6872883,Real Estate,Real Estate Investment Trusts
SBS,Companhia de saneamento Basico Do Estado De Sao Paulo - Sabesp American Depositary Shares (Each repstg 250 Common Shares),$27.90,-1.25,-4.288%,19635284054.00,Brazil,2002,2568995,Utilities,Water Supply
SBSI,Southside Bancshares Inc. Common Stock,$30.10,0.11,0.367%,895038761.00,United States,,410516,Finance,Major Banks
SBSW,D/B/A Sibanye-Stillwater Limited ADS,$11.26,-0.37,-3.181%,7968046848.00,South Africa,,7270662,Basic Materials,Precious Metals
SBUX,Starbucks Corporation Common Stock,$92.55,-3.28,-3.423%,105438705689.00,United States,1992,13959027,Consumer Discretionary,Restaurants
SBXD,SilverBox Corp IV Class A Ordinary Shares,$10.67,0.005,0.047%,0.00,,2024,1426,,
SBXE,SilverBox Corp V Class A Ordinary Shares,$10.03,0.0601,0.603%,0.00,,2026,170,,
SCAG,Scage Future American Depositary Shares,$1.33,-0.10,-6.993%,96570854.00,China,,603,Consumer Discretionary,Construction/Ag Equipment/Trucks
SCAGW,Scage Future Warrants,$0.0503,-0.0017,-3.269%,3652266.00,China,,2001,Consumer Discretionary,Construction/Ag Equipment/Trucks
SCCD,Sachem Capital Corp. 6.00% Notes due 2026,$24.40,0.00,0.00%,1155151827.00,United States,,1312,Real Estate,Real Estate Investment Trusts
SCCE,Sachem Capital Corp. 6.00% Notes due 2027,$23.50,0.00,0.00%,1112543768.00,United States,2022,14,Real Estate,Real Estate Investment Trusts
SCCF,Sachem Capital Corp. 7.125% Notes due 2027,$23.4064,0.0514,0.22%,1108112530.00,United States,2022,340,Real Estate,Real Estate Investment Trusts
SCCG,Sachem Capital Corp. 8.00% Notes due 2027,$23.705,0.225,0.958%,1122248937.00,United States,2022,2121,Real Estate,Real Estate Investment Trusts
SCCO,Southern Copper Corporation Common Stock,$152.71,-7.10,-4.443%,125085231652.00,United States,,3073017,Basic Materials,Metal Mining
SCD,LMP Capital and Income Fund Inc. Common Stock,$14.71,-0.25,-1.671%,0.00,United States,2004,50793,Finance,Trusts Except Educational Religious and Charitable
SCE^G,SCE Trust II Trust Preferred Securities,$18.30,-0.18,-0.974%,,United States,,26449,,
SCE^L,SCE TRUST VI,$17.81,-0.3101,-1.711%,,United States,,12715,,
SCE^M,SCE Trust VII 7.50% Trust Preference Securities,$24.69,-0.24,-0.963%,,United States,,55248,,
SCE^N,SCE Trust VIII 6.95% Trust Preference Securities,$23.99,-0.03,-0.125%,,United States,,36672,,
SCHL,Scholastic Corporation Common Stock,$37.25,3.01,8.791%,947703064.00,United States,1992,2353115,Consumer Discretionary,Books
SCHW,Charles Schwab Corporation (The) Common Stock,$94.66,0.67,0.713%,165864238831.00,United States,,13143800,Finance,Investment Bankers/Brokers/Service
SCHW^D,The Charles Schwab Corporation Depositary Shares each representing 1/40th interest in a share of 5.95% Non-Cumulative Perpetual Preferred Stock Series D,$24.50,-0.19,-0.77%,,United States,,47732,,
SCHW^J,The Charles Schwab Corporation Depositary Shares Each Representing a 1/40th Interest in a Share of 4.450% Non-Cumulative Perpetual Preferred Stock Series J,$17.86,-0.34,-1.868%,,United States,,61979,,
SCI,Service Corporation International Common Stock,$75.43,-0.42,-0.554%,10463737023.00,United States,,2112733,Consumer Discretionary,Other Consumer Services
SCII,SC II Acquisition Corp. Class A ordinary share,$10.03,0.00,0.00%,0.00,United States,2026,15,,
SCIIR,SC II Acquisition Corp. Rights,$0.2291,-0.0109,-4.542%,0.00,United States,2026,64162,,
SCIIU,SC II Acquisition Corp. Units,$10.30,0.03,0.292%,0.00,United States,2025,6736,,
SCKT,Socket Mobile Inc. Common Stock,$0.92,0.0425,4.843%,7338345.00,United States,,50226,Technology,Computer Manufacturing
SCL,Stepan Company Common Stock,$44.84,-0.51,-1.125%,1014965821.00,United States,,560261,Consumer Discretionary,Package Goods/Cosmetics
SCLX,Scilex Holding Company Common Stock,$7.52,-0.28,-3.59%,63854328.00,United States,2021,29010,Health Care,Biotechnology: Biological Products (No Diagnostic Substances)
SCLXW,Scilex Holding Company Warrant,$0.131,-0.0265,-16.825%,1112356.00,United States,2021,2392,Health Care,Biotechnology: Biological Products (No Diagnostic Substances)
SCM,Stellus Capital Investment Corporation Common Stock,$9.16,-0.34,-3.579%,265156847.00,United States,2012,269138,Finance,Finance/Investors Services
SCNI,Scinai Immunotherapeutics Ltd. American Depositary Shares,$0.7076,0.0026,0.369%,2255602.00,Israel,2015,7857,Health Care,Biotechnology: Biological Products (No Diagnostic Substances)
SCNX,Scienture Holdings Inc. Common Stock,$0.48,0.0228,4.987%,19502791.00,United States,,367603,Health Care,Other Pharmaceuticals
SCOR,comScore Inc. Common Stock,$7.16,0.28,4.07%,35912154.00,United States,2018,54234,Real Estate,Real Estate
SCPQ,Social Commerce Partners Corporation Class A Ordinary Shares,$9.90,0.00,0.00%,0.00,United States,2026,5,,
SCPQU,Social Commerce Partners Corporation Unit,$10.03,0.01,0.10%,0.00,United States,2025,3824,,
SCPQW,Social Commerce Partners Corporation Warrant,$0.3761,0.043,12.909%,0.00,United States,2026,1300,,
SCSC,ScanSource Inc. Common Stock,$34.63,-0.37,-1.057%,743865733.00,United States,,516977,Technology,Retail: Computer Software & Peripheral Equipment
SCVL,Shoe Carnival Inc. Common Stock,$17.69,0.27,1.55%,484263184.00,United States,1993,514081,Consumer Discretionary,Clothing/Shoe/Accessory Stores
SCWO,374Water Inc. Common Stock,$3.06,0.17,5.882%,51790133.00,United States,,82717,Consumer Discretionary,Metal Fabrications
SCYX,SCYNEXIS Inc. Common Stock,$0.9323,0.0383,4.284%,41640091.00,United States,2014,332204,Health Care,Biotechnology: Pharmaceutical Preparations
SCZM,Santacruz Silver Mining Ltd. Common Shares,$7.14,-0.43,-5.68%,652211311.00,Canada,,840708,,
SD,SandRidge Energy Inc. Common Stock,$16.81,-0.17,-1.001%,619030990.00,United States,2016,1615159,Energy,Oil & Gas Production
SDA,SunCar Technology Group Inc. Class A Ordinary Shares,$1.75,-0.04,-2.235%,172383852.00,Hong Kong,2021,170747,Consumer Discretionary,Automotive Aftermarket
SDAWW,SunCar Technology Group Inc. Warrant,$0.1549,-0.0006,-0.386%,15258433.00,Hong Kong,2021,56008,Consumer Discretionary,Automotive Aftermarket
SDGR,Schrodinger Inc. Common Stock,$12.02,-0.18,-1.475%,887377714.00,United States,2020,1697363,Health Care,Biotechnology: Pharmaceutical Preparations
SDHC,Smith Douglas Homes Corp. Class A Common Stock,$11.34,-0.24,-2.073%,583864848.00,United States,2024,384841,Consumer Discretionary,Homebuilding
SDHI,Siddhi Acquisition Corp Class A Common stock,$10.30,0.00,0.00%,0.00,United States,2025,2,Finance,Blank Checks
SDHY,PGIM Short Duration High Yield Opportunities Fund Common Shares,$15.71,-0.195,-1.226%,387613710.00,,2020,46620,Finance,Finance/Investors Services
SDOT,Sadot Group Inc. Common Stock,$1.78,-0.0701,-3.789%,3291362.00,United States,2020,57510,Consumer Discretionary,Restaurants
SDRL,Seadrill Limited Common Shares,$43.60,-1.29,-2.874%,2722795889.00,Bermuda,2022,985871,Energy,Oil & Gas Production
SDST,Stardust Power Inc. Common Stock,$2.45,0.04,1.66%,24180417.00,United States,2021,175917,Industrials,Major Chemicals
SDSTW,Stardust Power Inc. Warrant,$0.215,0.00,0.00%,2121955.00,United States,2021,3,Industrials,Major Chemicals
SE,Sea Limited American Depositary Shares each representing one Class A Ordinary Share,$78.85,-2.13,-2.63%,46680771796.00,United States,2017,6010960,Consumer Discretionary,Other Consumer Services
SEAL^A,Seapeak LLC 9.00% Series A Cumulative Redeemable Perpetual Preferred Units,$25.74,-0.10,-0.387%,,Bermuda,,3345,,
SEAL^B,Seapeak LLC 8.50% Series B Fixed-to-Floating Rate Cumulative Redeemable Perpetual Preferred Units,$25.72,-0.0699,-0.271%,,Bermuda,,4754,,
SEAT,Vivid Seats Inc. Class A Common Stock,$5.64,-0.45,-7.389%,60718864.00,United States,,307130,Consumer Discretionary,Services-Misc. Amusement & Recreation
SEB,Seaboard Corporation Common Stock,$4922.29,-134.15,-2.653%,4714539828.00,United States,1996,16779,Industrials,Farming/Seeds/Milling
SEDG,SolarEdge Technologies Inc. Common Stock,$51.73,6.07,13.294%,3122748233.00,Israel,2015,9885806,Technology,Semiconductors
SEE,Sealed Air Corporation Common Stock,$41.89,0.09,0.215%,6173482115.00,United States,,5361243,Industrials,Major Chemicals
SEED,Origin Agritech Limited Common Stock,$1.09,0.00,0.00%,12997540.00,China,,23856,Consumer Staples,Farming/Seeds/Milling
SEER,Seer Inc. Class A Common Stock,$1.68,-0.045,-2.609%,101551536.00,United States,2020,263204,Industrials,Biotechnology: Laboratory Analytical Instruments
SEG,Seaport Entertainment Group Inc. Common Stock,$20.59,-0.93,-4.322%,263474788.00,United States,2024,86928,Consumer Discretionary,Services-Misc. Amusement & Recreation
SEGG,Sports Entertainment Gaming Global Corporation Common Stock,$0.7997,-0.0803,-9.125%,10110965.00,United States,2023,494525,Technology,Computer Software: Prepackaged Software
SEI,Solaris Energy Infrastructure Inc. Class A Common Stock,$61.81,-4.07,-6.178%,4231920546.00,United States,2017,3527465,Consumer Discretionary,Oil and Gas Field Machinery
SEIC,SEI Investments Company Common Stock,$77.79,-0.08,-0.103%,9509682188.00,United States,1981,1691772,Finance,Investment Bankers/Brokers/Service
SELF,Global Self Storage Inc. Common Stock,$5.08,0.00,0.00%,57595618.00,United States,,56591,Real Estate,Real Estate Investment Trusts
SELX,Semilux International Ltd. Ordinary Shares,$0.4202,-0.0328,-7.241%,15727394.00,Taiwan,,8329,Technology,Semiconductors
SEM,Select Medical Holdings Corporation Common Stock,$16.25,-0.02,-0.123%,2015297375.00,United States,2009,6152373,Health Care,Hospital/Nursing Management
SEMR,SEMrush Holdings Inc. Class A Common Stock,$11.93,0.01,0.084%,1800943351.00,United States,2021,1470478,Technology,Computer Software: Prepackaged Software
SENEA,Seneca Foods Corp. Class A Common Stock,$140.72,-2.94,-2.046%,952227473.00,United States,,121197,Consumer Staples,Packaged Foods
SENEB,Seneca Foods Corp. Class B Common Stock,$139.21,1.64,1.192%,942009569.00,United States,,3228,Consumer Staples,Packaged Foods
SENS,Senseonics Holdings Inc. Common Stock,$6.48,0.11,1.727%,270672620.00,United States,,574225,Health Care,Medical/Dental Instruments
SEPN,Septerna Inc. Common Stock,$24.18,-0.10,-0.412%,1085836123.00,United States,2024,489838,Health Care,Biotechnology: Pharmaceutical Preparations
SER,Serina Therapeutics Inc. Common Stock,$2.54,0.06,2.419%,27395333.00,,2018,13270011,Health Care,Biotechnology: Pharmaceutical Preparations
SERA,Sera Prognostics Inc. Class A Common Stock,$1.835,0.045,2.514%,70821445.00,United States,2021,164024,Health Care,Medical Specialities
SERV,Serve Robotics Inc. Common Stock,$8.86,-0.27,-2.957%,670614968.00,United States,,5017879,Consumer Discretionary,Industrial Specialties
SES,SES AI Corporation Class A Common Stock,$1.05,-0.04,-3.67%,384954980.00,United States,2021,3558690,Miscellaneous,Industrial Machinery/Components
SEV,Aptera Motors Corp. Class B Common Stock,$2.77,-0.19,-6.419%,77514481.00,United States,,414100,Industrials,Auto Manufacturing
SEVN,Seven Hills Realty Trust Common Stock,$8.23,-0.07,-0.843%,185972413.00,United States,,265273,Real Estate,Real Estate Investment Trusts
SEZL,Sezzle Inc. Common Stock,$66.15,-0.09,-0.136%,2235980801.00,United States,,738601,Finance,Finance: Consumer Services
SF,Stifel Financial Corporation Common Stock,$70.77,0.46,0.654%,10954335649.00,United States,,2222961,Finance,Investment Bankers/Brokers/Service
SF^B,Stifel Financial Corporation Depositary Shares Each Representing 1/1000th  Interest in a Share of 6.25% Non-Cumulative  Preferred Stock Series B,$23.85,-0.19,-0.79%,,United States,,13767,,
SF^C,Stifel Financial Corporation Depositary Shares Each Representing 1/1000th Interest in a Share of 6.125% Non Cumulative Preferred Stock Series C,$23.02,-0.275,-1.181%,,United States,,11478,,
SF^D,Stifel Financial Corporation Depositary Shares Each Representing 1/1000th Interest in a Share of 4.50% Non-Cumulative Preferred Stock Series D,$17.18,-0.22,-1.264%,,United States,,20826,,
SFB,Stifel Financial Corporation 5.20% Senior Notes due 2047,$19.65,-0.16,-0.808%,2007707428.00,United States,2017,9520,Finance,Investment Bankers/Brokers/Service
SFBC,Sound Financial Bancorp Inc. Common Stock,$43.88,1.69,4.006%,112599108.00,United States,,42883,Finance,Savings Institutions
SFBS,ServisFirst Bancshares Inc. Common Stock,$72.31,0.01,0.014%,3951056363.00,United States,,913214,Finance,Major Banks
SFD,Smithfield Foods Inc. Common Stock,$23.12,0.01,0.043%,9088765878.00,United States,2025,2523063,Consumer Staples,Meat/Poultry/Fish
SFHG,Samfine Creation Holdings Group Limited Class A Ordinary Share,$2.175,-0.095,-4.185%,8830500.00,Hong Kong,2024,6269,Consumer Discretionary,Publishing
SFIX,Stitch Fix Inc. Class A Common Stock,$3.18,-0.13,-3.927%,434141614.00,United States,2017,3772363,Consumer Discretionary,Catalog/Specialty Distribution
SFL,SFL Corporation Ltd,$10.36,-0.13,-1.239%,1497879124.00,Bermuda,,2436548,Consumer Discretionary,Marine Transportation
SFM,Sprouts Farmers Market Inc. Common Stock,$81.80,-2.72,-3.218%,7736348947.00,United States,2013,3878599,Consumer Staples,Food Chains
SFNC,Simmons First National Corporation Class A Common Stock,$18.94,0.24,1.283%,2743797003.00,United States,,3357083,Finance,Major Banks
SFST,Southern First Bancshares Inc. Common Stock,$51.94,0.13,0.251%,427528424.00,United States,,151626,Finance,Major Banks
SFWL,Shengfeng Development Limited Class A Ordinary Shares,$0.864,-0.0411,-4.541%,71277851.00,China,2023,402,Industrials,Trucking Freight/Courier Services
SG,Sweetgreen Inc. Class A Common Stock,$5.28,-0.06,-1.124%,627242780.00,United States,2021,4863162,Consumer Discretionary,Restaurants
SGA,Saga Communications Inc. Class A Common Stock (FL),$11.99,0.80,7.149%,78613886.00,United States,,51141,Consumer Discretionary,Broadcasting
SGC,Superior Group of Companies Inc. Common Stock,$9.97,-0.26,-2.542%,156577973.00,United States,,93314,Consumer Discretionary,Apparel
SGHC,Super Group (SGHC) Limited Ordinary Shares,$10.46,-0.20,-1.876%,5288969223.00,,2022,2739609,Consumer Discretionary,Services-Misc. Amusement & Recreation
SGHT,Sight Sciences Inc. Common Stock,$3.47,-0.10,-2.801%,187400764.00,United States,2021,566453,Health Care,Medical/Dental Instruments
SGI,Somnigroup International Inc. Common Stock,$71.87,-2.29,-3.088%,15117180647.00,United States,,3475632,Consumer Discretionary,Home Furnishings
SGLY,Singularity Future Technology Ltd. Common Stock,$0.361,-0.0202,-5.299%,2632951.00,United States,2008,12277,Industrials,Integrated Freight & Logistics
SGML,Sigma Lithium Corporation Common Shares,$9.045,-0.845,-8.544%,1007468090.00,Canada,,2968613,Basic Materials,Metal Mining
SGMO,Sangamo Therapeutics Inc. Common Stock,$0.3317,-0.0093,-2.727%,111615222.00,United States,2000,7625851,Health Care,Biotechnology: Biological Products (No Diagnostic Substances)
SGMT,Sagimet Biosciences Inc. Series A Common Stock,$4.82,-0.01,-0.207%,157060216.00,United States,2023,370259,Health Care,Biotechnology: Pharmaceutical Preparations
SGP,SpyGlass Pharma Inc. Common Stock,$26.00,0.29,1.128%,829690264.00,United States,2026,728537,Health Care,Medical/Dental Instruments
SGRP,SPAR Group Inc. Common Stock,$0.7559,0.0039,0.519%,18103798.00,United States,,79193,Real Estate,Real Estate
SGRY,Surgery Partners Inc. Common Stock,$11.80,-0.25,-2.075%,1527154065.00,United States,2015,1629019,Health Care,Hospital/Nursing Management
SGU,Star Group L.P. Common Stock,$12.26,-0.34,-2.698%,403097214.00,United States,,50312,Consumer Discretionary,Other Specialty Stores
SHAK,Shake Shack Inc. Class A Common Stock,$87.63,-0.53,-0.601%,3741144739.00,United States,2015,1626092,Consumer Discretionary,Restaurants
SHAZ,SharonAI Holdings Inc. Class A Common Stock,$23.85,-1.73,-6.763%,285448844.00,United States,,80216,Technology,EDP Services
SHBI,Shore Bancshares Inc Common Stock,$17.75,-0.14,-0.783%,593171719.00,United States,,498779,Finance,Major Banks
SHC,Sotera Health Company Common Stock,$13.50,-0.06,-0.442%,3839293067.00,United States,2020,5593404,Health Care,Misc Health and Biotechnology Services
SHEL,Shell PLC American Depositary Shares (each representing two (2) Ordinary Shares) ,$90.44,-0.75,-0.822%,262792975299.00,Netherlands,2022,11216209,Energy,Oil & Gas Production
SHEN,Shenandoah Telecommunications Co Common Stock,$13.98,-0.37,-2.578%,773117039.00,United States,,673713,Telecommunications,Telecommunications Equipment
SHFS,SHF Holdings Inc. Class A Common Stock,$0.8413,0.0193,2.348%,2592109.00,United States,2021,78606,Finance,Finance: Consumer Services
SHFSW,SHF Holdings Inc. Warrants,$0.0328,0.00,0.00%,101059.00,United States,2021,600,Finance,Finance: Consumer Services
SHG,Shinhan Financial Group Co Ltd American Depositary Shares,$61.72,-0.95,-1.516%,31072645459.00,South Korea,,533193,Finance,Major Banks
SHIM,Shimmick Corporation Common Stock,$3.05,-0.01,-0.327%,110079777.00,United States,2023,67290,Industrials,Military/Government/Technical
SHIP,Seanergy Maritime Holdings Corp. Common Stock,$12.11,-0.66,-5.168%,253127640.00,Greece,,188819,Consumer Discretionary,Marine Transportation
SHLS,Shoals Technologies Group Inc. Class A Common Stock,$6.10,0.06,0.993%,1021446976.00,United States,2021,5360506,Technology,Semiconductors
SHMD,SCHMID Group N.V. Class A Ordinary Shares,$6.12,-0.40,-6.135%,340290152.00,Germany,,462368,Technology,Industrial Machinery/Components
SHMDW,SCHMID Group N.V. Warrants,$2.05,-0.15,-6.818%,113986080.00,Germany,,37704,Technology,Industrial Machinery/Components
SHO,Sunstone Hotel Investors Inc. Sunstone Hotel Investors Inc. Common Shares,$8.88,-0.23,-2.525%,1679570082.00,United States,2004,3710165,Consumer Discretionary,Hotels/Resorts
SHO^H,Sunstone Hotel Investors Inc. 6.125% Series H Cumulative Redeemable Preferred Stock,$20.44,-0.24,-1.161%,,United States,,13718,,
SHO^I,Sunstone Hotel Investors Inc. 5.70% Series I Cumulative Redeemable Preferred Stock,$18.43,-0.41,-2.176%,,United States,,21777,,
SHOO,Steven Madden Ltd. Common Stock,$31.83,-1.37,-4.127%,2320782944.00,United States,1993,2786622,Consumer Discretionary,Shoe Manufacturing
SHOP,Shopify Inc. Class A Subordinate Voting Shares,$116.78,-5.59,-4.568%,152294126139.00,Canada,,11943312,Technology,Computer Software: Prepackaged Software
SHPH,Shuttle Pharmaceuticals Holdings Inc. Common Stock,$0.888,-0.0602,-6.349%,2977011.00,United States,2022,72268,Health Care,Biotechnology: Pharmaceutical Preparations
SHW,Sherwin-Williams Company (The) Common Stock,$303.53,-6.85,-2.207%,75081893488.00,United States,,2708414,Consumer Discretionary,RETAIL: Building Materials
SI,Shoulder Innovations Inc. Common Stock,$14.30,-0.75,-4.983%,295259622.00,,2025,715697,Health Care,Medical/Dental Instruments
SIBN,SI-BONE Inc. Common Stock,$12.79,0.02,0.157%,564874021.00,United States,2018,816132,Health Care,Medical/Dental Instruments
SID,Companhia Siderurgica Nacional S.A. Common Stock,$1.14,-0.05,-4.202%,1511747100.00,Brazil,,9545329,Industrials,Steel/Iron Ore
SIDU,Sidus Space Inc. Class A Common Stock,$2.31,0.02,0.873%,153660858.00,United States,2021,9145591,Telecommunications,Telecommunications Equipment
SIEB,Siebert Financial Corp. Common Stock,$2.02,0.05,2.538%,81662411.00,United States,,78243,Finance,Investment Bankers/Brokers/Service
SIF,SIFCO Industries Inc. Common Stock,$14.62,-1.15,-7.292%,90865171.00,United States,1969,148892,Industrials,Aerospace
SIFY,Sify Technologies Limited American Depositary Shares,$13.89,-0.32,-2.252%,1004947056.00,India,,62553,Technology,Computer Software: Programming Data Processing
SIG,Signet Jewelers Limited Common Shares,$89.05,-0.51,-0.569%,3622949560.00,Bermuda,,3998148,Consumer Discretionary,Consumer Specialties
SIGA,SIGA Technologies Inc. Common Stock,$4.94,-0.14,-2.756%,353923336.00,United States,,1105044,Health Care,Biotechnology: Pharmaceutical Preparations
SIGI,Selective Insurance Group Inc. Common Stock,$74.04,0.31,0.42%,4448468318.00,United States,,1172224,Finance,Property-Casualty Insurers
SIGIP,Selective Insurance Group Inc. Depositary Shares each representing a 1/1000th interest in a share of 4.60% Non-Cumulative Preferred Stock Series B,$16.23,-0.12,-0.734%,975130211.00,United States,,10977,Finance,Property-Casualty Insurers
SII,Sprott Inc. Common Shares,$134.37,-2.41,-1.762%,3466746000.00,,2020,434102,Finance,Finance: Consumer Services
SILA,Sila Realty Trust Inc. Common Stock,$23.59,-0.63,-2.601%,1303262340.00,United States,2024,510760,Real Estate,Real Estate Investment Trusts
SILC,Silicom Ltd Ordinary Shares,$18.14,-0.95,-4.976%,103335689.00,Israel,,19179,Telecommunications,Computer Communications Equipment
SILO,Silo Pharma Inc. Common Stock,$0.36,0.034,10.429%,5900292.00,United States,,192991,Consumer Discretionary,Apparel
SIM,Grupo Simec S.A.B. de C.V. American Depositary Shares,$30.80,0.00,0.00%,4732983332.00,Mexico,1998,24,Industrials,Steel/Iron Ore
SIMA,SIM Acquisition Corp. I Class A Ordinary Shares,$10.72,-0.01,-0.093%,0.00,United States,2024,50130,Miscellaneous,Industrial Machinery/Components
SIMO,Silicon Motion Technology Corporation American Depositary Shares,$123.76,-3.74,-2.933%,4205818999.00,Taiwan,2005,356586,Technology,Semiconductors
SINT,SiNtx Technologies Inc. Common Stock,$2.49,-0.09,-3.488%,10008866.00,United States,2014,26216,Health Care,Medical/Dental Instruments
SION,Sionna Therapeutics Inc. Common Stock,$36.39,0.90,2.536%,1637479876.00,United States,2025,339158,Health Care,Biotechnology: Pharmaceutical Preparations
SIRI,SiriusXM Holdings Inc. Common Stock,$21.99,-0.41,-1.83%,7361655565.00,United States,,6128069,Consumer Discretionary,Broadcasting
SITC,SITE Centers Corp. Common Stock,$5.42,-0.07,-1.275%,284345883.00,United States,,1718324,Real Estate,Real Estate Investment Trusts
SITE,SiteOne Landscape Supply Inc. Common Stock,$127.45,-2.84,-2.18%,5666339824.00,United States,2016,706852,Consumer Discretionary,Professional and commerical equipment
SITM,SiTime Corporation Common Stock,$325.32,-31.11,-8.728%,8555888348.00,United States,2019,4027766,Technology,Semiconductors
SJ,Scienjoy Holding Corporation Class A Ordinary Shares ,$1.39,-0.08,-5.442%,58384723.00,China,2019,28308,Technology,EDP Services
SJM,The J.M. Smucker Company Common Stock,$99.37,-1.04,-1.036%,10597643459.00,United States,,2967816,Consumer Staples,Packaged Foods
SJT,San Juan Basin Royalty Trust Common Stock,$5.25,0.16,3.143%,244696179.00,United States,,161478,Energy,Oil & Gas Production
SKBL,Skyline Builders Group Holding Limited Class A Ordinary Shares,$2.96,0.06,2.069%,412048606.00,Hong Kong,2025,135347,Consumer Discretionary,Engineering & Construction
SKE,Skeena Resources Limited Common Shares,$26.27,-0.53,-1.978%,3181121910.00,,2021,1947734,Basic Materials,Precious Metals
SKIL,Skillsoft Corp. Class A Common Stock,$3.71,-0.01,-0.269%,32494091.00,United States,2019,213353,Technology,Computer Software: Prepackaged Software
SKIN,The Beauty Health Company Class A Common Stock,$1.13,-0.03,-2.586%,144383547.00,United States,2020,858265,Health Care,Medical/Dental Instruments
SKK,SKK Holdings Limited Class A Ordinary Shares,$0.295,0.0475,19.192%,5531250.00,Singapore,2024,3401384,Industrials,Water Sewer Pipeline Comm & Power Line Construction
SKLZ,Skillz Inc. Class A Common Stock,$2.68,-0.54,-16.77%,40489788.00,United States,2020,200753,Technology,EDP Services
SKM,SK Telecom Co. Ltd. Common Stock,$28.44,-0.69,-2.369%,10909015200.00,South Korea,,856841,Telecommunications,Telecommunications Equipment
SKT,Tanger Inc. Common Stock,$34.06,-1.42,-4.002%,3900133522.00,United States,1993,1626263,Real Estate,Real Estate Investment Trusts
SKWD,Skyward Specialty Insurance Group Inc. Common Stock,$41.26,-0.16,-0.386%,1834711886.00,United States,2023,1310260,Finance,Property-Casualty Insurers
SKY,Champion Homes Inc. Common Stock,$72.54,-1.31,-1.774%,4011608603.00,United States,,1174449,Consumer Discretionary,Homebuilding
SKYE,Skye Bioscience Inc. Common Stock,$0.649,-0.0062,-0.946%,21662818.00,United States,,277301,Health Care,Biotechnology: Pharmaceutical Preparations
SKYH,Sky Harbour Group Corporation Class A Common Stock,$9.45,-0.02,-0.211%,719312605.00,United States,2022,321501,Finance,Real Estate
SKYQ,Sky Quarry Inc. Common Stock,$2.84,-0.54,-15.976%,10658162.00,United States,2024,132626,Industrials,Environmental Services
SKYT,SkyWater Technology Inc. Common Stock,$27.54,-0.15,-0.542%,1321784448.00,United States,2021,1842092,Technology,Semiconductors
SKYW,SkyWest Inc. Common Stock,$87.89,-1.47,-1.645%,3551342402.00,United States,1986,1191102,Consumer Discretionary,Air Freight/Delivery Services
SKYX,SKYX Platforms Corp. Common Stock,$1.66,-0.09,-5.143%,218315079.00,United States,2022,3411441,Consumer Discretionary,Building Products
SLAB,Silicon Laboratories Inc. Common Stock,$206.25,0.47,0.228%,6799735800.00,United States,2000,713847,Technology,Semiconductors
SLAI,SOLAI Limited American Depositary Shares (each representing one hundred (100) Class A Ordinary Shares),$0.8367,0.0167,2.037%,15628330.00,,2013,51156,Technology,EDP Services
SLB,SLB Limited Common Shares,$46.63,-1.19,-2.488%,70064445263.00,France,,65340434,Energy,Oilfield Services/Equipment
SLDB,Solid Biosciences Inc. Common Stock,$7.03,-0.09,-1.264%,547708980.00,United States,2018,1457394,Health Care,Biotechnology: Biological Products (No Diagnostic Substances)
SLDE,Slide Insurance Holdings Inc. Common Stock,$16.37,-0.93,-5.376%,2035108676.00,United States,2025,8668811,Finance,Property-Casualty Insurers
SLDP,Solid Power Inc. Class A Common Stock,$3.04,-0.12,-3.797%,670558114.00,United States,2021,7261853,Miscellaneous,Industrial Machinery/Components
SLDPW,Solid Power Inc. Warrant,$0.2161,-0.0189,-8.043%,47666976.00,United States,2021,41738,Miscellaneous,Industrial Machinery/Components
SLE,Super League Enterprise Inc. Common Stock,$4.70,0.02,0.427%,4501054.00,United States,2019,24230,Consumer Discretionary,Services-Misc. Amusement & Recreation
SLF,Sun Life Financial Inc. Common Stock,$62.07,-0.50,-0.799%,34378920262.00,Canada,,753118,Finance,Life Insurance
SLG,SL Green Realty Corp Common Stock,$37.48,-2.17,-5.473%,2662248739.00,United States,1997,2471788,Real Estate,Real Estate Investment Trusts
SLG^I,SL Green Realty Corporation Preferred Series I,$21.47,-0.12,-0.556%,,United States,,8584,,
SLGB,Smart Logistics Global Limited Ordinary Shares,$0.87,-0.08,-8.421%,35670000.00,Hong Kong,2025,137050,Industrials,Integrated Freight & Logistics
SLGL,Sol-Gel Technologies Ltd. Ordinary Shares,$72.97,-8.74,-10.696%,203277053.00,Israel,2018,16894,Health Care,Biotechnology: Pharmaceutical Preparations
SLGN,Silgan Holdings Inc. Common Stock,$38.06,-1.02,-2.61%,4013121416.00,United States,2022,2074108,Industrials,Containers/Packaging
SLI,Standard Lithium Ltd. Common Shares,$3.38,-0.30,-8.152%,805376355.00,Canada,2021,6290751,Industrials,Major Chemicals
SLM,SLM Corporation Common Stock,$19.73,0.14,0.715%,3909590771.00,United States,,5812056,Finance,Finance: Consumer Services
SLMBP,SLM Corporation Floating Rate Non-Cumulative Preferred Stock Series B,$74.96,0.36,0.483%,14853670765.00,United States,,2795,Finance,Finance: Consumer Services
SLMT,Brera Holdings PLC Class B Ordinary Shares,$0.7787,-0.0114,-1.443%,63849324.00,Ireland,2023,744977,Consumer Discretionary,Services-Misc. Amusement & Recreation
SLN,Silence Therapeutics Plc American Depository Share,$6.17,-0.21,-3.292%,288756000.00,United Kingdom,,255029,Health Care,Biotechnology: Pharmaceutical Preparations
SLND,Southland Holdings Inc. Common Stock,$0.9188,0.1739,23.345%,49719057.00,United States,,326096,Industrials,Military/Government/Technical
SLNG,Stabilis Solutions Inc. Common Stock,$4.44,0.67,17.772%,82567576.00,United States,,438305,Utilities,Oil/Gas Transmission
SLNH,Soluna Holdings Inc. Common Stock,$0.7112,-0.0341,-4.575%,78820830.00,United States,,2161954,Technology,EDP Services
SLNHP,Soluna Holdings Inc 9.0% Series A Cumulative Perpetual Preferred Stock ,$8.03,-0.87,-9.775%,889948350.00,United States,,31641,Technology,EDP Services
SLNO,Soleno Therapeutics Inc. Common Stock,$33.22,-0.39,-1.16%,1714962036.00,United States,2014,1701365,Health Care,Biotechnology: Electromedical & Electrotherapeutic Apparatus
SLP,Simulations Plus Inc. Common Stock,$11.67,-0.04,-0.342%,235110647.00,United States,,206401,Technology,EDP Services
SLQT,SelectQuote Inc. Common Stock,$0.5961,-0.0236,-3.808%,105086269.00,United States,2020,1574123,Finance,Specialty Insurers
SLRC,SLR Investment Corp. Common Stock,$14.06,-0.26,-1.816%,767038154.00,United States,2010,738485,Finance,Finance/Investors Services
SLS,SELLAS Life Sciences Group Inc. Common Stock,$4.76,-0.44,-8.462%,678025058.00,United States,,29404971,Health Care,Biotechnology: Pharmaceutical Preparations
SLSN,Solesence Inc. Common Stock,$0.88,0.0199,2.314%,62072424.00,United States,,112365,Consumer Discretionary,Package Goods/Cosmetics
SLSR,Solaris Resources Inc. Common Shares,$7.80,-0.28,-3.465%,1301796101.00,,2024,128621,,
SLVM,Sylvamo Corporation Common Stock,$37.11,-1.66,-4.282%,1466159099.00,United States,2021,1128376,Basic Materials,Paper
SLXN,Silexion Therapeutics Corp Ordinary Shares,$1.22,-0.2188,-15.207%,4063558.00,Israel,,63540,Health Care,Biotechnology: Biological Products (No Diagnostic Substances)
SLXNW,Silexion Therapeutics Corp Warrant,$0.014,0.0018,14.754%,46631.00,Israel,,10350,Health Care,Biotechnology: Biological Products (No Diagnostic Substances)
SM,SM Energy Company Common Stock,$30.04,2.29,8.252%,7160309347.00,United States,,13598473,Energy,Oil & Gas Production
SMA,SmartStop Self Storage REIT Inc. Common Stock,$30.31,-1.47,-4.626%,1677876035.00,United States,2025,6448059,Real Estate,Real Estate Investment Trusts
SMBC,Southern Missouri Bancorp Inc. Common Stock,$61.67,-0.27,-0.436%,685047566.00,United States,,102265,Finance,Banks
SMBK,SmartFinancial Inc. Common Stock,$37.21,-0.49,-1.30%,636178216.00,United States,,295738,Finance,Major Banks
SMC,Summit Midstream Corporation Common Stock,$31.34,-0.03,-0.096%,594353259.00,United States,2012,252689,Utilities,Natural Gas Distribution
SMCI,Super Micro Computer Inc. Common Stock,$20.53,-10.26,-33.323%,12297252957.00,United States,2020,241913406,Technology,Computer Manufacturing
SMFG,Sumitomo Mitsui Financial Group Inc Unsponsored American Depositary Shares (Japan),$19.08,-0.46,-2.354%,123525365558.00,Japan,,2877960,Finance,Commercial Banks
SMG,Scotts Miracle-Gro Company (The) Common Stock,$62.27,-2.05,-3.187%,3614135419.00,United States,1992,980099,Industrials,Agricultural Chemicals
SMHI,SEACOR Marine Holdings Inc. Common Stock ,$7.28,0.01,0.138%,196209002.00,United States,2017,158176,Consumer Discretionary,Marine Transportation
SMID,Smith-Midland Corporation Common Stock,$26.25,-1.275,-4.632%,139245908.00,United States,,21853,Industrials,Building Materials
SMJF,SMJ International Holdings Inc. Class A Ordinary Shares,$2.95,-0.05,-1.667%,73750000.00,,2025,11331,Consumer Discretionary,RETAIL: Building Materials
SMMT,Summit Therapeutics Inc. Common Stock ,$15.51,-0.21,-1.336%,12026030577.00,United States,2015,3870705,Health Care,Biotechnology: Pharmaceutical Preparations
SMP,Standard Motor Products Inc. Common Stock,$34.70,-0.22,-0.63%,768464083.00,United States,,374688,Consumer Discretionary,Auto Parts:O.E.M.
SMPL,The Simply Good Foods Company Common Stock,$14.13,-0.45,-3.086%,1308088353.00,United States,,4957855,Consumer Staples,Packaged Foods
SMR,NuScale Power Corporation Class A Common Stock,$11.44,-0.55,-4.587%,3866906792.00,United States,2022,31767484,Industrials,Metal Fabrications
SMRT,SmartRent Inc. Class A Common Stock,$1.58,-0.01,-0.629%,303713558.00,United States,,924199,Technology,EDP Services
SMSI,Smith Micro Software Inc. Common Stock,$0.8131,0.0083,1.031%,20947911.00,United States,1995,472990,Technology,Computer Software: Prepackaged Software
SMTC,Semtech Corporation Common Stock,$73.60,-4.75,-6.063%,6810948195.00,United States,,5440387,Technology,Semiconductors
SMTI,Sanara MedTech Inc. Common Stock,$18.38,-0.34,-1.816%,164237376.00,United States,,47343,Health Care,Industrial Specialties
SMTK,SmartKem Inc. Common Stock,$0.247,0.0167,7.251%,1689403.00,United Kingdom,,216393,Technology,Semiconductors
SMWB,Similarweb Ltd. Ordinary Shares,$2.61,-0.10,-3.69%,226982440.00,,2021,492181,Technology,Computer Software: Programming Data Processing
SMX,SMX (Security Matters) Public Limited Company Ordinary Shares,$7.70,-1.31,-14.539%,17125308.00,Ireland,,447682,Technology,Industrial Machinery/Components
SMXT,Solarmax Technology Inc. Common Stock,$0.7669,-0.055,-6.692%,41644932.00,United States,2024,473075,Consumer Discretionary,Engineering & Construction
SMXWW,SMX (Security Matters) Public Limited Company Warrant,$0.0464,0.0015,3.341%,103197.00,Ireland,,15217,Technology,Industrial Machinery/Components
SN,SharkNinja Inc. Ordinary Shares,$98.05,-3.88,-3.807%,13848862325.00,United States,2023,7849310,Consumer Discretionary,Consumer Electronics/Appliances
SNA,Snap-On Incorporated Common Stock,$356.90,-3.87,-1.073%,18579265717.00,United States,,1630176,Consumer Discretionary,Industrial Machinery/Components
SNAL,Snail Inc. Class A Common Stock,$0.5304,-0.094,-15.054%,20021172.00,United States,2022,31430,Technology,Computer Software: Prepackaged Software
SNAP,Snap Inc. Class A Common Stock,$4.48,-0.08,-1.754%,7566504915.00,United States,2017,32708653,Technology,Computer Software: Programming Data Processing
SNBR,Sleep Number Corporation Common Stock,$2.83,-0.02,-0.702%,64705120.00,United States,,1375555,Consumer Discretionary,Home Furnishings
SNCY,Sun Country Airlines Holdings Inc. Common Stock,$15.95,-0.37,-2.267%,848911667.00,United States,2021,948196,Consumer Discretionary,Air Freight/Delivery Services
SND,Smart Sand Inc. Common Stock,$4.35,0.00,0.00%,189391122.00,United States,2016,486052,Industrials,Mining & Quarrying of Nonmetallic Minerals (No Fuels)
SNDA,Sonida Senior Living Inc. Common Stock,$31.78,-1.71,-5.106%,1505991975.00,United States,,974656,Health Care,Hospital/Nursing Management
SNDK,Sandisk Corporation Common Stock,$709.71,-62.38,-8.079%,104753885838.00,United States,,23413445,Technology,Electronic Components
SNDL,SNDL Inc. Common Shares,$1.35,-0.04,-2.878%,349920000.00,Canada,2019,2871606,Health Care, Medicinal Chemicals and Botanical Products 
SNDR,Schneider National Inc. Common Stock,$23.75,0.14,0.593%,4164242255.00,United States,2017,1792725,Industrials,Trucking Freight/Courier Services
SNDX,Syndax Pharmaceuticals Inc. Common Stock,$24.23,0.23,0.958%,2137100441.00,United States,2016,2937646,Health Care,Biotechnology: Pharmaceutical Preparations
SNES,SenesTech Inc. Common Stock,$1.78,0.04,2.299%,9440098.00,United States,2016,69437,Industrials,Agricultural Chemicals
SNEX,StoneX Group Inc. Common Stock,$104.54,0.86,0.829%,5484515055.00,United States,,1947251,Finance,Investment Bankers/Brokers/Service
SNFCA,Security National Financial Corporation Class A Common Stock,$9.48,0.14,1.499%,246669600.00,United States,,157424,Finance,Finance: Consumer Services
SNGX,Soligenix Inc. Common Stock,$1.20,-0.02,-1.639%,12103356.00,United States,,150467,Health Care,Biotechnology: Pharmaceutical Preparations
SNN,Smith & Nephew SNATS Inc. Common Stock,$31.94,-0.40,-1.237%,13570092599.00,United Kingdom,,725930,Health Care,Industrial Specialties
SNOA,Sonoma Pharmaceuticals Inc. Common Stock,$2.43,-0.015,-0.613%,4205390.00,United States,2007,9429,Health Care,Biotechnology: Pharmaceutical Preparations
SNOW,Snowflake Inc. Common Stock,$168.02,-7.38,-4.208%,57496444000.00,United States,2020,5208290,Technology,Computer Software: Prepackaged Software
SNPS,Synopsys Inc. Common Stock,$420.32,-7.93,-1.852%,80517351189.00,United States,1992,4135703,Technology,Computer Software: Prepackaged Software
SNSE,Sensei Biotherapeutics Inc. Common Stock,$31.56,1.01,3.306%,39806312.00,United States,2021,108202,Health Care,Biotechnology: Pharmaceutical Preparations
SNT,Senstar Technologies Corporation Common Shares,$2.97,-0.05,-1.656%,69280159.00,Canada,,3061,Telecommunications,Telecommunications Equipment
SNTG,Sentage Holdings Inc. Class A Ordinary Shares,$1.87,0.00,0.00%,5245958.00,China,2021,3190,Finance,Finance: Consumer Services
SNTI,Senti Biosciences Inc. Common Stock,$0.92,0.0193,2.143%,24187571.00,United States,2021,189546,Health Care,Biotechnology: Biological Products (No Diagnostic Substances)
SNWV,SANUWAVE Health Inc. Common Stock,$20.20,-0.32,-1.559%,173238513.00,United States,,70562,Health Care,Medical/Dental Instruments
SNX,TD SYNNEX Corporation Common Stock,$152.77,-2.56,-1.648%,12317293600.00,United States,2003,1667122,Technology,Retail: Computer Software & Peripheral Equipment
SNY,Sanofi ADS,$44.60,-0.74,-1.632%,108772896963.00,France,,4788449,Health Care,Biotechnology: Pharmaceutical Preparations
SNYR,Synergy CHC Corp. Common Stock,$1.22,-0.03,-2.40%,11655519.00,United States,2024,53799,Health Care,Other Pharmaceuticals
SO,Southern Company (The) Common Stock,$93.39,-2.84,-2.951%,104539952666.00,United States,,9914994,Utilities,Electric Utilities: Central
SOAR,Volato Group Inc. Class A Common Stock,$0.3048,0.005,1.668%,4950814.00,,2022,1150520,Consumer Discretionary,Transportation Services
SOBO,South Bow Corporation Common Shares,$33.48,-0.10,-0.298%,6982558635.00,Canada,2024,1042375,Energy,Natural Gas Distribution
SOBR,SOBR Safe Inc. Common Stock,$0.855,0.0317,3.85%,1612748.00,United States,,55136,Consumer Discretionary,Newspapers/Magazines
SOC,Sable Offshore Corp. Common Stock,$16.28,-0.86,-5.018%,2397133720.00,United States,2021,12536079,Energy,Oil & Gas Production
SOCA,Solarius Capital Acquisition Corp. Class A Ordinary Share,$10.12,0.00,0.00%,0.00,United States,2025,4,,
SOFI,SoFi Technologies Inc. Common Stock  ,$16.90,-0.18,-1.054%,21551959065.00,United States,,78240275,Finance,Finance: Consumer Services
SOGP,Sound Group Inc. American Depositary Shares,$12.92,0.26,2.054%,63767616.00,China,2020,15222,Technology,Computer Software: Programming Data Processing
SOHOB,Sotherly Hotels Inc. 8.0% Series B Cumulative Redeemable Perpetual Preferred Stock,$16.2665,-2.3515,-12.63%,333308735.00,United States,,10064,Real Estate,Real Estate Investment Trusts
SOHON,Sotherly Hotels Inc. 8.25% Series D Cumulative Redeemable Perpetual Preferred Stock,$16.00,-0.59,-3.556%,327848016.00,United States,,9485,Real Estate,Real Estate Investment Trusts
SOHOO,Sotherly Hotels Inc. 7.875% Series C Cumulative Redeemable Perpetual Preferred Stock,$17.16,-1.9399,-10.157%,351616997.00,United States,,7182,Real Estate,Real Estate Investment Trusts
SOHU,Sohu.com Limited American Depositary Shares,$15.81,-0.61,-3.715%,412151238.00,China,,34758,Technology,EDP Services
SOJC,Southern Company (The) Series 2017B 5.25% Junior Subordinated Notes due December 1 2077,$21.17,-0.34,-1.581%,23288003606.00,United States,2017,23426,Utilities,Electric Utilities: Central
SOJD,Southern Company (The) Series 2020A 4.95% Junior Subordinated Notes due January 30 2080,$19.65,-0.31,-1.553%,21615931548.00,United States,2020,115344,Utilities,Electric Utilities: Central
SOJE,Southern Company (The) Series 2020C 4.20% Junior Subordinated Notes due October 15 2060,$17.29,-0.19,-1.087%,18925041593.00,United States,2020,88667,Basic Materials,Metal Mining
SOJF,Southern Company (The) Series 2025A 6.50% Junior Subordinated Notes due March 15 2085,$25.13,-0.13,-0.515%,0.00,United States,2025,48905,Basic Materials,Metal Mining
SOLS,Solstice Advanced Materials Inc. Common Stock ,$67.05,-6.03,-8.251%,10644022892.00,United States,,29606618,Industrials,Aerospace
SOLV,Solventum Corporation Common Stock,$65.78,-1.36,-2.026%,11412369869.00,United States,2024,2480443,Health Care,Medical/Dental Instruments
SOMN,Southern Company (The) 2025 Series A Corporate Units,$50.76,-0.80,-1.552%,56820301931.00,United States,,182912,Basic Materials,Metal Mining
SON,Sonoco Products Company Common Stock,$50.67,-1.14,-2.20%,4997776470.00,United States,,1761116,Consumer Discretionary,Containers/Packaging
SONM,DNA X Inc. Common Stock,$3.35,-0.32,-8.719%,3446122.00,United States,2019,43737,Utilities,Telecommunications Equipment
SONO,Sonos Inc. Common Stock,$13.12,-0.31,-2.308%,1585849260.00,United States,2018,2297749,Consumer Staples,Consumer Electronics/Appliances
SONY,Sony Group Corporation American Depositary Shares ,$20.22,-0.40,-1.94%,121825546405.00,Japan,,4934289,Consumer Staples,Consumer Electronics/Appliances
SOPA,Society Pass Incorporated Common Stock,$0.565,-0.0451,-7.392%,4297122.00,United States,2021,331160,Real Estate,Real Estate
SOPH,SOPHiA GENETICS SA Ordinary Shares,$4.96,0.10,2.058%,355476762.00,Switzerland,2021,120032,Health Care,Biotechnology: Biological Products (No Diagnostic Substances)
SOR,Source Capital Inc. Cmn Shs of BI,$44.90,-0.88,-1.922%,374667287.00,United States,,10856,Finance,Investment Managers
SORA,AsiaStrategy Ordinary Shares,$1.82,0.03,1.676%,45252480.00,Hong Kong,2025,1460,Industrials,Other Specialty Stores
SORN,Soren Acquisition Corp. Class A Ordinary Shares,$9.84,0.00,0.00%,0.00,United States,2026,84,Finance,Blank Checks
SOS,SOS Limited Class A Ordinary Shares,$0.90,-0.30,-25.00%,6114487.00,China,,452867,Finance,Finance: Consumer Services
SOTK,Sono-Tek Corporation Common Stock,$3.92,-0.13,-3.21%,61584725.00,United States,,76122,Technology,Industrial Machinery/Components
SOUL,Soulpower Acquisition Corporation Class A Ordinary Shares,$10.23,-0.01,-0.098%,0.00,,2025,52185,Consumer Discretionary,Publishing
SOUN,SoundHound AI Inc Class A Common Stock,$6.55,-0.325,-4.727%,2769432977.00,United States,,29902205,Technology,Computer Software: Prepackaged Software
SOUNW,SoundHound AI Inc. Warrant,$2.195,-0.105,-4.565%,928077158.00,United States,2021,17429,Technology,Computer Software: Prepackaged Software
SOWG,Sow Good Inc. Common Stock,$0.481,0.005,1.05%,6410994.00,United States,,133175,Consumer Staples,Packaged Foods
SPAI,Safe Pro Group Inc. Common Stock,$4.29,-0.62,-12.627%,89975328.00,United States,2024,356172,Health Care,Industrial Specialties
SPB,Spectrum Brands Holdings Inc. Common Stock,$69.74,-2.20,-3.058%,1617883475.00,United States,,1058020,Miscellaneous,Industrial Machinery/Components
SPCB,SuperCom Ltd. Ordinary Shares (Israel),$8.28,0.06,0.73%,36831924.00,Israel,,40510,Technology,Semiconductors
SPCE,Virgin Galactic Holdings Inc. Common Stock,$2.43,-0.07,-2.80%,177704316.00,United States,2017,2416668,Consumer Discretionary,Transportation Services
SPE,Special Opportunities Fund Inc Common Stock,$13.71,-0.09,-0.652%,0.00,United States,,45195,Finance,Finance/Investors Services
SPE^C,Special Opportunities Fund Inc. 2.75% Convertible Preferred Stock Series C,$25.00,0.00,0.00%,,United States,,48,,
SPEG,Silver Pegasus Acquisition Corp Class A Ordinary Shares,$10.15,0.00,0.00%,0.00,United States,2025,35,,
SPFI,South Plains Financial Inc. Common Stock,$40.96,-0.17,-0.413%,668935045.00,United States,2019,293401,Finance,Major Banks
SPG,Simon Property Group Inc. Common Stock,$184.52,-6.79,-3.549%,59960378118.00,United States,,3861047,Real Estate,Real Estate Investment Trusts
SPG^J,Simon Property Group Inc. Simon Property Group 8 3/8% Series J Cumulative Redeemable Preferred Stock,$53.17,-0.83,-1.537%,,United States,,4213,,
SPGI,S&P Global Inc. Common Stock,$424.43,-1.71,-0.401%,126819684000.00,United States,,3444375,Finance,Finance: Consumer Services
SPH,Suburban Propane Partners L.P. Common Stock,$20.10,-0.48,-2.332%,1333262768.00,United States,1996,301025,Consumer Discretionary,Other Specialty Stores
SPHL,Springview Holdings Ltd Class A Ordinary Shares,$2.425,-0.21,-7.97%,29735302.00,Singapore,2024,8846,Consumer Discretionary,Homebuilding
SPHR,Sphere Entertainment Co. Class A Common Stock,$107.43,-5.45,-4.828%,3813992752.00,United States,2020,4959319,Consumer Discretionary,Services-Misc. Amusement & Recreation
SPIR,Spire Global Inc. Class A Common Stock,$12.22,0.02,0.164%,422904689.00,United States,2020,1789312,Consumer Discretionary,Telecommunications Equipment
SPKL,Spark I Acquisition Corp. Class A Ordinary Share,$11.31,-0.03,-0.265%,0.00,United States,2023,522,,
SPMA,Sound Point Meridian Capital Inc. 8.00% Series A Preferred Shares Due 2029,$24.8001,-0.0714,-0.287%,0.00,,,17184,,
SPMC,Sound Point Meridian Capital Inc. Common Stock,$8.88,-0.02,-0.225%,0.00,,2024,26843,,
SPME,Sound Point Meridian Capital Inc. 7.875% Series B Preferred Shares due 2030,$24.40,-0.5249,-2.106%,0.00,,,14700,,
SPNT,SiriusPoint Ltd. Common Shares,$20.38,0.13,0.642%,2384262069.00,Bermuda,2013,1685604,Finance,Property-Casualty Insurers
SPOK,Spok Holdings Inc. Common Stock,$11.06,-0.27,-2.383%,229277704.00,United States,,262704,Telecommunications,Telecommunications Equipment
SPOT,Spotify Technology S.A. Ordinary Shares,$474.54,-7.98,-1.654%,97675767363.00,Luxembourg,2018,2692986,Consumer Discretionary,Broadcasting
SPPL,SIMPPLE LTD. Ordinary Shares,$2.18,0.17,8.458%,9700695.00,Singapore,2023,3807,Consumer Discretionary,Diversified Commercial Services
SPRB,Spruce Biosciences Inc. Common Stock,$58.40,-0.645,-1.092%,80127311.00,United States,2020,33268,Health Care,Biotechnology: Pharmaceutical Preparations
SPRC,SciSparc Ltd. Ordinary Shares,$4.63,-0.03,-0.644%,2618265.00,Israel,,5690,Health Care,Biotechnology: Pharmaceutical Preparations
SPRO,Spero Therapeutics Inc. Common Stock,$2.37,-0.10,-4.049%,133524129.00,United States,2017,235766,Health Care,Biotechnology: Pharmaceutical Preparations
SPRU,Spruce Power Holding Corporation Class A Common Stock,$4.42,0.51,13.043%,80306374.00,United States,2019,150165,Consumer Discretionary,Auto Parts:O.E.M.
SPRY,ARS Pharmaceuticals Inc. Common Stock,$8.17,-0.08,-0.97%,811258998.00,United States,2020,3316625,Health Care,Biotechnology: Pharmaceutical Preparations
SPSC,SPS Commerce Inc. Common Stock,$57.95,-0.02,-0.035%,2166801090.00,United States,2010,1377495,Technology,Computer Software: Prepackaged Software
SPT,Sprout Social Inc Class A Common Stock,$5.76,-0.03,-0.518%,343067311.00,United States,2019,3009849,Technology,Computer Software: Prepackaged Software
SPWH,Sportsman's Warehouse Holdings Inc. Common Stock,$1.33,-0.03,-2.206%,51179856.00,United States,2014,251932,Consumer Discretionary,Other Specialty Stores
SPWR,SunPower Inc. Common Stock,$1.18,-0.01,-0.84%,141058031.00,United States,,2770083,Technology,Semiconductors
SPWRW,SunPower Inc. Warrants,$0.2725,0.0425,18.478%,32574842.00,United States,,6797,Technology,Semiconductors
SPXC,SPX Technologies Inc. Common Stock,$186.77,-15.59,-7.704%,9315506185.00,United States,,1417495,Industrials,Industrial Machinery/Components
SPXX,Nuveen S&P 500 Dynamic Overwrite Fund,$16.10,-0.23,-1.408%,0.00,United States,,69732,Finance,Trusts Except Educational Religious and Charitable
SQFT,Presidio Property Trust Inc. Class A Common Stock,$2.40,-0.08,-3.226%,3453838.00,United States,2020,7253,Real Estate,Real Estate Investment Trusts
SQFTP,Presidio Property Trust Inc. 9.375% Series D Cumulative Redeemable Perpetual Preferred Stock $0.01 par value per share,$6.25,-0.04,-0.636%,8994369.00,United States,,774,Real Estate,Real Estate Investment Trusts
SQFTW,Presidio Property Trust Inc. Series A Common Stock Purchase Warrants,$0.0195,-0.0009,-4.412%,28062.00,United States,,82008,Real Estate,Real Estate Investment Trusts
SQM,Sociedad Quimica y Minera S.A. Common Stock,$71.16,-3.50,-4.688%,20325986417.00,Chile,1993,1072543,Industrials,Mining & Quarrying of Nonmetallic Minerals (No Fuels)
SQNS,Sequans Communications S.A. American Depositary Shares (each representing one hundred (100) Ordinary Shares),$3.00,-0.05,-1.639%,42997326.00,France,,64566,Technology,Semiconductors
SR,Spire Inc. Common Stock,$88.44,-3.13,-3.418%,5226502243.00,United States,,1052915,Utilities,Oil/Gas Transmission
SRAD,Sportradar Group AG Class A Ordinary Shares,$19.61,-0.08,-0.406%,5872409149.00,Switzerland,2021,4021547,Technology,Computer Software: Programming Data Processing
SRBK,SR Bancorp Inc. Common stock,$16.645,0.045,0.271%,138743865.00,United States,2023,63195,Finance,Banks
SRCE,1st Source Corporation Common Stock,$66.20,-0.63,-0.943%,1668753646.00,United States,,491747,Finance,Major Banks
SRE,DBA Sempra Common Stock,$91.72,-3.53,-3.706%,59919221321.00,United States,,5702827,Utilities,Natural Gas Distribution
SREA,DBA Sempra 5.750% Junior Subordinated Notes due 2079,$21.53,-0.47,-2.136%,13631630689.00,United States,2019,43140,Utilities,Natural Gas Distribution
SRFM,Surf Air Mobility Inc. Common Stock,$1.31,-0.07,-5.072%,100861160.00,United States,2023,2613271,Consumer Discretionary,Transportation Services
SRG,Seritage Growth Properties Class A Common Stock,$2.73,-0.03,-1.087%,153766177.00,United States,2015,192584,Finance,Real Estate
SRG^A,Seritage Growth Properties 7.00% Series A Cumulative Redeemable Preferred Shares of Beneficial Interest,$23.96,-0.04,-0.167%,,United States,,2036,,
SRI,Stoneridge Inc. Common Stock,$5.49,0.00,0.00%,153812951.00,United States,1997,403247,Consumer Discretionary,Auto Parts:O.E.M.
SRJN,Spire Inc. 6.375% Junior Subordinated Notes due 2086,$24.585,-0.185,-0.747%,0.00,United States,,32439,Utilities,Oil/Gas Transmission
SRL,Scully Royalty Ltd.,$7.58,-0.30,-3.807%,115415741.00,Canada,,21769,Finance,Commercial Banks
SRPT,Sarepta Therapeutics Inc. Common Stock (DE),$16.69,0.04,0.24%,1752279295.00,United States,,2861621,Health Care,Biotechnology: Pharmaceutical Preparations
SRRK,Scholar Rock Holding Corporation Common Stock,$44.64,-0.86,-1.89%,5128381405.00,United States,2018,3288455,Health Care,Biotechnology: Biological Products (No Diagnostic Substances)
SRTA,Strata Critical Medical Inc. Class A Common Stock,$4.17,-0.18,-4.138%,362744726.00,United States,2019,905812,Consumer Discretionary,Transportation Services
SRTAW,Strata Critical Medical Inc. Warrants,$0.0101,0.0015,17.442%,878590.00,United States,2019,21200,Consumer Discretionary,Transportation Services
SRTS,Sensus Healthcare Inc. Common Stock,$3.87,-0.11,-2.764%,63708168.00,United States,2016,29802,Health Care,Medical/Dental Instruments
SRV,NXG Cushing Midstream Energy Fund Common Shares of Beneficial Interest,$44.59,-1.43,-3.107%,0.00,United States,,84026,Finance,Finance Companies
SRXH,SRX Health Solutions Inc. Common Stock,$0.121,-0.0051,-4.044%,36083130.00,,2021,31311643,Consumer Staples,Beverages (Production/Distribution)
SRZN,Surrozen Inc. Common Stock,$25.15,-1.48,-5.558%,215571238.00,United States,,66319,Health Care,Biotechnology: Biological Products (No Diagnostic Substances)
SRZNW,Surrozen Inc. Warrant,$0.019,0.00,0.00%,162857.00,United States,,367,Health Care,Biotechnology: Biological Products (No Diagnostic Substances)
SSAC,SPACSphere Acquisition Corp. Class A Ordinary Shares,$9.90,0.02,0.202%,0.00,United States,2026,64360,Finance,Blank Checks
SSACR,SPACSphere Acquisition Corp. Rights,$0.18,0.00,0.00%,0.00,United States,2026,50,Finance,Blank Checks
SSACU,SPACSphere Acquisition Corp. Unit,$10.08,0.05,0.499%,0.00,United States,2026,204,Finance,Blank Checks
SSACW,SPACSphere Acquisition Corp. Warrant,$0.09,0.00,0.00%,0.00,United States,2026,1147,Finance,Blank Checks
SSB,SouthState Bank Corporation Common Stock,$89.67,0.45,0.504%,8811632557.00,United States,,1656335,Finance,Major Banks
SSBI,Summit State Bank Common Stock,$13.25,0.26,2.002%,88418973.00,United States,2006,7736,Finance,Major Banks
SSD,Simpson Manufacturing Company Inc. Common Stock,$167.02,-4.08,-2.385%,6914967886.00,United States,,567996,Consumer Discretionary,Industrial Machinery/Components
SSEA,Starry Sea Acquisition Corp	Ordinary Shares,$10.12,0.00,0.00%,0.00,United States,2025,1,,
SSEAR,Starry Sea Acquisition Corp Rights,$0.21,0.0099,4.948%,0.00,United States,2025,121,,
SSII,SS Innovations International Inc. Common Stock,$4.94,-0.07,-1.397%,960122078.00,India,,59419,Health Care,Medical/Dental Instruments
SSL,Sasol Ltd. American Depositary Shares,$12.25,-0.15,-1.21%,7954845024.00,South Africa,,4223743,Energy,Oil & Gas Production
SSM,Sono Group N.V. Ordinary Shares,$6.24,-0.66,-9.565%,,Germany,,22325,,
SSNC,SS&C Technologies Holdings Inc. Common Stock,$71.38,-0.48,-0.668%,17238647886.00,United States,2010,5484855,Technology,Computer Software: Prepackaged Software
SSP,E.W. Scripps Company (The) Class A Common Stock,$3.37,0.10,3.058%,300027194.00,United States,,2759182,Industrials,Broadcasting
SSRM,SSR Mining Inc. Common Stock,$22.99,-1.10,-4.566%,4666996186.00,Canada,,6397999,Industrials,Precious Metals
SSSS,SuRo Capital Corp. Common Stock,$9.59,-0.25,-2.541%,243468580.00,United States,2011,250621,Finance,Finance: Consumer Services
SSSSL,SuRo Capital Corp. 6.00% Notes due 2026,$24.9801,-0.0199,-0.08%,596727302.00,United States,,862,Finance,Finance: Consumer Services
SST,System1 Inc. Class A Common Stock,$1.73,0.22,14.57%,17122398.00,United States,2020,103815,Technology,Computer Software: Programming Data Processing
SSTI,SoundThinking Inc. Common Stock,$6.48,-0.01,-0.154%,82285975.00,United States,2017,167311,Technology,Computer Software: Prepackaged Software
SSTK,Shutterstock Inc. Common Stock,$16.66,-0.37,-2.173%,592208938.00,United States,2012,503480,Technology,EDP Services
SSYS,Stratasys Ltd. Ordinary Shares (Israel),$7.60,-0.17,-2.188%,654911296.00,United States,1994,918744,Technology,Computer peripheral equipment
ST,Sensata Technologies Holding plc Ordinary Shares,$33.18,-0.79,-2.326%,4837628870.00,Netherlands,2010,2074495,Industrials,Industrial Machinery/Components
STAA,STAAR Surgical Company Common Stock,$17.52,0.05,0.286%,867463362.00,United States,,3842087,Health Care,Ophthalmic Goods
STAG,Stag Industrial Inc. Common Stock,$36.64,-0.86,-2.293%,7004474882.00,United States,2011,3448957,Real Estate,Real Estate Investment Trusts
STAK,STAK Inc. Class A Ordinary Shares,$1.02,0.02,2.00%,13474556.00,China,2025,274150,Consumer Discretionary,Oil and Gas Field Machinery
STBA,S&T Bancorp Inc. Common Stock,$39.92,-0.22,-0.548%,1459021389.00,United States,,1267393,Finance,Major Banks
STC,Stewart Information Services Corporation Common Stock,$57.39,-2.92,-4.842%,1745770227.00,United States,,1109739,Finance,Specialty Insurers
STE,STERIS plc (Ireland) Ordinary Shares,$220.03,2.11,0.968%,21579447751.00,United States,,1580936,Health Care,Industrial Specialties
STEL,Stellar Bancorp Inc. Common Stock,$35.57,0.02,0.056%,1805967723.00,United States,,774755,Finance,Major Banks
STEM,Stem Inc. Class A Common Stock,$9.70,-0.76,-7.266%,82634048.00,United States,2020,154620,Miscellaneous,Industrial Machinery/Components
STEP,StepStone Group Inc. Class A Common Stock,$46.73,-0.41,-0.87%,5568425213.00,United States,2020,1606638,Finance,Investment Managers
STEW,SRH Total Return Fund Inc. Common Stock,$16.88,-0.11,-0.647%,0.00,United States,,67656,Finance,Investment Managers
STEX,Streamex Corp. Common Stock,$1.59,-0.12,-7.018%,283846264.00,United States,,4126153,Health Care,Biotechnology: Electromedical & Electrotherapeutic Apparatus
STFS,Star Fashion Culture Holdings Limited Class A Ordinary Shares,$4.04,-0.04,-0.98%,4822750.00,China,2024,3421,Consumer Discretionary,Advertising
STG,Sunlands Technology Group American Depositary Shares representing Class A ordinary shares,$4.62,0.00,0.00%,62445066.00,,2018,8385,Real Estate,Other Consumer Services
STGW,Stagwell Inc. Class A Common Stock,$6.08,-0.13,-2.093%,1540991528.00,Canada,,2120758,Consumer Discretionary,Advertising
STHO,Star Holdings Shares of Beneficial Interest,$7.76,-0.35,-4.316%,93808855.00,United States,,81334,Real Estate,Real Estate
STI,Solidion Technology Inc. Common Stock,$5.31,-0.01,-0.188%,41129577.00,United States,2022,25094,Miscellaneous,Industrial Machinery/Components
STIM,Neuronetics Inc. Common Stock,$1.45,-0.065,-4.29%,100451060.00,United States,2018,2024857,Health Care,Medical/Dental Instruments
STK,Columbia Seligman Premium Technology Growth Fund Inc,$38.44,-1.20,-3.027%,0.00,United States,2009,43359,Finance,Investment Managers
STKE,Sol Strategies Inc. Common Shares,$1.18,-0.05,-4.065%,37686839.00,Canada,,314714,,
STKH,Steakholder Foods Ltd. American Depositary Shares,$1.21,-0.04,-3.20%,1670525.00,Israel,2021,2864,Consumer Staples,Packaged Foods
STKL,SunOpta Inc. Common Stock,$6.50,0.05,0.775%,768409961.00,Canada,,2606968,Industrials,Farming/Seeds/Milling
STKS,The ONE Group Hospitality Inc. Common Stock,$1.91,0.08,4.372%,59410132.00,United States,,122645,Consumer Discretionary,Restaurants
STLA,Stellantis N.V. Common Shares,$6.33,-0.17,-2.615%,18341068631.00,United Kingdom,2014,22764509,Industrials,Auto Manufacturing
STLD,Steel Dynamics Inc.,$163.95,-3.61,-2.154%,23753469644.00,United States,1996,2094372,Industrials,Steel/Iron Ore
STM,STMicroelectronics N.V. Common Stock,$30.86,-1.56,-4.812%,27427385171.00,Switzerland,,12006662,Technology,Semiconductors
STN,Stantec Inc Common Stock,$86.68,-2.19,-2.464%,9887327127.00,Canada,,603570,Consumer Discretionary,Military/Government/Technical
STNE,StoneCo Ltd. Class A Common Shares,$13.35,-0.49,-3.54%,3625086915.00,Brazil,2018,6502791,Technology,EDP Services
STNG,Scorpio Tankers Inc. Common Shares,$67.98,-1.18,-1.706%,3393326525.00,Monaco,2010,1920310,Consumer Discretionary,Marine Transportation
STOK,Stoke Therapeutics Inc. Common Stock,$33.51,0.32,0.964%,1982142973.00,United States,2019,2012441,Health Care,Biotechnology: Pharmaceutical Preparations
STRA,Strategic Education Inc. Common Stock,$80.72,-0.27,-0.333%,1825314014.00,United States,1996,515342,Real Estate,Other Consumer Services
STRC,Strategy Inc Variable Rate Series A Perpetual Stretch Preferred Stock,$99.55,0.07,0.07%,33225082081.00,United States,,1309186,Technology,Computer Software: Prepackaged Software
STRD,Strategy Inc 10.00% Series A Perpetual Stride Preferred Stock,$72.62,-1.53,-2.063%,24237121655.00,United States,,56668,Technology,Computer Software: Prepackaged Software
STRF,Strategy Inc 10.00% Series A Perpetual Strife Preferred Stock,$96.78,-1.21,-1.235%,32300587080.00,United States,,155124,Technology,Computer Software: Prepackaged Software
STRK,Strategy Inc 8.00% Series A Perpetual Strike Preferred Stock,$75.41,-0.70,-0.92%,25168291710.00,United States,,91781,Technology,Computer Software: Prepackaged Software
STRL,Sterling Infrastructure Inc. Common Stock,$401.61,-30.17,-6.987%,12306981017.00,United States,,782722,Industrials,Military/Government/Technical
STRO,Sutro Biopharma Inc. Common Stock,$20.68,-0.44,-2.083%,339819364.00,United States,2018,598211,Health Care,Biotechnology: Biological Products (No Diagnostic Substances)
STRR,Star Equity Holdings Inc. Common Stock,$9.33,-0.59,-5.948%,32056975.00,United States,,34962,Consumer Discretionary,Professional Services
STRRP,Star Equity Holdings Inc. 10% Series A Cumulative Perpetual Preferred Stock,$10.12,0.00,0.00%,34771338.00,United States,,10,,
STRS,Stratus Properties Inc. Common Stock,$28.32,-0.99,-3.378%,226411207.00,United States,,34631,Real Estate,Homebuilding
STRT,STRATTEC SECURITY CORPORATION Common Stock,$73.14,0.49,0.674%,305708963.00,United States,,92338,Consumer Discretionary,Auto Parts:O.E.M.
STRW,Strawberry Fields REIT Inc. Common Stock,$12.50,0.17,1.379%,164001188.00,,2023,90730,Real Estate,Real Estate Investment Trusts
STRZ,Starz Entertainment Corp. Common Shares,$12.14,-0.26,-2.097%,203114898.00,United States,,313506,Consumer Discretionary,Movies/Entertainment
STSS,Sharps Technology Inc. Common Stock,$1.77,-0.06,-3.279%,51321862.00,United States,2022,517824,Health Care,Medical/Dental Instruments
STSSW,Sharps Technology Inc. Warrant,$0.0462,-0.0036,-7.229%,1339588.00,United States,2022,86501,Finance,Finance: Consumer Services
STT,State Street Corporation Common Stock,$121.97,1.02,0.843%,33996479896.00,United States,,3640489,Finance,Major Banks
STT^G,State Street Corporation Depositary shares each representing a 1/4000th ownership interest in a share of Fixed-to-Floating Rate Non-Cumulative,$21.83,-0.35,-1.578%,,United States,,43909,,
STTK,Shattuck Labs Inc. Common Stock,$6.22,0.12,1.967%,445129430.00,United States,2020,733310,Health Care,Biotechnology: Pharmaceutical Preparations
STUB,StubHub Holdings Inc. Class A Common Stock,$6.68,-0.34,-4.843%,2382917115.00,,2025,5863256,Consumer Discretionary,Services-Misc. Amusement & Recreation
STVN,Stevanato Group S.p.A. Ordinary Shares,$14.60,-0.57,-3.757%,4421501026.00,,2021,709302,Health Care,Medical/Dental Instruments
STWD,STARWOOD PROPERTY TRUST INC. Starwood Property Trust Inc.,$17.08,-0.60,-3.394%,6331208986.00,United States,2009,7736371,Real Estate,Real Estate Investment Trusts
STX,Seagate Technology Holdings PLC Ordinary Shares (Ireland),$411.23,-23.37,-5.377%,89678187342.00,Ireland,2002,8614590,Technology,Electronic Components
STXS,Stereotaxis Inc. Common Stock,$1.79,-0.03,-1.648%,174075595.00,United States,,644943,Health Care,Biotechnology: Electromedical & Electrotherapeutic Apparatus
STZ,Constellation Brands Inc. Common Stock,$149.62,-2.29,-1.507%,25941807593.00,United States,,2912486,Consumer Staples,Beverages (Production/Distribution)
SU,Suncor Energy  Inc. Common Stock,$63.71,0.39,0.616%,75618096433.00,Canada,,10144607,Energy,Integrated oil Companies
SUGP,SU Group Holdings Limited Class A Ordinary Shares,$4.88,-0.095,-1.91%,7148087.00,Hong Kong,2024,2854,Consumer Discretionary,Diversified Commercial Services
SUI,Sun Communities Inc. Common Stock,$130.44,-0.68,-0.519%,16068203398.00,United States,1993,1628614,Real Estate,Real Estate Investment Trusts
SUIG,Sui Group Holdings Limited Common Stock,$1.33,-0.07,-5.00%,102147820.00,United States,,195311,Finance,Finance Companies
SUIS,Canary Staked SUIS ETF Shares of Beneficial Interest,$24.8063,0.0593,0.24%,26046615.00,United States,,306,,
SUMAU,SUMA Acquisition Corporation Units,$10.00,-0.02,-0.20%,0.00,Canada,2026,2061,Finance,Blank Checks
SUN,Sunoco LP Common Units representing limited partner interests,$64.73,-2.53,-3.762%,13258175442.00,United States,2012,1881480,Energy,Integrated oil Companies
SUNB,Sunbelt Rentals Holdings Inc. Common Stock,$64.09,-1.93,-2.923%,26488384374.00,,2026,12567367,Consumer Discretionary,Diversified Commercial Services
SUNC,SunocoCorp LLC Common Units representing limited liability company interests,$60.62,-1.06,-1.719%,3122972543.00,,2025,587656,Energy,Integrated oil Companies
SUNE,SUNation Energy Inc. Common Stock,$2.38,0.40,20.202%,8107741.00,United States,,6729873,Utilities,Telecommunications Equipment
SUNS,Sunrise Realty Trust Inc. Common Stock,$8.23,0.08,0.982%,111266761.00,United States,,254461,Real Estate,Real Estate Investment Trusts
SUPN,Supernus Pharmaceuticals Inc. Common Stock,$47.76,-1.08,-2.211%,2744168385.00,United States,2012,1279868,Health Care,Biotechnology: Pharmaceutical Preparations
SUPV,Grupo Supervielle S.A. American Depositary Shares each Representing five Class B shares,$8.11,-0.33,-3.91%,740803603.00,,2016,431333,Finance,Commercial Banks
SUPX,SuperX AI Technology Limited Ordinary Shares,$8.53,1.25,17.17%,284102125.00,Hong Kong,2024,421333,,
SURG,SurgePays Inc. Common Stock,$0.84,-0.0102,-1.20%,18003751.00,United States,,201838,Consumer Discretionary,Advertising
SUUN,PowerBank Corporation Common Stock,$0.5903,-0.0557,-8.622%,23870492.00,Canada,,715830,Utilities,Power Generation
SUZ,Suzano S.A. American Depositary Shares (each representing One Ordinary Share),$9.41,-0.32,-3.289%,11895346757.00,Brazil,2018,6347943,Basic Materials,Paper
SVAC,Spring Valley Acquisition Corp. III Class A Ordinary Shares,$10.17,-0.01,-0.098%,0.00,United States,2025,37643,Finance,Blank Checks
SVACU,Spring Valley Acquisition Corp. III Unit,$10.45,0.15,1.456%,0.00,United States,2025,700,Finance,Blank Checks
SVACW,Spring Valley Acquisition Corp. III Warrant,$1.02,0.00,0.00%,0.00,United States,2025,29994,Finance,Blank Checks
SVAQ,Silicon Valley Acquisition Corp. Class A Ordinary Shares,$9.90,0.02,0.202%,0.00,United States,2026,399,Finance,Blank Checks
SVAQU,Silicon Valley Acquisition Corp. Units,$10.01,0.00,0.00%,0.00,United States,2025,11,Finance,Blank Checks
SVC,Service Properties Trust Common Stock,$1.79,-0.21,-10.50%,300829242.00,United States,,4217227,Real Estate,Real Estate Investment Trusts
SVCC,Stellar V Capital Corp. Class A Ordinary Shares,$10.43,-0.05,-0.477%,0.00,United States,2025,206,,
SVCCU,Stellar V Capital Corp. Unit,$10.62,0.0999,0.95%,0.00,United States,2025,430,Finance,Blank Checks
SVCCW,Stellar V Capital Corp. Warrant,$0.1601,-0.0308,-16.134%,0.00,United States,2025,5000,Finance,Blank Checks
SVCO,Silvaco Group Inc. Common Stock,$6.34,-0.05,-0.782%,199335344.00,United States,2024,782515,Technology,Computer Software: Prepackaged Software
SVIV,Spring Valley Acquisition Corp. IV Class A Ordinary Shares,$9.90,0.01,0.101%,0.00,United States,2026,288,Finance,Blank Checks
SVIVU,Spring Valley Acquisition Corp. IV Units,$10.17,0.00,0.00%,0.00,United States,2026,104,Finance,Blank Checks
SVIVW,Spring Valley Acquisition Corp. IV Warrants,$0.7499,0.00,0.00%,0.00,United States,2026,29,Finance,Blank Checks
SVM,Silvercorp Metals Inc. Common Shares,$9.13,-0.35,-3.692%,2011126353.00,Canada,,6782597,Basic Materials,Precious Metals
SVRA,Savara Inc. Common Stock,$4.96,-0.20,-3.876%,1015101195.00,United States,,9317313,Health Care,Biotechnology: Pharmaceutical Preparations
SVRE,SaverOne 2014 Ltd. American Depositary Shares,$2.90,-0.21,-6.752%,1837092.00,Israel,2022,43325,Technology,EDP Services
SVREW,SaverOne 2014 Ltd. Warrant,$0.01,-0.0014,-12.281%,273663360.00,Israel,2022,208,Technology,EDP Services
SVRN,OceanPal Inc. Common Stock,$0.2468,-0.0253,-9.298%,27027263.00,Greece,,4384297,Consumer Discretionary,Marine Transportation
SVV,Savers Value Village Inc. Common Stock,$7.82,-0.36,-4.401%,1212543511.00,United States,2023,1719553,Consumer Discretionary,Other Specialty Stores
SW,Smurfit WestRock plc Ordinary Shares,$36.21,-0.72,-1.95%,18983227744.00,Ireland,2024,11249898,Consumer Discretionary,Containers/Packaging
SWAG,Stran & Company Inc. Common Stock,$1.72,0.05,2.994%,31455632.00,United States,2021,95914,Consumer Discretionary,Advertising
SWBI,Smith & Wesson Brands Inc. Common Stock,$14.18,-0.01,-0.07%,630921304.00,United States,,1318033,Industrials,Ordnance And Accessories
SWIM,Latham Group Inc. Common Stock,$5.55,0.04,0.726%,648056445.00,United States,2021,1377520,Industrials,Plastic Products
SWK,Stanley Black & Decker Inc. Common Stock,$67.28,-1.77,-2.563%,10433746607.00,United States,,2240652,Consumer Discretionary,Industrial Machinery/Components
SWKH,SWK Holdings Corporation Common Stock,$16.51,-0.16,-0.96%,199703408.00,United States,,16736,Finance,Diversified Financial Services
SWKHL,SWK Holdings Corporation 9.00% Senior Notes due 2027,$25.2499,0.02,0.079%,306720408.00,United States,,7340,,
SWKS,Skyworks Solutions Inc. Common Stock,$54.44,0.32,0.591%,8186339437.00,United States,,7471193,Technology,Semiconductors
SWMR,Swarmer Inc Common Stock,$36.71,-15.84,-30.143%,453316335.00,United States,2026,6205507,Technology,Computer Software: Prepackaged Software
SWVL,Swvl Holdings Corp Class A Common Shares,$1.43,-0.08,-5.298%,14154878.00,United Arab Emirates,,16750,Real Estate,Real Estate
SWVLW,Swvl Holdings Corp Warrant,$0.0087,0.00,0.00%,86117.00,United Arab Emirates,,135,Real Estate,Real Estate
SWX,Southwest Gas Holdings Inc. Common Stock (DE),$83.58,-2.64,-3.062%,6040253468.00,United States,,1340661,Utilities,Oil & Gas Production
SWZ,Total Return Securities Fund Common Stock,$5.89,-0.04,-0.675%,0.00,United States,,69006,Finance,Finance Companies
SXC,SunCoke Energy Inc. Common Stock,$6.01,-0.22,-3.531%,508839709.00,United States,2011,17493481,Industrials,Steel/Iron Ore
SXI,Standex International Corporation Common Stock,$251.70,-6.88,-2.661%,3050285096.00,United States,,327287,Industrials,Industrial Machinery/Components
SXT,Sensient Technologies Corporation Common Stock,$82.96,-3.04,-3.535%,3526355832.00,United States,,944714,Industrials,Major Chemicals
SXTC,China SXT Pharmaceuticals Inc. Ordinary Shares,$1.40,-0.09,-6.04%,3248763.00,China,2019,30030,Health Care,Biotechnology: Pharmaceutical Preparations
SXTP,60 Degrees Pharmaceuticals Inc. Common Stock,$1.95,0.02,1.036%,4822251.00,United States,2023,62948,Health Care,Biotechnology: Pharmaceutical Preparations
SXTPW,60 Degrees Pharmaceuticals Inc. Warrant,$0.0898,-0.005,-5.274%,222071.00,United States,2023,400,Health Care,Biotechnology: Pharmaceutical Preparations
SY,So-Young International Inc. American Depository Shares,$2.90,-0.05,-1.695%,292021146.00,China,2019,379875,Technology,EDP Services
SYBT,Stock Yards Bancorp Inc. Common Stock,$62.79,-0.19,-0.302%,1853055843.00,United States,,421179,Finance,Major Banks
SYF,Synchrony Financial Common Stock,$66.19,0.68,1.038%,23007397707.00,United States,2014,8602178,Finance,Finance: Consumer Services
SYF^A,Synchrony Financial Depositary Shares each Representing a 1/40th Interest in a Share of 5.625% Fixed Rate Non-Cumulative Perpetual Preferred Stock Series A,$18.78,-0.30,-1.572%,,United States,,193490,,
SYF^B,Synchrony Financial Depositary Shares Each Representing a 1/40th Interest in a Share of 8.250% Fixed Rate Reset Non-Cumulative Perpetual Preferred Stock Series B,$25.27,0.01,0.04%,,United States,,65403,,
SYK,Stryker Corporation Common Stock,$335.67,-4.09,-1.204%,128457107537.00,United States,,2876008,Health Care,Medical/Dental Instruments
SYM,Symbotic Inc. Class A Common Stock,$50.12,-1.16,-2.262%,30180850215.00,United States,2021,1942719,Industrials,Industrial Machinery/Components
SYNA,Synaptics Incorporated Common Stock $0.001 Par Value,$71.03,-1.47,-2.028%,2750973503.00,United States,2002,899281,Technology,Semiconductors
SYNX,Silynxcom Ltd. Ordinary Shares,$1.12,-0.03,-2.609%,5921420.00,,2024,100761,Consumer Staples,Consumer Electronics/Appliances
SYPR,Sypris Solutions Inc. Common Stock,$3.03,-0.15,-4.717%,69780809.00,United States,,74740,Industrials,Industrial Machinery/Components
SYRE,Spyre Therapeutics Inc. Common Stock,$41.25,-1.06,-2.505%,3239781765.00,United States,2016,1410500,Health Care,Biotechnology: Pharmaceutical Preparations
SYY,Sysco Corporation Common Stock,$81.33,-0.34,-0.416%,38951429683.00,United States,,4954127,Consumer Discretionary,Food Distributors
SZZL,Sizzle Acquisition Corp. II Class A ordinary shares,$10.26,-0.03,-0.292%,0.00,United States,2025,1803,Finance,Blank Checks
SZZLR,Sizzle Acquisition Corp. II Right,$0.1849,-0.0373,-16.787%,0.00,United States,2025,19606,Finance,Blank Checks
T,AT&T Inc.,$28.31,0.57,2.055%,197704478174.00,United States,,128724189,Telecommunications,Telecommunications Equipment
T^A,AT&T Inc. Depositary Shares each representing a 1/1000th interest in a share of 5.000% Perpetual Preferred Stock Series A,$19.79,-0.44,-2.175%,,United States,,113436,,
T^C,AT&T Inc. Depositary Shares each representing a 1/1000th interest in a share of 4.750% Perpetual Preferred Stock Series C,$18.50,-0.29,-1.543%,,United States,,249857,,
TAC,TransAlta Corporation Ordinary Shares,$11.78,-0.63,-5.077%,3496304000.00,Canada,,3041095,Utilities,Electric Utilities: Central
TACH,Titan Acquisition Corp. Class A Ordinary Shares,$10.29,0.00,0.00%,0.00,United States,2025,6,Finance,Blank Checks
TACO,Berto Acquisition Corp. Ordinary Shares,$10.20,0.00,0.00%,371710766.00,United States,2025,48330,Finance,Blank Checks
TACOU,Berto Acquisition Corp. Unit,$10.32,0.00,0.00%,0.00,United States,2025,1,Finance,Blank Checks
TACT,TransAct Technologies Incorporated Common Stock,$3.22,-0.09,-2.719%,32969725.00,United States,1996,58477,Technology,Computer peripheral equipment
TAK,Takeda Pharmaceutical Company Limited American Depositary Shares (each representing 1/2 of a share of Common Stock),$17.83,-0.28,-1.546%,56116346376.00,Japan,2018,2631333,Health Care,Biotechnology: Pharmaceutical Preparations
TAL,TAL Education Group American Depositary Shares,$11.43,0.04,0.351%,6972547905.00,China,,3026558,Real Estate,Other Consumer Services
TALK,Talkspace Inc. Common Stock,$5.14,0.01,0.195%,858770691.00,United States,2020,6739729,Health Care,Medical/Nursing Services
TALKW,Talkspace Inc. Warrant,$0.0043,0.0002,4.878%,718427.00,United States,2020,15932,Health Care,Medical/Nursing Services
TALO,Talos Energy Inc. Common Stock,$15.48,0.85,5.81%,2608607293.00,United States,2018,7547396,Energy,Oil & Gas Production
TANH,Tantech Holdings Ltd. Class A Common Shares,$0.8352,-0.0617,-6.879%,1134485.00,China,2015,24386,Industrials,Major Chemicals
TAOP,Taoping Inc. Ordinary Shares ,$1.48,0.19,14.729%,13673257.00,Hong Kong,,27501,Technology,Computer Software: Prepackaged Software
TAOX,Tao Synergies Inc. Common Stock,$5.95,0.31,5.496%,44317641.00,United States,,344209,Health Care,Biotechnology: Pharmaceutical Preparations
TAP,Molson Coors Beverage Company Class B Common Stock,$41.40,-0.88,-2.081%,7780242591.00,Canada,,5376098,Consumer Staples,Beverages (Production/Distribution)
TARA,Protara Therapeutics Inc.  Common Stock,$5.21,-0.09,-1.698%,281779609.00,United States,2014,3216291,Health Care,Biotechnology: Biological Products (No Diagnostic Substances)
TARS,Tarsus Pharmaceuticals Inc. Common Stock,$64.51,-2.24,-3.356%,2745383809.00,United States,2020,578643,Health Care,Biotechnology: Biological Products (No Diagnostic Substances)
TASK,TaskUs Inc. Class A Common Stock,$10.38,-0.62,-5.636%,940025796.00,United States,2021,1143104,Technology,EDP Services
TATT,TAT Technologies Ltd. Ordinary Shares,$43.01,-4.31,-9.108%,558404722.00,Israel,,779385,Industrials,Aerospace
TAVI,Tavia Acquisition Corp. Ordinary Shares,$10.5301,0.00,0.00%,0.00,United States,2024,18,Finance,Blank Checks
TAVIR,Tavia Acquisition Corp. Right,$0.1551,-0.0198,-11.321%,0.00,United States,2024,202,Finance,Blank Checks
TAVIU,Tavia Acquisition Corp. Unit,$10.64,0.00,0.00%,0.00,United States,2024,4,Finance,Blank Checks
TAYD,Taylor Devices Inc. Common Stock,$70.03,-2.35,-3.247%,220812784.00,United States,,42027,Industrials,Industrial Machinery/Components
TBB,AT&T Inc. 5.350% Global Notes due 2066,$21.49,-0.38,-1.738%,153661783965.00,United States,2017,111245,Telecommunications,Telecommunications Equipment
TBBB,BBB Foods Inc. Class A Common Shares,$32.49,-0.33,-1.005%,3728773494.00,Mexico,2024,465114,Consumer Staples,Food Chains
TBBK,The Bancorp Inc Common Stock,$52.61,-0.27,-0.511%,2219817396.00,United States,2004,1177590,Finance,Major Banks
TBCH,Turtle Beach Corporation Common Stock,$11.21,-0.02,-0.178%,219716493.00,United States,,493455,Telecommunications,Telecommunications Equipment
TBH,Brag House Holdings Inc. Common Stock,$0.2326,-0.0094,-3.884%,4873287.00,United States,2025,519408,Consumer Discretionary,Services-Misc. Amusement & Recreation
TBHC,The Brand House Collective Inc. Common Stock,$0.9599,-0.019,-1.941%,21560682.00,United States,2002,33408,Consumer Discretionary,Other Specialty Stores
TBI,TrueBlue Inc. Common Stock,$3.58,-0.09,-2.452%,107624255.00,United States,,617797,Consumer Discretionary,Professional Services
TBLA,Taboola.com Ltd. Ordinary Shares,$3.10,-0.07,-2.208%,860555176.00,Israel,,1967899,Technology,Computer Software: Programming Data Processing
TBLD,Thornburg Income Builder Opportunities Trust Common Stock,$20.85,-0.59,-2.752%,668907261.00,United States,2021,58307,Finance,Investment Managers
TBMC,Trailblazer Merger Corporation I Class A Common Stock,$10.10,-0.40,-3.81%,0.00,United States,2023,10664,Finance,Blank Checks
TBMCR,Trailblazer Merger Corporation I Rights,$0.43,0.00,0.00%,0.00,United States,2023,17115,Finance,Blank Checks
TBN,Tamboran Resources Corporation Common stock,$31.92,0.19,0.599%,722653255.00,,2024,87450,Energy,Oil & Gas Production
TBPH,Theravance Biopharma Inc. Ordinary Shares,$14.33,0.32,2.284%,726135936.00,Cayman Islands,,1486942,Health Care,Biotechnology: Pharmaceutical Preparations
TBRG,TruBridge Inc. Common Stock,$15.30,-0.08,-0.52%,229637486.00,United States,2002,213836,Technology,EDP Services
TC,Token Cat Limited American Depositary Shares,$10.43,0.13,1.262%,20732535.00,China,2018,335,Real Estate,Real Estate
TCBI,Texas Capital Bancshares Inc. Common Stock,$91.98,0.15,0.163%,4066726365.00,United States,2003,1129864,Finance,Major Banks
TCBIO,Texas Capital Bancshares Inc. Depositary Shares 5.75% Fixed Rate Non-Cumulative Perpetual Preferred Stock Series B,$21.76,-0.36,-1.627%,962078340.00,United States,,35815,Finance,Major Banks
TCBK,TriCo Bancshares Common Stock,$46.08,-0.56,-1.201%,1481501123.00,United States,,442065,Finance,Major Banks
TCBS,Texas Community Bancshares Inc. Common Stock,$18.49,2.23,13.715%,53893598.00,United States,2021,19735,Finance,Banks
TCBX,Third Coast Bancshares Inc. Common Stock,$37.06,0.58,1.59%,610963081.00,United States,,142517,Finance,Banks
TCI,Transcontinental Realty Investors Inc. Common Stock,$33.10,-0.88,-2.59%,285961360.00,United States,,52331,Real Estate,Real Estate Investment Trusts
TCMD,Tactile Systems Technology Inc. Common Stock,$26.10,-0.97,-3.583%,593785701.00,United States,2016,436630,Health Care,Medical/Dental Instruments
TCOM,Trip.com Group Limited American Depositary Shares,$51.06,-0.67,-1.295%,33356002810.00,China,2003,2108146,Real Estate,Real Estate
TCPA,TransCanada PipeLines Limited 6.250% Junior Subordinated Notes due 2085,$23.60,-0.40,-1.667%,0.00,Canada,2025,80837,Utilities,Natural Gas Distribution
TCPC,BlackRock TCP Capital Corp. Common Stock,$3.51,-0.10,-2.77%,296001940.00,United States,2012,3284516,Finance,Finance/Investors Services
TCRT,Alaunos Therapeutics Inc. Common Stock,$3.22,-0.09,-2.719%,7186489.00,United States,,29174,Health Care,Biotechnology: Pharmaceutical Preparations
TCRX,TScan Therapeutics Inc. Common Stock,$1.04,0.00,0.00%,59177688.00,United States,2021,586296,Health Care,Biotechnology: Biological Products (No Diagnostic Substances)
TCX,Tucows Inc. Class A Common Stock,$15.94,-0.25,-1.544%,177395814.00,Canada,,59475,Technology,EDP Services
TD,Toronto Dominion Bank (The) Common Stock,$91.99,-1.58,-1.689%,153515642171.00,Canada,,4428726,Finance,Commercial Banks
TDAC,Translational Development Acquisition Corp. Ordinary Shares,$10.55,0.00,0.00%,0.00,United States,2025,106,,
TDACW,Translational Development Acquisition Corp. Warrants,$0.14,-0.02,-12.50%,0.00,United States,2025,49301,,
TDAY,USA TODAY Co. Inc. Common Stock,$6.44,-0.05,-0.77%,947371991.00,United States,2014,2489746,Consumer Discretionary,Newspapers/Magazines
TDC,Teradata Corporation Common Stock,$26.83,-0.19,-0.703%,2473726000.00,United States,,2880566,Technology,Computer Software: Prepackaged Software
TDF,Templeton Dragon Fund Inc. Common Stock,$10.61,-0.27,-2.482%,0.00,United States,,42143,Finance,Finance/Investors Services
TDG,Transdigm Group Incorporated Common Stock,$1177.39,-14.55,-1.221%,66491408341.00,United States,2006,731898,Industrials,Military/Government/Technical
TDIC,Dreamland Limited Class A Ordinary Shares,$0.1516,-0.0044,-2.821%,5609200.00,Hong Kong,2025,311319,Consumer Discretionary,Other Consumer Services
TDOC,Teladoc Health Inc. Common Stock,$5.35,-0.17,-3.08%,954420922.00,United States,2015,6097242,Health Care,Medical/Nursing Services
TDOG,21Shares Dogecoin ETF Common Shares of Beneficial Interest,$18.8916,0.0567,0.301%,1649917.00,United States,,1499,,
TDS,Telephone and Data Systems Inc. Common Shares,$41.01,-1.02,-2.427%,4668615022.00,United States,,3261088,Telecommunications,Telecommunications Equipment
TDS^U,Telephone and Data Systems Inc. Depositary Shares Each Representing a 1/1000th Interest in a 6.625% Series UU Cumulative Redeemable Perpetual Preferred Stock,$20.40,-0.30,-1.449%,,United States,,16686,,
TDS^V,Telephone and Data Systems Inc. Depositary Shares Each Representing a 1/1000th Interest in a 6.000% Series VV Cumulative Redeemable Perpetual Preferred Stock,$18.55,-0.29,-1.539%,,United States,,26924,,
TDTH,Trident Digital Tech Holdings Ltd American Depository Shares,$0.209,0.0013,0.626%,24054986.00,Singapore,2024,123019,Real Estate,Real Estate
TDUP,ThredUp Inc. Class A Common Stock,$3.26,-0.09,-2.687%,414140203.00,United States,2021,5425430,Consumer Discretionary,Catalog/Specialty Distribution
TDW,Tidewater Inc. Common Stock,$72.48,-1.80,-2.423%,3593088730.00,United States,2017,1198895,Consumer Discretionary,Marine Transportation
TDWD,Tailwind 2.0 Acquisition Corp. Class A Ordinary Shares,$9.94,0.01,0.101%,0.00,United States,2025,4631,Finance,Blank Checks
TDWDR,Tailwind 2.0 Acquisition Corp. Rights,$0.1765,-0.0035,-1.944%,0.00,United States,2025,1024,Finance,Blank Checks
TDY,Teledyne Technologies Incorporated Common Stock,$616.18,-18.93,-2.981%,28532406532.00,United States,,647378,Industrials,Industrial Machinery/Components
TE,T1 Energy Inc. Common Stock,$6.60,-1.11,-14.397%,1706004683.00,Luxembourg,2021,23098436,Miscellaneous,Industrial Machinery/Components
TEAD,Teads Holding Co. Common Stock,$0.6401,-0.0502,-7.272%,61437078.00,United States,2021,1219760,Technology,Computer Software: Programming Data Processing
TEAM,Atlassian Corporation Class A Common Stock,$73.73,-0.87,-1.166%,19445850576.00,Australia,2015,6449199,Technology,Computer Software: Prepackaged Software
TECH,Bio-Techne Corp Common Stock,$51.48,-0.11,-0.213%,8054215472.00,United States,,3098233,Health Care,Biotechnology: Biological Products (No Diagnostic Substances)
TECK,Teck Resources Ltd Ordinary Shares,$45.36,-2.00,-4.223%,22144752000.00,Canada,,9514347,Industrials,Mining & Quarrying of Nonmetallic Minerals (No Fuels)
TECX,Tectonic Therapeutic Inc. Common Stock,$29.88,-0.95,-3.081%,561045585.00,United States,2018,290715,Health Care,Biotechnology: Biological Products (No Diagnostic Substances)
TEI,Templeton Emerging Markets Income Fund Inc. Common Stock,$6.12,-0.10,-1.608%,0.00,United States,1993,321327,Finance,Finance Companies
TEL,TE Connectivity plc Ordinary Shares,$195.84,-2.55,-1.285%,57466168024.00,Ireland,,2733445,Technology,Electronic Components
TELA,TELA Bio Inc. Common Stock,$0.7781,0.0281,3.747%,31389748.00,United States,2019,254744,Health Care,Medical/Dental Instruments
TELO,Telomir Pharmaceuticals Inc. Common Stock,$1.32,0.00,0.00%,45382882.00,United States,2024,94337,Health Care,Biotechnology: Pharmaceutical Preparations
TEM,Tempus AI Inc. Class A Common Stock,$46.96,-1.78,-3.652%,8395212482.00,United States,2024,4548190,Technology,Computer Software: Programming Data Processing
TEN,Tsakos Energy Navigation Ltd Common Shares,$35.68,-0.61,-1.681%,1074952875.00,Greece,,338775,Consumer Discretionary,Marine Transportation
TEN^E,Tsakos Energy Navigation Ltd Series E Fixed-to-Floating Rate Cumulative Redeemable Perpetual Preferred Shares par value $1.00,$26.09,-0.20,-0.761%,,Greece,,9638,,
TEN^F,Tsakos Energy Navigation Ltd Series F Fixed-to-Floating Rate Cumulative Redeemable Perpetual Preferred Shares par value $1.00,$26.94,-0.0493,-0.183%,,Greece,,12543,,
TENB,Tenable Holdings Inc. Common Stock,$19.84,-0.35,-1.734%,2279370341.00,United States,2018,6392373,Technology,Computer Software: Prepackaged Software
TENX,Tenax Therapeutics Inc. Common Stock,$14.30,-0.61,-4.091%,245925866.00,United States,,227804,Health Care,Biotechnology: Pharmaceutical Preparations
TEO,Telecom Argentina SA,$11.20,-0.28,-2.439%,4824261142.00,Argentina,,184151,Telecommunications,Telecommunications Equipment
TER,Teradyne Inc. Common Stock,$290.83,-11.57,-3.826%,45531166939.00,United States,,4994092,Industrials,Electrical Products
TERN,Terns Pharmaceuticals Inc. Common Stock,$48.44,-0.62,-1.264%,5026205607.00,United States,2021,4861988,Health Care,Biotechnology: Pharmaceutical Preparations
TEVA,Teva Pharmaceutical Industries Limited American Depositary Shares,$28.73,-0.71,-2.412%,33034124560.00,Israel,,6292893,Health Care,Biotechnology: Pharmaceutical Preparations
TEX,Terex Corporation Common Stock,$57.18,-0.72,-1.244%,6501366000.00,United States,,2752318,Industrials,Construction/Ag Equipment/Trucks
TFC,Truist Financial Corporation Common Stock,$44.16,0.28,0.638%,54802990648.00,United States,,18044734,Finance,Major Banks
TFC^I,Truist Financial Corporation Depositary Shares,$18.7199,-0.2101,-1.11%,,United States,,29473,,
TFC^O,Truist Financial Corporation Depositary Shares Each Representing a 1/1000th Interest in a Share of Series O Non-Cumulative Perpetual Preferred Stock,$20.88,-0.39,-1.834%,,United States,,22780,,
TFC^R,Truist Financial Corporation Depositary Shares each representing 1/1000th interest in a share of Series R Non-Cumulative Perpetual Preferred Stock,$18.43,-0.3267,-1.742%,,United States,,63197,,
TFII,TFI International Inc. Common Shares,$99.13,0.38,0.385%,8143631802.00,Canada,,484553,Industrials,Trucking Freight/Courier Services
TFIN,Triumph Financial Inc. Common Stock,$56.20,-0.04,-0.071%,1337220833.00,United States,,487189,Finance,Major Banks
TFIN^,Triumph Financial Inc. Depositary Shares Each Representing a 1/40th Interest in a Share of 7.125% Series C Fixed-Rate Non-Cumulative Perpetual Preferred Stock,$22.00,-0.035,-0.159%,,United States,,6414,,
TFPM,Triple Flag Precious Metals Corp. Common Shares,$30.55,-1.25,-3.931%,6310732319.00,Canada,2022,1274266,Industrials,Precious Metals
TFSA,Terra Income Fund 6 LLC 7.00% Notes due 2026,$13.8699,0.0199,0.144%,117046547.00,,2021,7245,,
TFSL,TFS Financial Corporation Common Stock,$13.39,-0.04,-0.298%,3756842999.00,United States,2007,1443593,Finance,Savings Institutions
TFX,Teleflex Incorporated Common Stock,$105.41,-1.64,-1.532%,4659181240.00,United States,,1032086,Health Care,Medical/Dental Instruments
TG,Tredegar Corporation Common Stock,$7.28,-0.20,-2.674%,253030814.00,United States,,370557,Industrials,Metal Fabrications
TGB,Taseko Mines Ltd. Common Stock,$5.73,-0.17,-2.881%,2088912470.00,Canada,,9843374,Basic Materials,Precious Metals
TGE,The Generation Essentials Group Class A Ordinary Shares,$1.20,-0.07,-5.512%,58153284.00,,2025,38171,Consumer Discretionary,Newspapers/Magazines
TGEN,Tecogen Inc. Common Stock,$2.23,0.05,2.294%,66557648.00,United States,2025,443007,Industrials,Industrial Machinery/Components
TGHL,The GrowHub Limited Class A Ordinary Shares,$0.32,-0.0175,-5.185%,8095939.00,Singapore,2025,1662,Technology,EDP Services
TGL,Treasure Global Inc. Common Stock,$3.71,-0.15,-3.886%,6216940.00,United States,2022,33483,Real Estate,Real Estate
TGLS,Tecnoglass Inc. Ordinary Shares,$40.52,-2.22,-5.194%,1812772658.00,Colombia,2022,2373243,Consumer Discretionary,Electronic Components
TGNA,TEGNA Inc,$20.03,0.00,0.00%,3243011431.00,United States,,33970,Industrials,Broadcasting
TGS,Transportadora de Gas del Sur SA TGS Common Stock,$32.50,-0.81,-2.432%,4892946890.00,Argentina,,321387,Utilities,Natural Gas Distribution
TGT,Target Corporation Common Stock,$113.26,-1.21,-1.057%,51290424010.00,United States,,19715620,Consumer Discretionary,Department/Specialty Retail Stores
TGTX,TG Therapeutics Inc. Common Stock,$30.07,-0.29,-0.955%,4801825858.00,United States,,5061254,Health Care,Biotechnology: Pharmaceutical Preparations
TH,Target Hospitality Corp. Common Stock,$9.03,-0.07,-0.769%,904383432.00,United States,2018,509926,Consumer Discretionary,Hotels/Resorts
THC,Tenet Healthcare Corporation Common Stock,$200.35,-4.76,-2.321%,17423037050.00,United States,,1961224,Health Care,Hospital/Nursing Management
THCH,TH International Limited Ordinary shares,$2.0201,-0.0541,-2.608%,67155360.00,China,,3844,Consumer Discretionary,Restaurants
THFF,First Financial Corporation Common Stock,$60.49,-0.48,-0.787%,719340789.00,United States,,279183,Finance,Major Banks
THG,Hanover Insurance Group Inc,$168.84,-0.74,-0.436%,5934610513.00,United States,,850284,Finance,Property-Casualty Insurers
THH,TryHard Holdings Limited Ordinary Shares,$0.4005,-0.0034,-0.842%,21485323.00,Japan,2025,291192,Consumer Discretionary,Services-Misc. Amusement & Recreation
THM,International Tower Hill Mines Ltd. Ordinary Shares (Canada),$1.98,-0.07,-3.415%,516933397.00,Canada,,2437674,Basic Materials,Metal Mining
THO,Thor Industries Inc. Common Stock,$75.20,-1.15,-1.506%,3955214162.00,United States,,1664926,Industrials,Homebuilding
THQ,abrdn Healthcare Opportunities Fund Shares of Beneficial Interest,$17.20,-0.24,-1.376%,0.00,United States,2014,139636,Finance,Finance Companies
THR,Thermon Group Holdings Inc. Common Stock,$46.93,-1.61,-3.317%,1541574098.00,United States,2011,872708,Energy,Industrial Machinery/Components
THRM,Gentherm Inc Common Stock,$27.53,-0.33,-1.184%,840393581.00,United States,,584122,Consumer Discretionary,Auto Parts:O.E.M.
THRY,Thryv Holdings Inc. Common Stock,$2.78,0.03,1.091%,122778764.00,United States,,1501039,Consumer Discretionary,Advertising
THW,abrdn World Healthcare Fund Shares of Beneficial Interest,$11.86,-0.30,-2.467%,0.00,United States,2015,87696,Finance,Finance Companies
TIC,TIC Solutions Inc. Common Stock,$7.60,-0.09,-1.17%,1680765779.00,United States,2025,3956519,Real Estate,Real Estate
TIGO,Millicom International Cellular S.A. Common Stock,$71.98,-1.60,-2.175%,12387492034.00,Luxembourg,,2088084,Telecommunications,Telecommunications Equipment
TIGR,UP Fintech Holding Ltd American Depositary Share representing fifteen Class A Ordinary Shares,$6.57,-0.26,-3.807%,1168568326.00,China,2019,4019607,Finance,Investment Bankers/Brokers/Service
TII,Titan Mining Corporation Common Shares,$2.53,-0.22,-8.00%,231469121.00,,2025,496325,,
TIL,Instil Bio Inc. Common Stock,$8.55,0.07,0.825%,57985895.00,United States,2021,27080,Health Care,Biotechnology: Biological Products (No Diagnostic Substances)
TILE,Interface Inc. Common Stock,$24.45,-0.70,-2.783%,1417207282.00,United States,,1346358,Consumer Discretionary,Home Furnishings
TIMB,TIM S.A. American Depositary Shares (Each representing 5 Common Shares) ,$24.62,-0.87,-3.413%,11920040866.00,Brazil,2020,419450,Telecommunications,Telecommunications Equipment
TIPT,Tiptree Inc. Common Stock,$15.73,0.00,0.00%,595806107.00,United States,,330727,Finance,Property-Casualty Insurers
TISI,Team Inc. Common Stock,$14.76,0.98,7.112%,67473598.00,United States,,24024,Consumer Discretionary,Other Consumer Services
TITN,Titan Machinery Inc. Common Stock,$14.88,0.735,5.196%,347748189.00,United States,2007,579862,Consumer Discretionary,Other Specialty Stores
TIVC,Tivic Health Systems Inc. Common Stock,$0.92,-0.0074,-0.798%,2323716.00,United States,2021,167844,Health Care,Biotechnology: Electromedical & Electrotherapeutic Apparatus
TJGC,TJGC Group Limited Ordinary Shares,$0.5884,0.0387,7.04%,9002520.00,Hong Kong,2025,13395,Consumer Discretionary,Advertising
TJX,TJX Companies Inc. (The) Common Stock,$154.98,0.30,0.194%,172100190383.00,United States,,7320892,Consumer Discretionary,Clothing/Shoe/Accessory Stores
TK,Teekay Corporation Ltd. Common Stock,$11.50,-0.17,-1.457%,997953118.00,Bermuda,,819183,Consumer Discretionary,Marine Transportation
TKC,Turkcell Iletisim Hizmetleri AS Common Stock,$6.07,-0.07,-1.14%,5341600000.00,Turkey,,1219627,Telecommunications,Telecommunications Equipment
TKLF,Tokyo Lifestyle Co. Ltd. American Depositary Shares,$2.3788,0.1188,5.257%,10068939.00,Japan,2022,1271,Consumer Discretionary,Other Specialty Stores
TKNO,Alpha Teknova Inc. Common Stock,$2.79,-0.06,-2.105%,149509577.00,United States,2021,159312,Health Care,Biotechnology: In Vitro & In Vivo Diagnostic Substances
TKO,TKO Group Holdings Inc. Class A Common Stock,$188.38,-8.93,-4.526%,36569258646.00,United States,2023,2069347,Consumer Discretionary,Services-Misc. Amusement & Recreation
TKR,Timken Company (The) Common Stock,$95.25,-2.19,-2.248%,6646359167.00,United States,,1015279,Industrials,Metal Fabrications
TLF,Tandy Leather Factory Inc. Common Stock,$2.26,-0.04,-1.739%,18244698.00,United States,,59035,Consumer Discretionary,Apparel
TLIH,Ten-League International Holdings Limited Ordinary Shares,$0.2431,-0.0032,-1.299%,7148196.00,Singapore,2025,70293,,
TLK,PT Telekomunikasi Indonesia Tbk,$18.12,-0.14,-0.767%,17950073648.00,Indonesia,,831735,Telecommunications,Telecommunications Equipment
TLN,Talen Energy Corporation Common Stock,$302.97,-37.10,-10.91%,13844216271.00,United States,,1833657,Utilities,Electric Utilities: Central
TLNC,Talon Capital Corp. Class A Ordinary Shares,$10.15,0.00,0.00%,0.00,United States,2025,304037,,
TLNCU,Talon Capital Corp. Units,$10.30,0.03,0.292%,0.00,United States,2025,1550,Finance,Blank Checks
TLNCW,Talon Capital Corp. Warrants,$0.302,0.00,0.00%,0.00,United States,2025,192,,
TLPH,Talphera Inc. Common Stock,$0.8329,0.0242,2.992%,38821151.00,United States,2011,396928,Health Care,Biotechnology: Pharmaceutical Preparations
TLRY,Tilray Brands Inc. Common Stock ,$6.21,-0.45,-6.757%,723605346.00,United States,2018,3500235,Health Care, Medicinal Chemicals and Botanical Products 
TLS,Telos Corporation Common Stock,$4.33,0.06,1.405%,321362299.00,United States,2020,1773946,Technology,EDP Services
TLSA,Tiziana Life Sciences Ltd. Common Shares,$1.21,-0.05,-3.968%,153983549.00,United Kingdom,2018,100278,Health Care,Biotechnology: Pharmaceutical Preparations
TLSI,TriSalus Life Sciences Inc. Common Stock,$3.93,0.07,1.813%,240934297.00,United States,2021,396258,Health Care,Medical Specialities
TLSIW,TriSalus Life Sciences Inc. Warrant,$1.10,0.07,6.796%,67437081.00,United States,2021,1896,Health Care,Medical Specialities
TLX,Telix Pharmaceuticals Limited American Depositary Shares,$8.75,0.18,2.10%,2964299179.00,Australia,,374150,Health Care,Biotechnology: Pharmaceutical Preparations
TLYS,Tilly's Inc. Common Stock,$3.69,0.02,0.545%,112447842.00,United States,2012,729919,Consumer Discretionary,Clothing/Shoe/Accessory Stores
TM,Toyota Motor Corporation Common Stock,$205.02,-3.91,-1.871%,267529158145.00,Japan,,441575,Industrials,Auto Manufacturing
TMC,TMC the metals company Inc. Common Stock,$5.03,-0.48,-8.711%,2079864986.00,Canada,,9807296,Basic Materials,Metal Mining
TMCI,Treace Medical Concepts Inc. Common Stock,$1.24,-0.07,-5.344%,80092224.00,United States,2021,1094921,Health Care,Medical/Dental Instruments
TMCWW,TMC the metals company Inc. Warrants,$0.53,-0.075,-12.397%,219150784.00,Canada,,188121,Basic Materials,Metal Mining
TMDE,TMD Energy Limited Ordinary Shares,$1.53,0.02,1.325%,36054450.00,,2025,950131,Energy,Oil Refining/Marketing
TMDX,TransMedics Group Inc. Common Stock,$113.90,0.18,0.158%,3907049169.00,United States,2019,1786457,Health Care,Biotechnology: Electromedical & Electrotherapeutic Apparatus
TME,Tencent Music Entertainment Group American Depositary Shares each representing two Class A Ordinary Shares,$10.09,-0.20,-1.944%,15628446445.00,United States,2018,12914833,Consumer Discretionary,Broadcasting
TMHC,Taylor Morrison Home Corporation Common Stock,$57.30,-1.21,-2.068%,5519919176.00,United States,2013,2184393,Consumer Discretionary,Homebuilding
TMO,Thermo Fisher Scientific Inc Common Stock,$474.39,4.18,0.889%,176228410511.00,United States,,2284933,Industrials,Industrial Machinery/Components
TMP,Tompkins Financial Corporation Common Stock,$73.93,-0.37,-0.498%,1065924588.00,United States,1997,176557,Finance,Major Banks
TMQ,Trilogy Metals Inc. Common Stock,$3.22,-0.25,-7.205%,555596958.00,Canada,,3148869,Basic Materials,Precious Metals
TMTSU,Spartacus Acquisition Corp. II Unit,$10.0256,-0.0044,-0.044%,0.00,United States,2026,603,Finance,Blank Checks
TMUS,T-Mobile US Inc. Common Stock,$208.47,1.88,0.91%,229705325199.00,United States,,13796245,Telecommunications,Telecommunications Equipment
TMUSI,T-Mobile US Inc. 5.500% Senior Notes due June 2070,$21.17,-0.42,-1.945%,0.00,United States,,22305,Telecommunications,Telecommunications Equipment
TMUSL,T-Mobile US Inc. 6.250% Senior Notes due 2069,$23.985,-0.465,-1.902%,0.00,United States,,44941,Telecommunications,Telecommunications Equipment
TMUSZ,T-Mobile US Inc. 5.500% Senior Notes due March 2070,$21.23,-0.42,-1.94%,0.00,United States,,25006,Telecommunications,Telecommunications Equipment
TNC,Tennant Company Common Stock,$65.16,0.33,0.509%,1162889734.00,United States,,903912,Industrials,Industrial Machinery/Components
TNDM,Tandem Diabetes Care Inc. Common Stock,$24.82,0.19,0.771%,1695849508.00,United States,2013,2424054,Health Care,Medical/Dental Instruments
TNET,TriNet Group Inc. Common Stock,$37.83,1.00,2.715%,1789328206.00,United States,2014,855230,Real Estate,Real Estate
TNGX,Tango Therapeutics Inc.,$19.42,0.10,0.518%,2771017486.00,United States,2020,7616183,Health Care,Biotechnology: Pharmaceutical Preparations
TNK,Teekay Tankers Ltd.,$67.08,-0.99,-1.454%,2323909995.00,Bermuda,2007,1090930,Consumer Discretionary,Marine Transportation
TNL,Travel   Leisure Co. Common  Stock,$68.57,-1.78,-2.53%,4278612620.00,United States,,1223611,Consumer Discretionary,Hotels/Resorts
TNMG,TNL Mediagene Ordinary Shares,$2.03,0.01,0.495%,5189502.00,Taiwan,,9370,Consumer Discretionary,Advertising
TNON,Tenon Medical Inc. Common Stock,$0.8026,-0.0324,-3.88%,8914032.00,United States,2022,389737,Health Care,Medical/Dental Instruments
TNXP,Tonix Pharmaceuticals Holding Corp. Common Stock,$15.00,-0.77,-4.883%,201081015.00,United States,,1041163,Health Care,Biotechnology: Pharmaceutical Preparations
TNYA,Tenaya Therapeutics Inc. Common Stock,$0.7512,-0.0525,-6.532%,163009556.00,United States,2021,4124854,Health Care,Biotechnology: Biological Products (No Diagnostic Substances)
TOI,The Oncology Institute Inc. Common Stock,$3.32,-0.22,-6.215%,328145958.00,United States,2020,3069704,Health Care,Medical/Nursing Services
TOIIW,The Oncology Institute Inc. Warrant,$0.0584,0.0012,2.098%,5772206.00,United States,2020,5320,Health Care,Medical/Nursing Services
TOL,Toll Brothers Inc. Common Stock,$132.00,-4.57,-3.346%,12501324000.00,United States,,2847537,Consumer Discretionary,Homebuilding
TOMZ,TOMI Environmental Solutions Inc. Common Stock,$0.6721,0.0062,0.931%,16310673.00,United States,,88527,Industrials,Major Chemicals
TONX,TON Strategy Company Common Stock,$2.95,0.05,1.724%,174317037.00,United States,,836291,Consumer Discretionary,Other Consumer Services
TOON,Kartoon Studios Inc. Common Stock,$0.601,0.0176,3.017%,32397324.00,United States,,689790,Consumer Discretionary,Movies/Entertainment
TOP,TOP Financial Group Limited Class A Ordinary Shares,$0.8299,0.0299,3.738%,30762903.00,Hong Kong,2022,39290,Finance,Investment Bankers/Brokers/Service
TOPP,Toppoint Holdings Inc. Common Stock,$0.7967,-0.0003,-0.038%,15455980.00,,2025,53879,Industrials,Trucking Freight/Courier Services
TOPS,TOP Ships Inc. Common Stock,$3.14,-0.19,-5.706%,14526259.00,Greece,,66265,Consumer Discretionary,Marine Transportation
TORO,Toro Corp. Common Stock,$3.45,-0.17,-4.696%,65873793.00,Cyprus,,95897,Consumer Discretionary,Marine Transportation
TOST,Toast Inc. Class A Common Stock,$27.46,0.06,0.219%,16173940000.00,United States,2021,10948157,Technology,EDP Services
TOUR,Tuniu Corporation American Depositary Shares,$0.725,0.0239,3.409%,84119129.00,China,2014,256874,Consumer Discretionary,Transportation Services
TOVX,Theriva Biologics Inc. Common Stock,$0.1937,0.0081,4.364%,8889410.00,United States,,1775334,Health Care,Biotechnology: Pharmaceutical Preparations
TOWN,TowneBank Common Stock,$32.50,-0.15,-0.459%,2425063225.00,United States,,3382251,Finance,Major Banks
TOYO,TOYO Co. Ltd Ordinary Shares,$8.33,-0.56,-6.299%,314657395.00,Japan,,53527,Consumer Discretionary,Miscellaneous manufacturing industries
TPB,Turning Point Brands Inc. Common Stock,$84.91,-0.54,-0.632%,1625279971.00,United States,2016,744613,Consumer Discretionary,Tobacco
TPC,Tutor Perini Corporation Common Stock,$69.34,-2.97,-4.107%,3660559212.00,United States,1970,1204995,Consumer Discretionary,General Bldg Contractors - Nonresidential Bldgs
TPCS,TechPrecision Corporation Common stock,$3.56,-0.07,-1.928%,35640342.00,United States,,60127,Industrials,Metal Fabrications
TPET,Trio Petroleum Corp. Common Stock,$1.02,-0.04,-3.774%,32569875.00,,2023,13493847,Energy,Oil & Gas Production
TPG,TPG Inc. Class A Common Stock,$40.07,-1.04,-2.53%,15129130927.00,United States,2022,4168005,Finance,Investment Managers
TPGXL,TPG Operating Group II L.P. 6.950% Fixed-Rate Junior Subordinated Notes due 2064,$24.06,0.1088,0.454%,8777708147.00,United States,,39789,,
TPH,Tri Pointe Homes Inc. Common Stock,$46.62,0.02,0.043%,3969010576.00,United States,2013,4094209,Consumer Discretionary,Homebuilding
TPL,Texas Pacific Land Corporation Common Stock,$519.41,-13.11,-2.462%,35808932563.00,United States,,1470203,Energy,Oil & Gas Production
TPR,Tapestry Inc. Common Stock,$140.88,-1.92,-1.345%,28523159736.00,United States,,4943690,Consumer Discretionary,Apparel
TPST,Tempest Therapeutics Inc. Common Stock,$2.29,0.13,6.019%,11283199.00,United States,,294110,Health Care,Biotechnology: Pharmaceutical Preparations
TPTA,Terra Property Trust Inc. 6.00% Notes due 2026,$14.70,1.16,8.567%,357791194.00,,2021,7204,Real Estate,Real Estate Investment Trusts
TPVG,TriplePoint Venture Growth BDC Corp. Common Stock,$4.91,-0.29,-5.577%,198811522.00,United States,2014,1000616,Consumer Discretionary,Other Consumer Services
TR,Tootsie Roll Industries Inc. Common Stock,$40.52,-0.53,-1.291%,3046140110.00,United States,,384405,Consumer Staples,Specialty Foods
TRAK,ReposiTrak Inc. Common Stock,$8.04,0.14,1.772%,146355416.00,United States,,292635,Technology,EDP Services
TRAW,Traws Pharma Inc. Common Stock,$2.14,-0.04,-1.835%,17100455.00,United States,2013,58484,Health Care,Biotechnology: Pharmaceutical Preparations
TRC,Tejon Ranch Co Common Stock,$18.40,-0.29,-1.552%,494848772.00,United States,2000,165064,Finance,Real Estate
TRDA,Entrada Therapeutics Inc. Common Stock,$11.31,-0.67,-5.593%,432995580.00,United States,2021,414705,Health Care,Biotechnology: Pharmaceutical Preparations
TREE,LendingTree Inc. Common Stock,$40.42,-0.89,-2.154%,560051113.00,United States,,303873,Finance,Finance: Consumer Services
TREX,Trex Company Inc. Common Stock,$35.99,-0.79,-2.148%,3738966226.00,United States,,2777896,Basic Materials,Forest Products
TRGP,Targa Resources Inc. Common Stock,$237.41,-2.12,-0.885%,51031706363.00,United States,2010,2735454,Utilities,Natural Gas Distribution
TRGSU,TRG Latin America Acquisitions Corp. Units,$10.00,0.00,0.00%,0.00,United States,2026,41787,,
TRI,Thomson Reuters Corporation Common Shares,$93.44,0.18,0.193%,41473647867.00,United States,,3282126,Consumer Discretionary,Publishing
TRIB,Trinity Biotech plc American Depositary Shares,$0.6367,-0.0148,-2.272%,12031000.00,Ireland,1992,104806,Health Care,Biotechnology: In Vitro & In Vivo Diagnostic Substances
TRIN,Trinity Capital Inc. Common Stock,$14.34,-0.30,-2.049%,1192728252.00,United States,2021,1642771,Finance,Finance: Consumer Services
TRINI,Trinity Capital Inc. 7.875% Notes Due 2029,$25.04,0.03,0.12%,1760666566.00,United States,,26872,Finance,Finance: Consumer Services
TRINZ,Trinity Capital Inc. 7.875% Notes due 2029,$25.07,0.0565,0.226%,1762775991.00,United States,,15909,Finance,Finance: Consumer Services
TRIP,TripAdvisor Inc. Common Stock,$9.35,0.06,0.646%,1072961316.00,United States,,6913053,Technology,Computer Software: Programming Data Processing
TRMB,Trimble Inc. Common Stock,$65.71,-0.97,-1.455%,15371501400.00,United States,1990,3673832,Industrials,Industrial Machinery/Components
TRMD,TORM plc Class A Common Stock,$25.71,-0.66,-2.503%,2605263897.00,United Kingdom,,747921,Consumer Discretionary,Marine Transportation
TRMK,Trustmark Corporation Common Stock,$40.86,-0.08,-0.195%,2405504976.00,United States,,1221834,Finance,Major Banks
TRN,Trinity Industries Inc. Common Stock,$29.60,-0.13,-0.437%,2363255712.00,United States,,2055561,Industrials,Railroads
TRNO,Terreno Realty Corporation Common Stock,$60.37,-1.52,-2.456%,5312304092.00,United States,2010,1133812,Finance,Real Estate
TRNR,Interactive Strength Inc. Common Stock,$1.35,0.12,9.756%,2746420.00,United States,2023,1843368,Technology,Consumer Electronics/Appliances
TRNS,Transcat Inc. Common Stock,$70.21,-1.54,-2.146%,655212919.00,United States,,157205,Industrials,Electrical Products
TRON,Tron Inc. Common Stock,$2.05,0.01,0.49%,562483231.00,United States,2023,2004199,Consumer Discretionary,Recreational Games/Products/Toys
TROO,TROOPS Inc. Ordinary Shares ,$2.52,-0.13,-4.906%,283525618.00,China,,109867,Finance,Diversified Financial Services
TROW,T. Rowe Price Group Inc. Common Stock,$86.19,-0.90,-1.033%,18755451745.00,United States,1986,9438302,Finance,Investment Bankers/Brokers/Service
TROX,Tronox Holdings plc Ordinary Shares (UK),$7.01,-0.36,-4.885%,1111490585.00,United States,,3843535,Industrials,Major Chemicals
TRP,TC Energy Corporation Common Stock,$63.35,-0.85,-1.324%,63350000000.00,Canada,,4774336,Utilities,Natural Gas Distribution
TRS,TriMas Corporation Common Stock,$34.04,-0.07,-0.205%,1281694538.00,United States,2007,764122,Industrials,Industrial Specialties
TRSG,Tungray Technologies Inc Class A Ordinary Shares,$1.07,-0.03,-2.727%,17498229.00,Singapore,2024,3548,Industrials,Industrial Machinery/Components
TRST,TrustCo Bank Corp NY Common Stock,$42.66,-0.39,-0.906%,755530357.00,United States,,483984,Finance,Major Banks
TRT,Trio-Tech International Common Stock,$5.82,-0.38,-6.129%,50922765.00,United States,1998,85165,Technology,Industrial Machinery/Components
TRTN^A,Triton International Limited 8.50% Series A Cumulative Redeemable Perpetual  Preference Shares,$25.80,-0.14,-0.54%,,United States,,4708,,
TRTN^B,Triton International Limited 8.00% Series B Cumulative Redeemable Perpetual Preference Shares,$25.00,-0.17,-0.675%,,United States,,9389,,
TRTN^C,Triton International Limited 7.375% Series C Cumulative Redeemable Perpetual Preference Shares,$24.30,-0.39,-1.58%,,United States,,9829,,
TRTN^D,Triton International Limited 6.875% Series D Cumulative Redeemable Perpetual Preference Shares,$22.22,-0.68,-2.969%,,United States,,7635,,
TRTN^E,Triton International Limited 5.75% Series E Cumulative Redeemable Perpetual Preference Shares,$18.605,-0.525,-2.744%,,United States,,11524,,
TRTN^F,Triton International Limited 7.625% Series F Cumulative Redeemable Perpetual Preference Shares,$24.32,-0.08,-0.328%,,United States,,6551,,
TRTN^G,Triton International Limited 7.500% Series G Cumulative Redeemable Perpetual Preference Shares,$23.915,-0.155,-0.644%,,United States,,17087,,
TRTX,TPG RE Finance Trust Inc. Common Stock,$7.83,-0.19,-2.369%,613512227.00,United States,2017,1457951,Real Estate,Real Estate Investment Trusts
TRTX^C,TPG RE Finance Trust Inc. 6.25% Series C Cumulative Redeemable Preferred Stock $0.001 par value per share,$18.575,-0.2935,-1.556%,,United States,,18179,,
TRU,TransUnion Common Stock,$70.55,-1.16,-1.618%,13587930000.00,United States,2015,3509851,Finance,Finance: Consumer Services
TRUG,TruGolf Holdings Inc. Class A Common Stock,$0.59,-0.0009,-0.152%,2983892.00,United States,2021,255344,Consumer Discretionary,Recreational Games/Products/Toys
TRUP,Trupanion Inc. Common Stock,$26.21,0.70,2.744%,1138304729.00,United States,,960881,Health Care,Medical Specialities
TRV,The Travelers Companies Inc. Common Stock,$296.60,-0.24,-0.081%,64136161733.00,United States,,4430026,Finance,Property-Casualty Insurers
TRVG,trivago N.V. American Depositary Shares,$2.72,-0.09,-3.203%,192085513.00,Germany,2016,9194,Technology,EDP Services
TRVI,Trevi Therapeutics Inc. Common Stock,$10.61,-0.09,-0.841%,1362295045.00,United States,2019,2296889,Health Care,Biotechnology: Pharmaceutical Preparations
TRX,TRX Gold Corporation Common Stock,$1.28,-0.10,-7.246%,369065700.00,Canada,,3593332,Basic Materials,Precious Metals
TS,Tenaris S.A. American Depositary Shares,$55.82,-0.25,-0.446%,30262036879.00,Luxembourg,,3988911,Industrials,Steel/Iron Ore
TSAT,Telesat Corporation Class A Common Shares and Class B Variable Voting Shares ,$37.06,-2.62,-6.603%,1340076481.00,Canada,,245481,Industrials,Metal Fabrications
TSBK,Timberland Bancorp Inc. Common Stock,$38.19,-0.27,-0.702%,301102410.00,United States,,38587,Finance,Banks
TSCO,Tractor Supply Company Common Stock,$45.77,-0.41,-0.888%,24091098360.00,United States,1994,5886288,Consumer Discretionary,RETAIL: Building Materials
TSEM,Tower Semiconductor Ltd. Ordinary Shares,$163.63,-2.45,-1.475%,18286736221.00,Israel,1994,6699937,Technology,Semiconductors
TSHA,Taysha Gene Therapies Inc. Common Stock,$4.40,-0.16,-3.509%,1205245241.00,United States,2020,5529468,Health Care,Biotechnology: Biological Products (No Diagnostic Substances)
TSI,TCW Strategic Income Fund Inc. Common Stock,$4.58,-0.03,-0.651%,0.00,United States,,181524,Finance,Investment Managers
TSLA,Tesla Inc. Common Stock,$367.96,-12.34,-3.245%,1380744872833.00,United States,2010,78282761,Industrials,Auto Manufacturing
TSLX,Sixth Street Specialty Lending Inc. Common Stock,$17.75,-0.42,-2.312%,1681016413.00,,2014,1500028,Finance,Investment Managers
TSM,Taiwan Semiconductor Manufacturing Company Ltd.,$329.24,-9.55,-2.819%,1707618618388.00,Taiwan,1997,17358051,Technology,Semiconductors
TSN,Tyson Foods Inc. Common Stock,$58.18,-0.94,-1.59%,20483954242.00,United States,,5879607,Consumer Staples,Meat/Poultry/Fish
TSOL,21Shares Solana ETF Shares of Beneficial Interest,$8.6161,0.0161,0.187%,,,2025,535,,
TSQ,Townsquare Media Inc. Class A Common Stock,$5.12,0.12,2.40%,87578179.00,United States,2014,335893,Consumer Discretionary,Broadcasting
TSSI,TSS Inc. Common Stock,$10.95,0.04,0.367%,304120854.00,United States,,2559007,Consumer Discretionary,Professional Services
TSUI,21shares Sui ETF Common Shares of Beneficial Interest Shares,$19.1694,0.0489,0.256%,0.00,United States,,6329,,
TT,Trane Technologies plc,$410.36,-12.67,-2.995%,90825760536.00,Ireland,,2334849,Industrials,Auto Parts:O.E.M.
TTAM,Titan America SA Common Shares,$14.20,-0.51,-3.467%,2617947003.00,,2025,776817,Industrials,Mining & Quarrying of Nonmetallic Minerals (No Fuels)
TTAN,ServiceTitan Inc. Class A Common Stock,$67.74,-0.77,-1.124%,6343622987.00,United States,2024,1280085,Technology,Computer Software: Prepackaged Software
TTC,Toro Company (The) Common Stock,$92.92,-0.88,-0.938%,9007008878.00,United States,,1600562,Consumer Discretionary,Tools/Hardware
TTD,The Trade Desk Inc. Class A Common Stock,$24.11,0.60,2.552%,11475806603.00,United States,2016,24181382,Technology,Computer Software: Programming Data Processing
TTE,TotalEnergies SE Ordinary Shares,$88.75,-1.31,-1.455%,193640235105.00,France,,2946789,Energy,Oil & Gas Production
TTEC,TTEC Holdings Inc. Common Stock,$2.68,-0.25,-8.532%,130155669.00,United States,1996,1058924,Consumer Discretionary,Professional Services
TTEK,Tetra Tech Inc. Common Stock,$30.40,-0.51,-1.65%,7928549854.00,United States,1991,5065194,Consumer Discretionary,Military/Government/Technical
TTGT,TechTarget Inc. Common Stock,$3.79,-0.06,-1.558%,273989159.00,United States,,382399,Telecommunications,Telecommunications Equipment
TTI,Tetra Technologies Inc. Common Stock,$7.96,-0.19,-2.331%,1068216653.00,United States,,2327881,Energy,Oil & Gas Production
TTMI,TTM Technologies Inc. Common Stock,$91.54,-5.54,-5.707%,9465686835.00,United States,2000,4343224,Technology,Electrical Products
TTRX,Turn Therapeutics Inc. Common Stock,$3.44,0.01,0.292%,101291430.00,United States,,13901,Health Care,Biotechnology: Pharmaceutical Preparations
TTWO,Take-Two Interactive Software Inc. Common Stock,$200.63,-1.12,-0.555%,37151751737.00,United States,1997,3697604,Consumer Discretionary,Services-Misc. Amusement & Recreation
TU,Telus Corporation Ordinary Shares,$13.12,-0.02,-0.152%,20480320000.00,Canada,,6413885,Telecommunications,Telecommunications Equipment
TULP,Bloomia Holdings Inc. Common Stock,$4.02,0.03,0.752%,7127938.00,United States,,1127,Consumer Staples,Farming/Seeds/Milling
TURB,Turbo Energy S.A. American Depositary Shares,$2.18,-0.23,-9.544%,24017365.00,Spain,2023,1856992,Miscellaneous,Industrial Machinery/Components
TUSK,Mammoth Energy Services Inc. Common Stock,$2.08,-0.06,-2.804%,100585295.00,United States,2016,352955,Energy,Oilfield Services/Equipment
TUYA,Tuya Inc. American Depositary Shares each representing one Class A Ordinary Share,$2.39,0.14,6.222%,1457235458.00,China,2021,20901994,Technology,Computer Software: Prepackaged Software
TV,Grupo Televisa S.A.B. Common Stock,$2.82,-0.11,-3.754%,5386200000.00,Mexico,1993,1823375,Industrials,Broadcasting
TVA,Texas Ventures Acquisition III Corp Class A Ordinary Share,$10.33,-0.02,-0.193%,0.00,United States,2025,252649,,
TVACU,Texas Ventures Acquisition III Corp Unit,$10.605,0.005,0.047%,0.00,United States,2025,2118,Finance,Blank Checks
TVACW,Texas Ventures Acquisition III Corp Warrants,$0.48,-0.0629,-11.586%,0.00,United States,2025,4829,,
TVAI,Thayer Ventures Acquisition Corporation II Class A Ordinary Shares,$10.20,0.00,0.00%,0.00,United States,2025,3311,,
TVC,Tennessee Valley Authority Common Stock,$24.18,-0.06,-0.248%,0.00,United States,,30594,Utilities,Electric Utilities: Central
TVE,Tennessee Valley Authority,$24.03,-0.06,-0.249%,0.00,United States,,41783,Utilities,Electric Utilities: Central
TVGN,Tevogen Bio Holdings Inc. Common Stock,$5.22,-0.09,-1.695%,21132288.00,United States,2022,64063,Health Care,Biotechnology: Biological Products (No Diagnostic Substances)
TVGNW,Tevogen Bio Holdings Inc. Warrant,$0.0359,-0.001,-2.71%,145335.00,United States,2022,27068,Health Care,Biotechnology: Biological Products (No Diagnostic Substances)
TVRD,Tvardi Therapeutics Inc. Common Stock,$3.52,-0.16,-4.348%,33022331.00,United States,2014,70422,Health Care,Biotechnology: Pharmaceutical Preparations
TVTX,Travere Therapeutics Inc. Common Stock,$26.84,-0.88,-3.175%,2475763202.00,United States,,2584992,Health Care,Biotechnology: Pharmaceutical Preparations
TW,Tradeweb Markets Inc. Class A Common Stock,$125.15,-0.86,-0.682%,29506611495.00,United States,2019,1564051,Finance,Investment Bankers/Brokers/Service
TWAV,TaoWeave Inc. Common Stock,$1.31,-0.02,-1.504%,4201445.00,United States,,191580,Technology,Computer Software: Programming Data Processing
TWFG,TWFG Inc. Class A Common Stock,$18.44,0.22,1.207%,1036330618.00,United States,2024,542318,Finance,Specialty Insurers
TWG,Top Wealth Group Holding Limited Class A Ordinary Shares,$3.74,0.03,0.809%,96915432.00,Hong Kong,2024,11591,Consumer Staples,Packaged Foods
TWI,Titan International Inc. (DE) Common Stock,$6.81,-0.35,-4.888%,436003815.00,United States,,1392932,Industrials,Steel/Iron Ore
TWIN,Twin Disc Incorporated Common Stock,$14.88,0.17,1.156%,214594271.00,United States,,56383,Industrials,Industrial Machinery/Components
TWLO,Twilio Inc. Class A Common Stock,$124.11,-3.24,-2.544%,18804402416.00,United States,2016,3580106,Technology,Computer Software: Prepackaged Software
TWLV,Twelve Seas Investment Company III Class A Ordinary Shares,$9.90,0.01,0.101%,0.00,United States,2026,102345,Finance,Blank Checks
TWN,Taiwan Fund Inc. (The) Common Stock,$63.00,-2.91,-4.415%,0.00,United States,1986,30792,Finance,Trusts Except Educational Religious and Charitable
TWO,Two Harbors Investment Corp,$10.71,-0.06,-0.557%,1125012543.00,United States,,9552444,Real Estate,Real Estate Investment Trusts
TWO^A,Two Harbors Investments Corp 8.125% Series A Fixed-to-Floating Rate Cumulative Redeemable Preferred Stock ($25.00 liquidation preference per share),$23.15,-0.22,-0.941%,,United States,,22823,,
TWO^B,Two Harbors Investments Corp 7.625% Series B Fixed-to-Floating Rate Cumulative Redeemable Preferred Stock,$22.91,-0.37,-1.589%,,United States,,31758,,
TWO^C,Two Harbors Investments Corp 7.25% Series C Fixed-to-Floating Rate Cumulative Redeemable Preferred Stock,$23.37,-0.28,-1.184%,,United States,,77154,,
TWOD,Two Harbors Investments Corp 9.375% Senior Notes due 2030,$25.33,0.07,0.277%,0.00,United States,2025,65660,Real Estate,Real Estate Investment Trusts
TWST,Twist Bioscience Corporation Common Stock,$42.07,-2.73,-6.094%,2579383387.00,United States,2018,1339005,Health Care,Biotechnology: Biological Products (No Diagnostic Substances)
TX,Ternium S.A. Ternium S.A. American Depositary Shares (each representing ten shares USD1.00 par value),$37.48,-0.41,-1.082%,7513778413.00,Luxembourg,,365297,Industrials,Steel/Iron Ore
TXG,10x Genomics Inc. Class A Common Stock,$18.39,0.01,0.054%,2349363951.00,United States,2019,2346136,Industrials,Biotechnology: Laboratory Analytical Instruments
TXMD,TherapeuticsMD Inc. Common Stock,$2.24,0.01,0.448%,25926571.00,United States,,38360,Health Care,Biotechnology: Pharmaceutical Preparations
TXN,Texas Instruments Incorporated Common Stock,$187.19,-1.10,-0.584%,170429639541.00,United States,,15019119,Technology,Semiconductors
TXNM,TXNM Energy Inc. Common Stock,$58.07,-0.22,-0.377%,6325063143.00,United States,,3014018,Utilities,Electric Utilities: Central
TXO,TXO Partners L.P. Common Units Representing Limited Partner Interests,$12.77,0.21,1.672%,705446814.00,United States,2023,582729,Energy,Oil & Gas Production
TXRH,Texas Roadhouse Inc. Common Stock,$170.89,-0.74,-0.431%,11265948029.00,United States,2004,1865625,Consumer Discretionary,Restaurants
TXT,Textron Inc. Common Stock,$88.77,0.08,0.09%,15460399532.00,United States,,4588924,Industrials,Aerospace
TY,Tri Continental Corporation Common Stock,$31.23,-0.45,-1.42%,1697379700.00,United States,,36305,Finance,Finance Companies
TY^,Tri Continental Corporation Preferred Stock,$44.2501,-0.0599,-0.135%,,United States,,648,,
TYG,Tortoise Energy Infrastructure Corporation Common Stock,$48.75,-1.75,-3.465%,581485271.00,United States,2004,97909,Finance,Investment Managers
TYGO,Tigo Energy Inc. Common Stock,$3.82,-0.29,-7.056%,268745587.00,United States,2021,400998,Technology,Semiconductors
TYL,Tyler Technologies Inc. Common Stock,$350.20,0.13,0.037%,15053466068.00,United States,,1014076,Technology,Computer Software: Prepackaged Software
TYRA,Tyra Biosciences Inc. Common Stock,$37.15,-1.03,-2.698%,2001163322.00,United States,2021,2124401,Health Care,Biotechnology: Pharmaceutical Preparations
TZOO,Travelzoo Common Stock,$6.23,-0.26,-4.006%,68108460.00,United States,,288642,Consumer Discretionary,Advertising
U,Unity Software Inc. Common Stock,$18.39,-0.76,-3.969%,7962642166.00,United States,2020,14643416,Technology,Computer Software: Prepackaged Software
UA,Under Armour Inc. Class C Common Stock,$5.71,-0.23,-3.872%,2431831906.00,United States,2016,3467866,Consumer Discretionary,Apparel
UAA,Under Armour Inc. Class A Common Stock,$5.85,-0.26,-4.255%,2491456506.00,United States,,9734997,Consumer Discretionary,Apparel
UAC,United Acquisition Corp. I Class A Ordinary Shares,$9.81,0.00,0.00%,0.00,,2026,27000,Finance,Blank Checks
UAL,United Airlines Holdings Inc. Common Stock,$89.95,-4.20,-4.461%,29092566189.00,United States,,9227943,Consumer Discretionary,Air Freight/Delivery Services
UAMY,United States Antimony Corporation Common Stock,$8.16,-0.95,-10.428%,1142690529.00,United States,,29655053,Industrials,Metal Fabrications
UAN,CVR Partners LP Common Units representing Limited Partner Interests,$127.74,-3.52,-2.682%,1350165430.00,United States,2011,71693,Industrials,Agricultural Chemicals
UAVS,AgEagle Aerial Systems Inc. Common Stock,$0.9819,-0.0781,-7.368%,39347274.00,United States,,2742806,Industrials,Aerospace
UBCP,United Bancorp Inc. Common Stock,$16.38,1.22,8.047%,94297236.00,United States,,32928,Finance,Major Banks
UBER,Uber Technologies Inc. Common Stock,$73.89,-1.45,-1.925%,152074189984.00,United States,2019,26152622,Real Estate,Real Estate
UBFO,United Security Bancshares Common Stock,$10.06,-0.12,-1.179%,176813081.00,United States,,166377,Finance,Major Banks
UBS,UBS Group AG Registered Ordinary Shares,$36.73,-0.63,-1.686%,113558111285.00,Switzerland,2014,3826330,Finance,Major Banks
UBSI,United Bankshares Inc. Common Stock,$39.56,0.13,0.33%,5515434827.00,United States,,2454560,Finance,Major Banks
UBXG,U-BX Technology Ltd. Class A Ordinary Shares,$1.70,-0.0666,-3.77%,51483041.00,China,2024,1285,Technology,Computer Software: Programming Data Processing
UCAR,U Power Limited Class A Ordinary Shares,$0.1633,0.0065,4.145%,811844.00,China,2023,70963934,Consumer Discretionary,Auto Parts:O.E.M.
UCB,United Community Banks Inc. Common Stock,$30.11,0.21,0.702%,3601552729.00,United States,2024,2159407,Finance,Major Banks
UCL,uCloudlink Group Inc. American Depositary Shares,$1.41,-0.07,-4.73%,53062028.00,Hong Kong,2020,4517,Consumer Discretionary,Telecommunications Equipment
UCTT,Ultra Clean Holdings Inc. Common Stock,$57.67,-4.96,-7.92%,2623410491.00,United States,2004,1619453,Technology,Semiconductors
UDMY,Udemy Inc. Common Stock,$4.65,-0.10,-2.105%,676210022.00,United States,2021,2492927,Real Estate,Other Consumer Services
UDR,UDR Inc. Common Stock,$34.11,-1.13,-3.207%,11207589726.00,United States,,7877868,Real Estate,Real Estate Investment Trusts
UE,Urban Edge Properties Common Shares of Beneficial Interest,$20.35,-0.42,-2.022%,2563206370.00,United States,2015,2374757,Finance,Real Estate
UEC,Uranium Energy Corp. Common Stock,$12.09,-1.19,-8.961%,5926769266.00,Canada,,29143812,Basic Materials,Other Metals and Minerals
UEIC,Universal Electronics Inc. Common Stock,$4.25,0.02,0.473%,54673751.00,United States,1993,186110,Consumer Staples,Consumer Electronics/Appliances
UFCS,United Fire Group Inc. Common Stock,$36.40,-0.10,-0.274%,929002656.00,United States,,261976,Finance,Property-Casualty Insurers
UFG,Uni-Fuels Holdings Limited Class A Ordinary Shares,$0.91,-0.005,-0.546%,29543150.00,Singapore,2025,142770,Energy,Oil Refining/Marketing
UFI,Unifi Inc. New Common Stock,$3.65,0.05,1.389%,67820836.00,United States,,66838,Consumer Discretionary,Textiles
UFPI,UFP Industries Inc. Common Stock,$86.78,-1.68,-1.899%,4929094888.00,United States,1993,1151728,Basic Materials,Forest Products
UFPT,UFP Technologies Inc. Common Stock,$191.05,-5.93,-3.01%,1473625965.00,United States,1993,174350,Health Care,Medical/Dental Instruments
UG,United-Guardian Inc. Common Stock,$6.26,-0.04,-0.635%,28760437.00,United States,,6690,Consumer Discretionary,Package Goods/Cosmetics
UGI,UGI Corporation Common Stock,$35.35,-1.54,-4.175%,7587394513.00,United States,,3696228,Utilities,Natural Gas Distribution
UGP,Ultrapar Participacoes S.A. (New) American Depositary Shares (Each representing one Common Share),$4.91,-0.19,-3.725%,5312976432.00,Brazil,,2717232,Utilities,Oil/Gas Transmission
UGRO,urban-gro Inc. Common Stock,$2.18,-0.21,-8.787%,1638536.00,United States,,82878,Consumer Discretionary,Industrial Specialties
UHAL,U-Haul Holding Company Common Stock,$42.19,-0.64,-1.494%,8272525757.00,United States,2022,411621,Consumer Discretionary,Rental/Leasing Companies
UHG,United Homes Group Inc Class A Common Stock,$1.16,0.00,0.00%,68239572.00,United States,2021,52328,Consumer Discretionary,Homebuilding
UHGWW,United Homes Group Inc. Warrant,$0.1716,-0.0037,-2.111%,10094750.00,United States,2021,260383,Consumer Discretionary,Homebuilding
UHS,Universal Health Services Inc. Common Stock,$185.82,-1.40,-0.748%,11351119445.00,United States,,1124724,Health Care,Hospital/Nursing Management
UHT,Universal Health Realty Income Trust Common Stock,$40.46,-2.18,-5.113%,561368056.00,United States,,244590,Real Estate,Real Estate Investment Trusts
UI,Ubiquiti Inc. Common Stock,$765.27,-28.96,-3.646%,46314748024.00,United States,,92080,Technology,Radio And Television Broadcasting And Communications Equipment
UIS,Unisys Corporation New Common Stock,$2.24,-0.06,-2.609%,162011058.00,United States,,849988,Technology,EDP Services
UK,Ucommune International Ltd Ordinary Shares,$0.46,-0.064,-12.214%,975142.00,United States,2019,39583,Real Estate,Real Estate
UL,Unilever PLC American Depositary Shares (each representing One Ordinary Share),$61.48,-0.03,-0.049%,137262116992.00,United Kingdom,2025,9768208,Consumer Discretionary,Package Goods/Cosmetics
ULBI,Ultralife Corporation Common Stock,$6.43,-0.32,-4.741%,107052729.00,United States,1992,69447,Miscellaneous,Industrial Machinery/Components
ULCC,Frontier Group Holdings Inc. Common Stock,$3.18,0.01,0.315%,730158903.00,United States,2021,6589572,Consumer Discretionary,Air Freight/Delivery Services
ULH,Universal Logistics Holdings Inc. Common Stock,$17.67,0.87,5.179%,465605525.00,United States,2005,75169,Industrials,Trucking Freight/Courier Services
ULS,UL Solutions Inc. Class A Common Stock,$82.70,-0.64,-0.768%,16626190850.00,United States,2024,2138574,Health Care,Precision Instruments
ULTA,Ulta Beauty Inc. Common Stock,$529.97,-4.13,-0.773%,23510620295.00,United States,2007,948648,Consumer Discretionary,Other Specialty Stores
UMAC,Unusual Machines Inc. Common Stock,$14.87,-3.73,-20.054%,578292977.00,United States,2024,14603675,Technology,Radio And Television Broadcasting And Communications Equipment
UMBF,UMB Financial Corporation Common Stock,$109.04,-0.22,-0.201%,8301933556.00,United States,,1122920,Finance,Major Banks
UMBFO,UMB Financial Corporation Depositary Shares Each Representing a 1/400th Interest in a Share of 7.750% Fixed-Rate Reset Non-Cumulative Perpetual Preferred Stock Series B,$25.90,-0.40,-1.521%,1971937629.00,United States,,11538,Finance,Major Banks
UMC,United Microelectronics Corporation (NEW) Common Stock,$9.12,-0.14,-1.512%,22910746723.00,Taiwan,,11090383,Technology,Semiconductors
UMH,UMH Properties Inc. Common Stock,$14.14,-0.27,-1.874%,1202127951.00,United States,1994,985294,Real Estate,Real Estate Investment Trusts
UMH^D,UMH Properties Inc. 6.375% Series D Cumulative Redeemable Preferred Stock Liquidation Preference $25 per share,$21.30,-0.2599,-1.205%,,United States,,9721,,
UNB,Union Bankshares Inc. Common Stock,$22.50,-0.21,-0.925%,103104518.00,United States,,19415,Finance,Major Banks
UNCY,Unicycive Therapeutics Inc. Common Stock,$6.73,-0.08,-1.175%,144637095.00,United States,2021,458505,Health Care,Biotechnology: Pharmaceutical Preparations
UNF,Unifirst Corporation Common Stock,$260.76,-4.74,-1.785%,4712593705.00,United States,,705553,Consumer Discretionary,Other Consumer Services
UNFI,United Natural Foods Inc. Common Stock,$38.77,-0.74,-1.873%,2355353683.00,United States,2019,2086418,Consumer Discretionary,Food Distributors
UNH,UnitedHealth Group Incorporated Common Stock (DE),$275.59,-4.85,-1.729%,250146384470.00,United States,,38885662,Health Care,Medical Specialities
UNIT,Uniti Group Inc. Common Stock,$7.51,-0.41,-5.177%,1795439905.00,United States,,4516418,Real Estate,Real Estate Investment Trusts
UNM,Unum Group Common Stock,$72.52,-0.43,-0.589%,11875426881.00,United States,,11804997,Finance,Accident &Health Insurance
UNMA,Unum Group 6.250% Junior Subordinated Notes due 2058,$23.05,-0.27,-1.158%,3925720182.00,United States,2018,13959,Finance,Accident &Health Insurance
UNP,Union Pacific Corporation Common Stock,$234.92,0.74,0.316%,139399521783.00,United States,,5047587,Industrials,Railroads
UNTY,Unity Bancorp Inc. Common Stock,$49.38,-0.30,-0.604%,494611165.00,United States,,63967,Finance,Major Banks
UONE,Urban One Inc. Class A Common Stock,$5.62,-0.27,-4.584%,25264423.00,United States,,81410,Consumer Discretionary,Broadcasting
UONEK,Urban One Inc. Class D Common Stock,$5.96,0.56,10.37%,26792876.00,United States,,10129,Consumer Discretionary,Broadcasting
UP,Wheels Up Experience Inc. Class A Common Stock,$0.5036,-0.057,-10.168%,364840850.00,Singapore,2020,1764519,Consumer Discretionary,Transportation Services
UPB,Upstream Bio Inc. Common Stock,$8.67,0.29,3.461%,468514584.00,United States,2024,3024871,Health Care,Biotechnology: Pharmaceutical Preparations
UPBD,Upbound Group Inc. Common Stock,$17.21,-0.01,-0.058%,1000203982.00,United States,,2236386,Consumer Discretionary,Diversified Commercial Services
UPC,Universe Pharmaceuticals Inc. Class A Ordinary Shares,$2.40,-0.062,-2.518%,1352011.00,China,2021,1026,Health Care,Biotechnology: Pharmaceutical Preparations
UPLD,Upland Software Inc. Common Stock,$0.5742,0.065,12.765%,16719658.00,United States,2014,680950,Technology,Computer Software: Prepackaged Software
UPS,United Parcel Service Inc. Common Stock,$95.86,-0.70,-0.725%,81394890304.00,United States,1999,34633595,Industrials,Trucking Freight/Courier Services
UPST,Upstart Holdings Inc. Common stock,$25.98,-0.79,-2.951%,2547631950.00,United States,2020,5942075,Finance,Finance: Consumer Services
UPWK,Upwork Inc. Common Stock,$11.275,-0.075,-0.661%,1470036902.00,United States,2018,5363043,Technology,EDP Services
UPXI,Upexi Inc. Common Stock,$1.06,-0.01,-0.935%,73946216.00,United States,2021,3215991,Health Care, Medicinal Chemicals and Botanical Products 
URBN,Urban Outfitters Inc. Common Stock,$63.39,-1.80,-2.761%,5684747943.00,United States,1993,3464874,Consumer Discretionary,Clothing/Shoe/Accessory Stores
URG,Ur Energy Inc Common Shares (Canada),$1.45,0.13,9.848%,576125918.00,Canada,,45130473,Basic Materials,Precious Metals
URGN,UroGen Pharma Ltd. Ordinary Shares,$17.62,-0.97,-5.218%,857781774.00,Israel,2017,975333,Health Care,Biotechnology: Pharmaceutical Preparations
URI,United Rentals Inc. Common Stock,$710.47,-9.48,-1.317%,44758293499.00,United States,1997,706119,Consumer Discretionary,Diversified Commercial Services
UROY,Uranium Royalty Corp. Common Stock,$3.29,-0.19,-5.46%,481910998.00,Canada,,3549847,Finance,Investment Bankers/Brokers/Service
USA,Liberty All-Star Equity Fund Common Stock,$5.53,-0.07,-1.25%,0.00,United States,1986,1215497,Finance,Finance Companies
USAC,USA Compression Partners LP Common Units Representing Limited Partner Interests,$28.66,0.13,0.456%,4154907780.00,United States,2013,1271137,Utilities,Natural Gas Distribution
USAR,USA Rare Earth Inc. Class A Common Stock,$16.24,-1.57,-8.815%,3539355961.00,United States,2023,33870332,Basic Materials,Metal Mining
USAS,Americas Gold and Silver Corporation Common Shares no par value,$5.38,-0.52,-8.814%,1472127264.00,Canada,2017,23243619,Basic Materials,Metal Mining
USAU,U.S. Gold Corp. Common Stock,$14.11,-0.57,-3.883%,232831410.00,United States,,905018,Basic Materials,Metal Mining
USB,U.S. Bancorp Common Stock,$51.25,-0.05,-0.097%,79626909699.00,United States,,21630525,Finance,Major Banks
USB^A,U.S. Bancorp Depositary Shares Each representing a 1/100th interest in a share of Series A Non-CumulativePerpetual Pfd Stock,$768.00,-3.00,-0.389%,,United States,,1853,,
USB^H,U.S. Bancorp Depositary Shares repstg 1/1000th Pfd Ser B,$18.40,-0.27,-1.446%,,United States,,74611,,
USB^P,U.S. Bancorp Depositary Shares each representing a 1/1000th interest in a share of Series K Non-Cumulative Perpetual Preferred Stock,$22.22,-0.305,-1.354%,,United States,,62872,,
USB^Q,U.S. Bancorp Depositary Shares Each Representing a 1/1000th Interest in a Share of Series L Non-Cumulative Perpetual Preferred Stock,$15.04,-0.26,-1.699%,,United States,,20339,,
USB^R,U.S. Bancorp Depositary Shares Each Representing a 1/1000th Interest in a Share of Series M Non-Cumulative Perpetual Preferred Stock,$16.02,-0.26,-1.597%,,United States,,35040,,
USB^S,U.S. Bancorp Depositary Shares each representing a 1/1000th interest in a share of Series O Non-Cumulative Perpetual Preferred Stock,$17.82,-0.29,-1.601%,,United States,,25754,,
USBC,USBC Inc. Common Stock,$0.3953,0.028,7.623%,153433196.00,,,431607,Industrials,Industrial Machinery/Components
USCB,USCB Financial Holdings Inc. Class A Common Stock,$18.15,-0.26,-1.412%,331364296.00,United States,2021,94810,Finance,Major Banks
USEA,United Maritime Corporation Common Stock,$1.97,-0.06,-2.956%,17423206.00,Greece,,84484,Consumer Discretionary,Marine Transportation
USEG,U.S. Energy Corp. Common Stock (DE),$0.99,-0.03,-2.941%,43826500.00,United States,,4986275,Energy,Oil & Gas Production
USFD,US Foods Holding Corp. Common Stock,$89.40,0.07,0.078%,19716450956.00,United States,2016,7332151,Consumer Discretionary,Food Distributors
USGO,U.S. GoldMining Inc. Common stock,$10.62,-0.32,-2.925%,140961331.00,United States,2023,189263,Basic Materials,Precious Metals
USGOW,U.S. GoldMining Inc. Warrant,$0.60,-0.05,-7.692%,7963917.00,United States,2023,13761,Basic Materials,Precious Metals
USIO,Usio Inc. Common Stock,$1.05,-0.04,-3.67%,28673231.00,United States,,106245,Finance,Investment Bankers/Brokers/Service
USLM,United States Lime & Minerals Inc. Common Stock,$118.47,0.04,0.034%,3396541534.00,United States,,443697,Industrials,Mining & Quarrying of Nonmetallic Minerals (No Fuels)
USNA,USANA Health Sciences Inc. Common Stock,$16.91,-0.23,-1.342%,312106771.00,United States,,201563,Health Care, Medicinal Chemicals and Botanical Products 
USPH,U.S. Physical Therapy Inc. Common Stock,$73.86,-0.47,-0.632%,1116952429.00,United States,1992,218651,Health Care,Medical/Nursing Services
UTF,Cohen & Steers Infrastructure Fund Inc Common Stock,$25.10,-0.52,-2.03%,0.00,United States,2004,373805,Finance,Finance Companies
UTG,Reaves Utility Income Fund Common Shares of Beneficial Interest,$38.46,-1.72,-4.281%,0.00,United States,2004,363819,Finance,Investment Managers
UTHR,United Therapeutics Corporation Common Stock,$524.28,-2.72,-0.516%,22977979216.00,United States,1999,796872,Health Care,Biotechnology: Pharmaceutical Preparations
UTI,Universal Technical Institute Inc Common Stock,$35.34,-1.98,-5.305%,1944424682.00,United States,2003,746620,Real Estate,Other Consumer Services
UTL,UNITIL Corporation Common Stock,$50.64,-1.37,-2.634%,910709456.00,United States,1985,1031881,Utilities,Power Generation
UTMD,Utah Medical Products Inc. Common Stock,$64.63,0.63,0.984%,207053321.00,United States,,31147,Health Care,Medical/Dental Instruments
UTSI,UTStarcom Holdings Corp. Ordinary Shares,$2.49,0.05,2.049%,23580935.00,China,2000,686,Telecommunications,Telecommunications Equipment
UTZ,Utz Brands Inc Class A Common Stock ,$7.54,-0.16,-2.078%,1084098621.00,United States,2018,2777703,Consumer Staples,Packaged Foods
UUU,Universal Safety Products Inc. Common Stock,$5.94,-0.15,-2.463%,16143655.00,United States,2003,42938,Technology,Electronic Components
UUUU,Energy Fuels Inc Ordinary Shares (Canada),$16.75,-1.17,-6.529%,4046900500.00,Canada,,13029920,Industrials,Mining & Quarrying of Nonmetallic Minerals (No Fuels)
UVE,UNIVERSAL INSURANCE HOLDINGS INC Common Stock,$33.13,0.24,0.73%,927911302.00,United States,,247347,Finance,Property-Casualty Insurers
UVSP,Univest Financial Corporation Common Stock,$32.95,-0.09,-0.272%,925352412.00,United States,,366899,Finance,Major Banks
UVV,Universal Corporation Common Stock,$50.85,-0.73,-1.415%,1267359772.00,United States,,761655,Industrials,Farming/Seeds/Milling
UWMC,UWM Holdings Corporation Class A Common Stock,$3.56,-0.13,-3.523%,5695810434.00,United States,,26282225,Finance,Finance: Consumer Services
UXIN,Uxin Limited ADS,$3.40,-0.16,-4.494%,700975406.00,China,2018,139532,Real Estate,Real Estate
UYSCR,UY Scuti Acquisition Corp. Rights,$0.16,0.00,0.00%,0.00,United States,2025,260,Finance,Blank Checks
UZD,Array Digital Infrastructure Inc. 6.250% Senior Notes due 2069,$19.80,-0.21,-1.049%,1702800000.00,United States,2020,4403,Telecommunications,Telecommunications Equipment
UZE,Array Digital Infrastructure Inc. 5.500% Senior Notes due 2070,$17.56,-0.42,-2.336%,1510160000.00,United States,2020,12300,Telecommunications,Telecommunications Equipment
UZF,Array Digital Infrastructure Inc. 5.500% Senior Notes due 2070,$17.66,-0.12,-0.675%,1518760000.00,United States,2021,10559,Telecommunications,Telecommunications Equipment
V,Visa Inc.,$301.62,1.91,0.637%,577906726876.00,United States,,14395003,Real Estate,Real Estate
VABK,Virginia National Bankshares Corporation Common Stock,$38.13,-0.09,-0.235%,205640390.00,United States,,21829,Finance,Major Banks
VAC,Marriott Vacations Worldwide Corporation Common Stock,$67.90,-3.19,-4.487%,2329341617.00,United States,,1193274,Finance,Real Estate
VACH,Voyager Acquisition Corp Class A Ordinary Shares,$10.50,-1.11,-9.561%,0.00,United States,2024,13542,,
VACHU,Voyager Acquisition Corp Unit,$11.50,0.00,0.00%,0.00,United States,2024,1,Finance,Blank Checks
VACHW,Voyager Acquisition Corp Warrants,$0.13,-0.0201,-13.391%,0.00,United States,2024,24354,Finance,Blank Checks
VACI,Viking Acquisition Corp. I Class A Ordinary Shares,$9.93,0.00,0.00%,0.00,,2025,26161,Telecommunications,Telecommunications Equipment
VAL,Valaris Limited Common Shares,$92.52,-3.16,-3.303%,6405245274.00,United States,2021,1215476,Energy,Oil & Gas Production
VALE,VALE S.A.  American Depositary Shares Each Representing one common share,$14.05,-0.58,-3.964%,59976341957.00,Brazil,,49913740,Basic Materials,Metal Mining
VALN,Valneva SE American Depositary Shares,$10.32,-0.175,-1.667%,894823588.00,France,2021,3400,Health Care,Biotechnology: Biological Products (No Diagnostic Substances)
VALU,Value Line Inc. Common Stock,$35.60,-0.52,-1.44%,334185673.00,United States,1983,6826,Finance,Investment Managers
VANI,Vivani Medical Inc. Common Stock (DE),$1.16,0.01,0.87%,90672014.00,United States,2014,739926,Health Care,Biotechnology: Electromedical & Electrotherapeutic Apparatus
VATE,INNOVATE Corp. Common Stock,$4.00,-0.15,-3.614%,54620248.00,United States,,19698,Industrials,Metal Fabrications
VAVX,VanEck Avalanche ETF Common Shares of Beneficial Interest,$19.80,0.095,0.482%,11383753.00,United States,,1336,,
VBF,Invesco Bond Fund Common Stock,$14.92,-0.14,-0.93%,0.00,United States,,41391,Finance,Trusts Except Educational Religious and Charitable
VBIX,Viewbix Inc. Common Stock,$1.90,0.08,4.396%,20273745.00,Israel,,154162,Technology,Computer Software: Prepackaged Software
VBNK,VersaBank Common Shares,$13.38,-0.15,-1.109%,429089201.00,Canada,,48236,Finance,Commercial Banks
VC,Visteon Corporation Common Stock,$85.28,0.30,0.353%,2287165766.00,United States,,1056685,Consumer Discretionary,Auto Parts:O.E.M.
VCEL,Vericel Corporation Common Stock,$31.41,-1.33,-4.062%,1594475850.00,United States,,1201923,Health Care,Biotechnology: Biological Products (No Diagnostic Substances)
VCIC,Vine Hill Capital Investment Corp. Class A Ordinary Shares,$10.66,0.00,0.00%,0.00,United States,2024,230009,,
VCICU,Vine Hill Capital Investment Corp. Unit,$11.21,-0.06,-0.532%,0.00,United States,2024,1351,Finance,Blank Checks
VCICW,Vine Hill Capital Investment Corp. Warrant,$1.12,-0.18,-13.846%,0.00,United States,2024,743,Finance,Blank Checks
VCIG,VCI Global Limited Ordinary Share,$1.66,-0.05,-2.924%,3402877.00,Malaysia,2023,122921,Consumer Discretionary,Diversified Commercial Services
VCTR,Victory Capital Holdings Inc. Class A Common Stock,$68.19,0.275,0.405%,4367544679.00,United States,2018,1642651,Finance,Investment Managers
VCV,Invesco California Value Municipal Income Trust Common Stock,$10.71,-0.06,-0.557%,512907523.00,United States,,138123,Finance,Trusts Except Educational Religious and Charitable
VCX,Fundrise Innovation Fund LLC Common Shares of Limited Liability Company Interests,$117.70,41.54,54.543%,0.00,,2026,607901,,
VCYT,Veracyte Inc. Common Stock,$31.84,-0.94,-2.868%,2529956316.00,United States,2013,3203869,Health Care,Medical Specialities
VECO,Veeco Instruments Inc. Common Stock,$30.65,-0.76,-2.42%,1851016578.00,United States,1994,1156313,Technology,Industrial Machinery/Components
VEEA,Veea Inc. Common Stock,$0.642,0.0098,1.55%,32361658.00,United States,2021,233380,Finance,Blank Checks
VEEE,Twin Vee PowerCats Co. Common Stock,$0.3938,-0.0062,-1.55%,5156141.00,United States,2021,4590318,Industrials,Marine Transportation
VEEV,Veeva Systems Inc. Class A Common Stock,$184.07,-1.52,-0.819%,30257768050.00,United States,2013,4180387,Technology,Computer Software: Prepackaged Software
VEL,Velocity Financial Inc. Common Stock,$17.26,-0.16,-0.918%,677200950.00,United States,2020,140367,Finance,Finance: Consumer Services
VELO,Velo3D Inc. Common stock,$11.715,-0.905,-7.171%,288395535.00,United States,,1711658,Technology,Industrial Machinery/Components
VENU,Venu Holding Corporation Common Stock,$3.53,-0.02,-0.563%,151401093.00,United States,2024,338560,Consumer Discretionary,Services-Misc. Amusement & Recreation
VEON,VEON Ltd. ADS,$49.315,-1.095,-2.172%,3647713526.00,Netherlands,,76784,Telecommunications,Telecommunications Equipment
VERA,Vera Therapeutics Inc. Class A Common Stock,$40.53,-0.84,-2.03%,2892045184.00,United States,2021,3986267,Health Care,Biotechnology: Pharmaceutical Preparations
VERI,Veritone Inc. Common Stock,$2.71,-0.02,-0.733%,248794322.00,United States,2017,1553710,Technology,EDP Services
VERU,Veru Inc. Common Stock,$2.27,-0.02,-0.873%,36434226.00,United States,,107507,Health Care,Biotechnology: Pharmaceutical Preparations
VERX,Vertex Inc. Class A Common Stock,$12.86,-0.12,-0.924%,2057045657.00,United States,2020,1566700,Technology,Computer Software: Prepackaged Software
VET,Vermilion Energy Inc. Common (Canada),$13.89,-0.53,-3.675%,2124475500.00,Canada,,4816921,Energy,Oil & Gas Production
VFC,V.F. Corporation Common Stock,$16.28,-0.21,-1.273%,6369767224.00,United States,,6812983,Industrials,Garments and Clothing
VFF,Village Farms International Inc. Common Shares,$2.54,-0.14,-5.224%,292365227.00,Canada,,2323095,,
VFL,abrdn National Municipal Income Fund Common Stock,$9.92,-0.16,-1.587%,0.00,United States,1993,70463,Finance,Finance/Investors Services
VFS,VinFast Auto Ltd. Ordinary Shares,$2.86,0.00,0.00%,6691006253.00,Singapore,,325177,Industrials,Auto Manufacturing
VFSWW,VinFast Auto Ltd. Warrant,$0.1373,-0.0012,-0.866%,321215090.00,Singapore,,3944,Industrials,Auto Manufacturing
VG,Venture Global Inc. Class A common stock,$15.81,1.52,10.637%,38844700522.00,United States,2025,67890859,Utilities,Oil/Gas Transmission
VGAS,Verde Clean Fuels Inc. Class A Common Stock,$1.80,0.05,2.857%,80189318.00,United States,2021,60517,Industrials,Major Chemicals
VGASW,Verde Clean Fuels Inc. Warrant,$0.0307,0.0036,13.284%,1367673.00,United States,2021,2522,Industrials,Major Chemicals
VGI,Virtus Global Multi-Sector Income Fund Common Shares of Beneficial Interest,$7.33,-0.11,-1.478%,0.00,United States,2012,31289,Finance,Investment Managers
VGM,Invesco Trust for Investment Grade Municipals Common Stock (DE),$10.00,-0.25,-2.439%,542319680.00,United States,,326364,Finance,Trusts Except Educational Religious and Charitable
VGZ,Vista Gold Corp Common Stock,$1.79,-0.05,-2.717%,259456061.00,United States,1986,1978787,Basic Materials,Precious Metals
VHC,VirnetX Holding Corp Common Stock,$14.01,-0.2667,-1.868%,59834468.00,United States,,19204,Miscellaneous,Multi-Sector Companies
VHCP,Vine Hill Capital Investment Corp. II Class A Ordinary Shares,$9.90,0.00,0.00%,0.00,United States,2026,1,,
VHCPU,Vine Hill Capital Investment Corp. II Units,$10.01,-0.02,-0.199%,0.00,United States,2025,301,Finance,Blank Checks
VHI,Valhi Inc. Common Stock,$13.22,-0.36,-2.651%,374156313.00,United States,,36573,Basic Materials,Major Chemicals
VHUB,VenHub Global Inc. Common Stock,$0.7899,0.009,1.153%,59162606.00,United States,,5971077,Technology,Industrial Machinery/Components
VIA,Via Transportation Inc. Class A Common Stock,$14.36,0.32,2.279%,1165871369.00,,2025,1006128,Technology,Computer Software: Prepackaged Software
VIASP,Via Renewables Inc. 8.75% Series A Fixed-to-Floating Rate Cumulative Redeemable Perpetual Preferred Stock,$25.557,0.047,0.184%,187162319.00,United States,,1321,Utilities,Power Generation
VIAV,Viavi Solutions Inc. Common Stock,$31.44,-2.81,-8.204%,7274881007.00,United States,,10318758,Technology,Semiconductors
VICI,VICI Properties Inc. Common Stock,$26.83,-1.15,-4.11%,28680974843.00,United States,2018,15353406,Real Estate,Real Estate Investment Trusts
VICR,Vicor Corporation Common Stock,$164.54,-25.59,-13.459%,7465697114.00,United States,,4074073,Technology,Industrial Machinery/Components
VIK,Viking Holdings Ltd Ordinary Shares,$67.99,-3.48,-4.869%,30308992792.00,United States,2024,2751958,Consumer Discretionary,Marine Transportation
VINP,Vinci Compass Investments Ltd. Class A Common Shares,$9.87,-0.33,-3.235%,624224784.00,Brazil,2021,158668,Finance,Investment Managers
VIOT,Viomi Technology Co. Ltd American Depositary Shares,$1.28,-0.04,-3.03%,86993244.00,China,2018,559908,Consumer Discretionary,Consumer Electronics/Appliances
VIPS,Vipshop Holdings Limited American Depositary Shares each representing two ordinary shares,$15.39,-0.24,-1.536%,9121423766.00,China,2012,2436607,Consumer Discretionary,Catalog/Specialty Distribution
VIR,Vir Biotechnology Inc. Common Stock,$9.10,-0.28,-2.985%,1269607230.00,United States,2019,3932414,Health Care,Biotechnology: Biological Products (No Diagnostic Substances)
VIRC,Virco Manufacturing Corporation Common Stock,$5.91,0.005,0.085%,93148343.00,United States,,68989,Consumer Discretionary,Industrial Specialties
VIRT,Virtu Financial Inc. Class A Common Stock,$41.63,2.05,5.179%,6438686174.00,United States,,2628972,Finance,Investment Bankers/Brokers/Service
VISN,Vistance Networks Inc. Common Stock,$17.72,-0.11,-0.617%,3995186870.00,United States,2013,6112306,Technology,Radio And Television Broadcasting And Communications Equipment
VIST,Vista Energy S.A.B. de C.V. American Depositary Shares each representing one series A share with no par value,$72.06,-0.90,-1.234%,7515934023.00,Mexico,2019,2384021,Energy,Oil & Gas Production
VITL,Vital Farms Inc. Common Stock,$14.51,-0.82,-5.349%,650006284.00,United States,2020,4205303,Consumer Staples,Packaged Foods
VIV,Telefonica Brasil S.A. American Depositary Shares (Each representing One Common Share),$15.19,-0.42,-2.691%,48541260487.00,Brazil,2020,1729502,Telecommunications,Telecommunications Equipment
VIVO,VivoPower PLC Ordinary Shares,$2.24,-0.13,-5.485%,37520549.00,United Kingdom,,310413,Utilities,Power Generation
VIVS,VivoSim Labs Inc. Common Stock,$1.68,-0.10,-5.618%,4381376.00,United States,,38655,Health Care,Biotechnology: Biological Products (No Diagnostic Substances)
VKI,Invesco Advantage Municipal Income Trust II Common Shares of Beneficial Interest (DE),$8.77,-0.22,-2.447%,389440795.00,United States,1993,189697,Finance,Finance Companies
VKQ,Invesco Municipal Trust Common Stock,$9.48,-0.17,-1.762%,524580682.00,United States,,239870,Finance,Trusts Except Educational Religious and Charitable
VKTX,Viking Therapeutics Inc. Common Stock,$32.33,-1.59,-4.688%,3735870357.00,United States,2015,3500154,Health Care,Biotechnology: Pharmaceutical Preparations
VLGEA,Village Super Market Inc. Class A Common Stock,$40.65,-0.77,-1.859%,599667581.00,United States,,100700,Consumer Staples,Food Chains
VLN,Valens Semiconductor Ltd. Ordinary Shares,$1.22,-0.06,-4.688%,128457094.00,,,1194094,Technology,Semiconductors
VLO,Valero Energy Corporation Common Stock,$239.86,-2.21,-0.913%,71724430568.00,United States,,19801285,Energy,Integrated oil Companies
VLRS,Controladora Vuela Compania de Aviacion S.A.B. de C.V. American Depositary Shares each representing ten (10) Ordinary Participation Certificates,$6.89,-0.14,-1.991%,803357933.00,,2013,1589420,Consumer Discretionary,Air Freight/Delivery Services
VLT,Invesco High Income Trust II,$10.093,-0.152,-1.484%,0.00,United States,1989,34714,Finance,Trusts Except Educational Religious and Charitable
VLTO,Veralto Corp Common Stock ,$88.63,-1.03,-1.149%,21966356997.00,United States,2023,5717969,Industrials,Electrical Products
VLY,Valley National Bancorp Common Stock,$11.73,-0.10,-0.845%,6515149561.00,United States,,19765726,Finance,Major Banks
VLYPN,Valley National Bancorp 8.250% Fixed-Rate Reset Non-Cumulative Perpetual Preferred Stock Series C,$25.3999,-0.1101,-0.432%,14107770445.00,United States,,12364,Finance,Major Banks
VLYPO,Valley National Bancorp 5.50% Fixed-to-Floating Rate Non-Cumulative Perpetual Preferred Stock Series B,$24.46,-0.39,-1.569%,13585725341.00,United States,,8090,Finance,Major Banks
VLYPP,Valley National Bancorp 6.25% Fixed-to-Floating Rate Non-Cumulative Perpetual Preferred Stock Series A,$24.45,-0.33,-1.332%,13580171079.00,United States,,7015,Finance,Major Banks
VMAR,Vision Marine Technologies Inc. Common Shares,$2.09,-0.05,-2.336%,2081719.00,Canada,2020,111624,Industrials,Marine Transportation
VMC,Vulcan Materials Company (Holding Company) Common Stock,$258.40,1.38,0.537%,33741971226.00,United States,,2709042,Industrials,Mining & Quarrying of Nonmetallic Minerals (No Fuels)
VMD,Viemed Healthcare Inc. Common Shares,$8.71,-0.51,-5.531%,336228916.00,United States,,703685,Health Care,Misc Health and Biotechnology Services
VMET,Versamet Royalties Corporation Common Stock,$10.05,-0.19,-1.855%,1061735506.00,Canada,,201207,,
VMI,Valmont Industries Inc. Common Stock,$391.96,-4.50,-1.135%,7661725607.00,United States,,377760,Industrials,Metal Fabrications
VMO,Invesco Municipal Opportunity Trust Common Stock,$9.52,-0.19,-1.957%,642035321.00,United States,,207319,Finance,Trusts Except Educational Religious and Charitable
VNCE,Vince Holding Corp. Common Stock,$2.17,-0.02,-0.913%,28946554.00,United States,,76296,Consumer Discretionary,Clothing/Shoe/Accessory Stores
VNDA,Vanda Pharmaceuticals Inc. Common Stock,$7.12,-1.45,-16.919%,420849174.00,United States,2006,11676337,Health Care,Biotechnology: Pharmaceutical Preparations
VNET,VNET Group Inc. American Depositary Shares,$8.82,-0.54,-5.769%,2372808447.00,China,2011,6173648,Technology,Computer Software: Programming Data Processing
VNME,Vendome Acquisition Corporation I Class A Ordinary Shares,$10.09,0.01,0.099%,0.00,United States,2025,23468,Finance,Blank Checks
VNMEU,Vendome Acquisition Corporation I Unit,$10.275,-1.045,-9.231%,0.00,United States,2025,6700,Finance,Blank Checks
VNO,Vornado Realty Trust Common Stock,$25.41,-1.07,-4.041%,4844832385.00,United States,,6058664,Real Estate,Real Estate Investment Trusts
VNO^L,Vornado Realty Trust Pfd Ser L %,$16.32,-0.18,-1.091%,,United States,,24130,,
VNO^M,Vornado Realty Trust 5.25% Series M Cumulative Redeemable Preferred Shares of Beneficial Interest liquidation preference $25.00 per share no par value per share,$15.97,-0.36,-2.205%,,United States,,7395,,
VNO^N,Vornado Realty Trust 5.25% Series N Cumulative Redeemable Preferred Shares of Beneficial Interest liquidation preference $25.00 per share,$15.91,-0.2201,-1.365%,,United States,,13206,,
VNO^O,Vornado Realty Trust 4.45% Series O Cumulative Redeemable Preferred Shares Liquidation Preference $25.00 Per Share,$14.14,-0.10,-0.702%,,United States,,18321,,
VNOM,Viper Energy Inc. Class A Common Stock,$48.09,0.77,1.627%,17194525110.00,United States,2014,8774713,Energy,Oil & Gas Production
VNRX,VolitionRX Limited Common Stock,$0.1871,-0.0029,-1.526%,25364272.00,Singapore,2015,7690715,Health Care,Biotechnology: In Vitro & In Vivo Diagnostic Substances
VNT,Vontier Corporation Common Stock ,$35.20,-0.13,-0.368%,4984320000.00,United States,2020,1678352,Industrials,Industrial Machinery/Components
VNTG,Vantage Corp Class A Ordinary Shares,$0.9199,0.1199,14.988%,29195326.00,,2025,43739,Industrials,Integrated Freight & Logistics
VOC,VOC Energy Trust Units of Beneficial Interest,$3.62,-0.04,-1.093%,61540000.00,United States,2011,164651,Energy,Oil & Gas Production
VOD,Vodafone Group Plc American Depositary Shares,$14.33,-0.09,-0.624%,34046659009.00,United Kingdom,,4620561,Telecommunications,Telecommunications Equipment
VOR,Vor Biopharma Inc. Common Stock,$12.04,-1.13,-8.58%,499898874.00,United States,2021,4553220,Health Care,Biotechnology: Biological Products (No Diagnostic Substances)
VOXR,Vox Royalty Corp. Common Stock,$4.88,-0.08,-1.613%,333152349.00,Canada,,2070420,Basic Materials,Precious Metals
VOYA,Voya Financial Inc. Common Stock,$67.15,0.34,0.509%,6229039479.00,United States,2013,1646169,Finance,Life Insurance
VOYA^B,Voya Financial Inc. Depositary Shares each representing a 1/40th interest in a share of 5.35% Fixed-Rate Reset Non-Cumulative Preferred Stock Series B,$23.35,-0.3201,-1.352%,,United States,,22560,,
VOYG,Voyager Technologies Inc. Class A Common Stock,$25.52,-1.64,-6.038%,1507916267.00,United States,2025,7014690,Industrials,Military/Government/Technical
VPG,Vishay Precision Group Inc. Common Stock,$40.64,-2.65,-6.122%,540406702.00,United States,,207338,Technology,Electrical Products
VPV,Invesco Pennsylvania Value Municipal Income Trust Common Stock (DE),$10.51,-0.18,-1.684%,250448507.00,United States,,27299,Finance,Trusts Except Educational Religious and Charitable
VRA,Vera Bradley Inc. Common Stock,$3.33,-0.27,-7.50%,93090223.00,United States,2010,309548,Consumer Discretionary,Apparel
VRAX,Virax Biolabs Group Limited Ordinary Shares,$0.1732,-0.0084,-4.626%,1285738.00,United Kingdom,2022,45970,Health Care,Biotechnology: In Vitro & In Vivo Diagnostic Substances
VRCA,Verrica Pharmaceuticals Inc. Common Stock,$5.45,-0.35,-6.034%,93624384.00,United States,2018,401511,Health Care,Biotechnology: Pharmaceutical Preparations
VRDN,Viridian Therapeutics Inc. Common Stock,$26.98,-0.86,-3.089%,2757533286.00,United States,2014,4960692,Health Care,Medical Specialities
VRE,Veris Residential Inc. Common Stock,$18.88,0.04,0.212%,1764494365.00,United States,,5036544,Real Estate,Real Estate Investment Trusts
VREX,Varex Imaging Corporation Common Stock,$10.66,-0.43,-3.877%,446654000.00,United States,,371671,Technology,Industrial Machinery/Components
VRM,Vroom Inc. Common Stock,$11.82,-0.04,-0.337%,61459508.00,United States,,22194,Consumer Discretionary,Retail-Auto Dealers and Gas Stations
VRME,VerifyMe Inc. Common Stock,$0.8874,-0.0026,-0.292%,11042068.00,United States,,101217,Technology,EDP Services
VRNS,Varonis Systems Inc. Common Stock,$23.72,-0.30,-1.249%,2785860061.00,United States,2014,5751872,Technology,Computer Software: Prepackaged Software
VRRM,Verra Mobility Corporation Class A Common Stock,$14.34,-0.17,-1.172%,2170530492.00,United States,2017,3083954,Consumer Discretionary,Transportation Services
VRSK,Verisk Analytics Inc. Common Stock,$201.75,0.06,0.03%,27829775904.00,United States,2009,2004338,Industrials,Diversified Commercial Services
VRSN,VeriSign Inc. Common Stock,$240.78,1.13,0.472%,22079526000.00,United States,1998,1905042,Technology,EDP Services
VRT,Vertiv Holdings LLC Class A Common Stock,$255.88,-13.29,-4.937%,97899294968.00,United States,2018,87814113,Technology,Industrial Machinery/Components
VRTS,Virtus Investment Partners Inc. Common Stock,$126.55,-2.63,-2.036%,847317423.00,United States,,269901,Finance,Investment Managers
VRTX,Vertex Pharmaceuticals Incorporated Common Stock,$454.00,-4.05,-0.884%,115331522260.00,United States,1991,2200151,Health Care,Biotechnology: Pharmaceutical Preparations
VS,Versus Systems Inc. Common Stock,$1.10,0.01,0.917%,5391845.00,Canada,,5659,Technology,EDP Services
VSA,VisionSys AI Inc. American Depositary Shares,$0.6441,-0.027,-4.023%,715968.00,China,2014,58558,Real Estate,Other Consumer Services
VSAT,ViaSat Inc. Common Stock,$46.39,-5.73,-10.994%,6301218692.00,United States,1996,4675815,Technology,Radio And Television Broadcasting And Communications Equipment
VSCO,Victorias Secret & Co. Common Stock ,$44.86,-3.49,-7.218%,3600863931.00,United States,2021,3646486,Consumer Discretionary,Clothing/Shoe/Accessory Stores
VSEC,VSE Corporation Common Stock,$177.33,-5.52,-3.019%,4975062841.00,United States,,5698560,Consumer Discretionary,Military/Government/Technical
VSECU,VSE Corporation Tangible Equity Units,$47.43,-1.74,-3.539%,0.00,United States,,144948,,
VSEE,VSee Health Inc. Common Stock,$0.2582,0.0022,0.859%,10387604.00,United States,2021,685822,Health Care,Medical/Nursing Services
VSH,Vishay Intertechnology Inc. Common Stock,$16.65,-1.08,-6.091%,2260974096.00,United States,,2991999,Technology,Electrical Products
VSME,VS Media Holdings Limited Class A Ordinary Shares,$1.12,0.03,2.752%,3080766.00,Singapore,2023,15866,Consumer Discretionary,Publishing
VSNT,Versant Media Group Inc. Class A Common Stock ,$36.23,0.73,2.056%,5223228958.00,United States,,6008772,Industrials,Broadcasting
VST,Vistra Corp. Common Stock,$146.02,-21.35,-12.756%,49434967618.00,United States,,11076954,Utilities,Electric Utilities: Central
VSTD,Vestand Inc. Class A Common Stock,$0.33,0.0005,0.152%,4694243.00,United States,2022,132609,Consumer Discretionary,Restaurants
VSTM,Verastem Inc. Common Stock,$5.53,-0.29,-4.983%,485728136.00,United States,2012,3828419,Health Care,Biotechnology: Pharmaceutical Preparations
VSTS,Vestis Corporation Common Stock,$7.25,-0.13,-1.762%,956629801.00,United States,2023,5586253,Consumer Discretionary,Consumer Specialties
VTAK,Catheter Precision Inc. Common Stock,$1.23,-0.08,-6.107%,2899266.00,,2018,247700,Health Care,Medical/Dental Instruments
VTEX,VTEX Class A Common Shares,$3.69,-0.11,-2.895%,702441891.00,United Kingdom,2021,1561560,Technology,Computer Software: Prepackaged Software
VTGN,Vistagen Therapeutics Inc. Common Stock,$0.609,-0.0333,-5.184%,24128773.00,United States,,433742,Health Care,Biotechnology: Pharmaceutical Preparations
VTIX,Virtuix Holdings Inc. Class A Common Stock,$8.88,0.30,3.497%,282823089.00,United States,,1506003,Technology,Computer peripheral equipment
VTMX,Corporacion Inmobiliaria Vesta S.A.B de C.V. American Depositary Shares each representing ten (10) Common Shares,$31.55,-1.19,-3.635%,2790554718.00,,2023,90890,Finance,Real Estate
VTN,Invesco Trust for Investment Grade New York Municipals Common Stock,$10.94,-0.24,-2.147%,213176610.00,United States,,27726,Finance,Finance Companies
VTOL,Bristow Group Inc. Common Stock,$44.18,-0.47,-1.053%,1289658380.00,United States,,387594,Consumer Discretionary,Transportation Services
VTR,Ventas Inc. Common Stock,$82.50,-3.05,-3.565%,39184630980.00,United States,,6182892,Real Estate,Real Estate Investment Trusts
VTRS,Viatris Inc. Common Stock,$13.20,-0.30,-2.222%,15198386570.00,United States,,23199442,Health Care,Biotechnology: Pharmaceutical Preparations
VTS,Vitesse Energy Inc. Common Stock,$19.89,0.38,1.948%,791159100.00,United States,2023,1097730,Energy,Oil & Gas Production
VTSI,VirTra Inc. Common Stock,$4.36,0.00,0.00%,49270647.00,United States,,56624,Consumer Discretionary,Miscellaneous manufacturing industries
VTVT,vTv Therapeutics Inc. Class A Common Stock,$36.00,0.03,0.083%,141800220.00,United States,2015,30604,Health Care,Biotechnology: Pharmaceutical Preparations
VUZI,Vuzix Corporation Common Stock,$2.26,0.07,3.196%,187937663.00,United States,,1513738,Technology,Radio And Television Broadcasting And Communications Equipment
VVOS,Vivos Therapeutics Inc. Common Stock,$1.22,-0.06,-4.688%,12770701.00,United States,2020,200605,Health Care,Medical/Dental Instruments
VVR,Invesco Senior Income Trust Common Stock (DE),$3.10,0.07,2.31%,0.00,United States,1998,2642331,Finance,Trusts Except Educational Religious and Charitable
VVV,Valvoline Inc. Common Stock,$32.74,-0.08,-0.244%,4168320143.00,United States,2016,2192442,Industrials,Major Chemicals
VVX,V2X Inc. Common Stock,$68.05,0.04,0.059%,2121352932.00,United States,2014,1573341,Consumer Discretionary,Diversified Commercial Services
VWAV,VisionWave Holdings Inc. Common Stock,$6.62,-0.71,-9.686%,109339912.00,United States,,528777,Technology,Computer Software: Prepackaged Software
VWAVW,VisionWave Holdings Inc. Warrant,$1.20,-0.35,-22.581%,19819924.00,United States,,21275,Technology,Computer Software: Prepackaged Software
VYGR,Voyager Therapeutics Inc. Common Stock,$3.845,0.105,2.807%,229159597.00,United States,2015,580607,Health Care,Biotechnology: Biological Products (No Diagnostic Substances)
VYNE,VYNE Therapeutics Inc. Common Stock,$0.63,0.0054,0.865%,20993598.00,United States,2018,281221,Health Care,Biotechnology: Pharmaceutical Preparations
VYX,NCR Voyix Corporation Common Stock,$6.50,-0.11,-1.664%,903573866.00,United States,,4322856,Miscellaneous,Office Equipment/Supplies/Services
VZ,Verizon Communications Inc. Common Stock,$49.98,0.50,1.011%,210799854717.00,United States,,67310319,Telecommunications,Telecommunications Equipment
VZLA,Vizsla Silver Corp. Common Shares,$3.00,-0.22,-6.832%,1048496505.00,Canada,2024,7050907,Basic Materials,Precious Metals
W,Wayfair Inc. Class A Common Stock,$72.35,-3.92,-5.14%,9459607816.00,United States,2014,3683110,Consumer Discretionary,Catalog/Specialty Distribution
WAB,Westinghouse Air Brake Technologies Corporation Common Stock,$236.06,-1.08,-0.455%,40252287871.00,United States,,1319795,Industrials,Railroads
WABC,Westamerica Bancorporation Common Stock,$49.61,-0.77,-1.528%,1200036332.00,United States,,927008,Finance,Major Banks
WAFD,WaFd Inc. Common Stock,$31.08,0.01,0.032%,2357832421.00,United States,,2700236,Finance,Major Banks
WAFDP,WaFd Inc. Depositary Shares,$16.24,-0.12,-0.733%,1232020544.00,United States,,11781,Finance,Major Banks
WAFU,Wah Fu Education Group Limited Ordinary Shares,$1.56,-0.0901,-5.46%,6880472.00,China,2019,6784,Real Estate,Other Consumer Services
WAI,Top KingWin Ltd Class A Ordinary Shares,$2.3199,0.0798,3.562%,3842040.00,China,2023,4708,Real Estate,Real Estate
WAL,Western Alliance Bancorporation Common Stock (DE),$67.04,-0.31,-0.46%,7366297344.00,United States,2005,2618144,Finance,Major Banks
WAL^A,Western Alliance Bancorporation Depositary Shares Each Representing a 1/400th Interest in a Share of 4.250% Fixed-Rate Non-Cumulative Perpetual Preferred Stock Series A,$22.63,-0.35,-1.523%,,United States,,24795,,
WALD,Waldencast plc Class A Ordinary Share,$1.185,-0.145,-10.902%,151987948.00,United States,2021,309122,Consumer Discretionary,Package Goods/Cosmetics
WALDW,Waldencast plc Warrant ,$0.037,0.0031,9.145%,4745615.00,United States,2021,80535,Consumer Discretionary,Package Goods/Cosmetics
WASH,Washington Trust Bancorp Inc. Common Stock,$32.13,-0.09,-0.279%,611753529.00,United States,,404506,Finance,Major Banks
WAT,Waters Corporation Common Stock,$298.99,-0.58,-0.194%,29331478410.00,United States,1995,1980768,Industrials,Biotechnology: Laboratory Analytical Instruments
WATT,Energous Corporation Common Stock,$18.04,3.76,26.331%,39239471.00,United States,2014,1526688,Technology,Radio And Television Broadcasting And Communications Equipment
WAVE,Eco Wave Power Global AB (publ) American Depositary Shares,$6.31,-0.19,-2.923%,294786213.00,Israel,2021,36878,Utilities,Electric Utilities: Central
WAY,Waystar Holding Corp. Common Stock,$24.07,-0.71,-2.865%,4613775919.00,United States,2024,4683087,Technology,EDP Services
WB,Weibo Corporation American Depositary Share,$8.66,-0.12,-1.367%,2120186925.00,China,2014,1901484,Technology,Computer Software: Programming Data Processing
WBD,Warner Bros. Discovery Inc. Series A Common Stock ,$27.42,-0.21,-0.76%,67999667301.00,United States,,52489365,Consumer Discretionary,Services-Misc. Amusement & Recreation
WBI,WaterBridge Infrastructure LLC Class A Shares Representing Limited Liability Company Interests,$25.68,-0.03,-0.117%,3170324400.00,,2025,1186121,Energy,Oilfield Services/Equipment
WBS,Webster Financial Corporation Common Stock,$67.80,-0.94,-1.367%,10931162463.00,United States,,5199372,Finance,Major Banks
WBS^F,Webster Financial Corporation Depositary Shares Each Representing 1/1000th Interest in a Share of 5.25% Series F Non-Cumulative Perpetual Preferred Stock,$20.18,-0.38,-1.848%,,United States,,7992,,
WBS^G,Webster Financial Corporation Depositary Shares each representing a 1/40th interest in a share of 6.50% Series G non-cumulative perpetual preferred stock,$23.89,-0.30,-1.24%,,United States,,4459,,
WBTN,WEBTOON Entertainment Inc. Common stock,$8.58,-0.19,-2.166%,1145282587.00,United States,2024,694424,Consumer Discretionary,Publishing
WBUY,WEBUY GLOBAL LTD. Class A Ordinary Shares,$0.9599,-0.0201,-2.051%,1963523.00,Singapore,2023,25243,Consumer Discretionary,Other Specialty Stores
WBX,Wallbox N.V. Class A Ordinary Shares,$2.57,-0.03,-1.154%,41962947.00,Spain,,11617,Consumer Discretionary,Industrial Specialties
WCC,WESCO International Inc. Common Stock,$250.02,-8.02,-3.108%,12166451988.00,United States,1999,965187,Consumer Discretionary,Telecommunications Equipment
WCN,Waste Connections Inc. Common Shares,$162.59,-2.24,-1.359%,41951372458.00,Canada,,1169053,Utilities,Environmental Services
WCT,Wellchange Holdings Company Limited Class A Ordinary shares,$2.9068,-0.4932,-14.506%,8910214.00,Hong Kong,2024,9553,Technology,Computer Software: Prepackaged Software
WD,Walker & Dunlop Inc Common Stock,$43.82,-0.81,-1.815%,1492526597.00,United States,2010,583991,Finance,Finance: Consumer Services
WDAY,Workday Inc. Class A Common Stock,$135.96,2.58,1.934%,34941720000.00,United States,,9232479,Technology,EDP Services
WDC,Western Digital Corporation Common Stock,$293.10,-23.83,-7.519%,99372014938.00,United States,,12853302,Technology,Electronic Components
WDFC,WD-40 Company Common Stock,$213.83,-1.93,-0.895%,2883775957.00,United States,1973,401850,Industrials,Major Chemicals
WDH,Waterdrop Inc. American Depositary Shares (each representing the right to receive 10 Class A Ordinary Shares),$1.63,-0.03,-1.807%,589509891.00,Cayman Islands,2021,249750,Finance,Specialty Insurers
WDI,Western Asset Diversified Income Fund Common Shares of Beneficial Interest,$13.12,-0.20,-1.502%,0.00,United States,2021,214433,Finance,Trusts Except Educational Religious and Charitable
WDS,Woodside Energy Group Limited American Depositary Shares each representing one Ordinary Share,$24.14,-0.33,-1.349%,45892557452.00,Australia,2022,1838955,Energy,Oil & Gas Production
WEA,Western Asset Bond Fund Share of Beneficial Interest,$10.58,-0.17,-1.581%,0.00,United States,2002,17699,Finance,Trusts Except Educational Religious and Charitable
WEAV,Weave Communications Inc. Common Stock,$4.75,-0.02,-0.419%,373580902.00,United States,2021,2300520,Technology,Computer Software: Prepackaged Software
WEC,WEC Energy Group Inc. Common Stock,$112.18,-3.46,-2.992%,35795426680.00,United States,,3786446,Utilities,Power Generation
WELL,Welltower Inc. Common Stock,$195.94,-10.15,-4.925%,136717630728.00,United States,,9164948,Real Estate,Real Estate Investment Trusts
WEN,Wendy's Company (The) Common Stock,$7.09,0.03,0.425%,1349656349.00,United States,,16805324,Consumer Discretionary,Restaurants
WENN,Wen Acquisition Corp Class A Ordinary Shares,$10.20,0.02,0.196%,0.00,United States,2025,119031,,
WENNW,Wen Acquisition Corp Warrant,$0.37,-0.0461,-11.079%,0.00,United States,2025,4019,Finance,Blank Checks
WERN,Werner Enterprises Inc. Common Stock,$27.17,0.01,0.037%,1626651734.00,United States,1986,1666404,Industrials,Trucking Freight/Courier Services
WES,Western Midstream Partners LP Common Units Representing Limited Partner Interests,$41.66,0.33,0.798%,16400185300.00,United States,2012,4795460,Utilities,Natural Gas Distribution
WEST,Westrock Coffee Company Common Stock,$4.24,-0.09,-2.079%,410767435.00,United States,,581213,Consumer Staples,Beverages (Production/Distribution)
WETH,Wetouch Technology Inc. Common Stock,$1.34,-0.05,-3.597%,15988256.00,China,,12709,Technology,Computer peripheral equipment
WETO,Wetour Robotics Limited Ordinary Shares,$0.79,0.098,14.162%,17380000.00,China,2025,1591996,Industrials,Other Transportation
WEX,WEX Inc. common stock,$156.89,5.20,3.428%,5382992858.00,United States,,845898,Real Estate,Real Estate
WEYS,Weyco Group Inc. Common Stock,$31.79,-1.10,-3.344%,303006671.00,United States,,27028,Consumer Staples,Apparel
WF,Woori Financial Group Inc. American Depositary Shares (each representing three (3) shares of Common Stock),$66.25,-0.69,-1.031%,16370100195.00,South Korea,,138750,Finance,Commercial Banks
WFC,Wells Fargo & Company Common Stock,$77.60,1.21,1.584%,239445325742.00,United States,,40448211,Finance,Major Banks
WFC^A,Wells Fargo & Company Depositary Shares each representing a 1/1000th interest in a share of Non-Cumulative Perpetual Class A Preferred Stock Series AA,$18.6657,-0.2843,-1.50%,,United States,,106196,,
WFC^C,Wells Fargo & Company Depositary Shares each representing a 1/1000th interest in a share of Non-Cumulative Perpetual Class A Preferred Stock Series CC,$17.35,-0.29,-1.644%,,United States,,92448,,
WFC^D,Wells Fargo & Company Depositary Shares each representing a 1/1000th interest in  a share of Non-Cumulative Perpetual Class A Preferred Stock Series DD,$17.10,-0.36,-2.062%,,United States,,82482,,
WFC^L,Wells Fargo & Company 7.50% Non-Cumulative Perpetual Convertible Class A Preferred Stock Series L,$1166.00,-9.00,-0.766%,,United States,,7802,,
WFC^Y,Wells Fargo & Company Depositary Shares each representing a 1/1000th interest in a share of Non-Cumulative Perpetual Class A Preferred Stock Series Y,$23.69,-0.32,-1.333%,,United States,,40590,,
WFC^Z,Wells Fargo & Company Depositary Shares each representing a 1/1000th interest in a share of Non-Cumulative Perpetual Class A Preferred Stock Series Z,$18.87,-0.34,-1.77%,,United States,,232118,,
WFCF,Where Food Comes From Inc. Common Stock,$13.02,1.2631,10.743%,65756924.00,United States,,11582,Technology,Computer Software: Prepackaged Software
WFF,WF Holding Limited Ordinary Shares,$0.41,-0.004,-0.966%,10229500.00,Malaysia,2025,12864,Consumer Discretionary,Miscellaneous manufacturing industries
WFG,West Fraser Timber Co. Ltd Common stock,$59.96,-0.59,-0.974%,4694857327.00,,2021,654157,Basic Materials,Forest Products
WFRD,Weatherford International plc Ordinary Shares,$86.14,-1.37,-1.566%,6177753461.00,United States,,2739228,Consumer Discretionary,Oil and Gas Field Machinery
WGO,Winnebago Industries Inc. Common Stock,$33.41,0.32,0.967%,942851115.00,United States,,1294808,Industrials,Homebuilding
WGRX,Wellgistics Health Inc. Common Stock,$0.137,0.0171,14.262%,12292911.00,United States,2025,2795339,Health Care,Other Pharmaceuticals
WGS,GeneDx Holdings Corp. Class A Common Stock,$69.84,-3.16,-4.329%,2045525532.00,United States,2020,661103,Technology,Retail: Computer Software & Peripheral Equipment
WGSWW,GeneDx Holdings Corp. Warrant,$0.0138,0.0048,53.333%,404185.00,United States,2020,102604,Technology,Retail: Computer Software & Peripheral Equipment
WH,Wyndham Hotels & Resorts Inc. Common Stock ,$76.19,-2.88,-3.642%,5725590424.00,United States,2018,1410866,Consumer Discretionary,Hotels/Resorts
WHD,Cactus Inc. Class A Common Stock,$45.58,0.64,1.424%,3639940220.00,United States,2018,1697935,Consumer Discretionary,Oil and Gas Field Machinery
WHF,WhiteHorse Finance Inc. Common Stock,$7.05,-0.26,-3.557%,156750017.00,United States,,111545,Finance,Finance Companies
WHFCL,WhiteHorse Finance Inc. 7.875% Notes due 2028,$25.13,-0.0001,0.00%,584098801.00,United States,,5353,,
WHG,Westwood Holdings Group Inc Common Stock,$15.98,0.64,4.172%,151617809.00,United States,,49903,Finance,Investment Managers
WHLR,Wheeler Real Estate Investment Trust Inc. Common Stock,$1.06,-0.11,-9.402%,1520022.00,United States,2012,95302,Real Estate,Real Estate Investment Trusts
WHLRD,Wheeler Real Estate Investment Trust Inc. Series D Cumulative Preferred Stock,$37.18,-0.07,-0.188%,53315488.00,United States,,3689,Real Estate,Real Estate Investment Trusts
WHLRL,Wheeler Real Estate Investment Trust Inc. 7.00% Senior Subordinated Convertible Notes Due 2031,$80.00,0.00,0.00%,114718640.00,United States,,6,Real Estate,Real Estate Investment Trusts
WHLRP,Wheeler Real Estate Investment Trust Inc. Class B Preferred Stock,$7.48,-0.0225,-0.30%,10726193.00,United States,,1542,Real Estate,Real Estate Investment Trusts
WHR,Whirlpool Corporation Common Stock,$52.26,-1.98,-3.65%,2954788239.00,United States,,5643226,Consumer Discretionary,Consumer Electronics/Appliances
WHR^A,Whirlpool Corporation Depositary Shares each representing a 1/20th interest in a share of 8.50% Series A Mandatory Convertible Preferred Stock,$40.29,-1.32,-3.172%,,United States,,49410,,
WHWK,Whitehawk Therapeutics Inc. Common Stock,$3.59,0.00,0.00%,169435665.00,United States,,281146,Health Care,Biotechnology: Pharmaceutical Preparations
WIA,Western Asset Inflation-Linked Income Fund,$8.04,-0.09,-1.107%,0.00,United States,2003,45646,Finance,Trusts Except Educational Religious and Charitable
WILC,G. Willi-Food International  Ltd. Ordinary Shares,$25.86,-0.64,-2.415%,358601060.00,Israel,,1185,Consumer Discretionary,Food Distributors
WIMI,WiMi Hologram Cloud Inc. Class B Ordinary Shares,$1.64,-0.09,-5.202%,8053061.00,China,2020,63563,Technology,Computer Software: Prepackaged Software
WINA,Winmark Corporation Common Stock,$402.79,-1.52,-0.376%,1440949405.00,United States,,100478,Consumer Discretionary,Other Specialty Stores
WING,Wingstop Inc. Common Stock,$187.79,0.50,0.267%,5161327400.00,United States,2015,1162662,Consumer Discretionary,Restaurants
WIT,Wipro Limited Common Stock,$2.15,-0.04,-1.826%,22515092505.00,India,,14875708,Technology,EDP Services
WIW,Western Asset Inflation-Linked Opportunities & Income Fund,$8.48,-0.06,-0.703%,0.00,United States,2004,224653,Finance,Finance Companies
WIX,Wix.com Ltd. Ordinary Shares,$88.43,-1.27,-1.416%,4867846269.00,Israel,2013,2520210,Technology,Computer Software: Programming Data Processing
WK,Workiva Inc. Class A Common Stock,$60.74,-0.84,-1.364%,3452136034.00,United States,2014,922860,Technology,Computer Software: Prepackaged Software
WKC,World Kinect Corporation Common Stock,$22.64,0.03,0.133%,1160956334.00,United States,,3338288,Energy,Oil Refining/Marketing
WKEY,WISeKey International Holding Ltd American Depositary Shares,$6.11,-0.36,-5.564%,55661819.00,Switzerland,,107334,Technology,EDP Services
WKHS,Workhorse Group Inc. Common Stock,$3.24,0.13,4.18%,7030048.00,United States,,230281,Industrials,Auto Manufacturing
WKSP,Worksport Ltd. Common Stock,$1.25,-0.07,-5.303%,12268581.00,Canada,,303996,Consumer Discretionary,Auto Parts:O.E.M.
WLAC,Willow Lane Acquisition Corp. Class A Ordinary Shares,$10.98,-0.02,-0.182%,0.00,United States,2024,125301,Finance,Blank Checks
WLACU,Willow Lane Acquisition Corp. Unit,$12.00,0.00,0.00%,0.00,United States,2024,10,Finance,Blank Checks
WLACW,Willow Lane Acquisition Corp. Warrants,$3.03,-0.02,-0.656%,0.00,United States,2024,75052,Finance,Blank Checks
WLDN,Willdan Group Inc. Common Stock,$75.52,0.09,0.119%,1117402227.00,United States,2006,317633,Consumer Discretionary,Military/Government/Technical
WLDS,Wearable Devices Ltd. Ordinary Share,$1.40,0.00,0.00%,4943506.00,Israel,2022,57675,Telecommunications,Computer Communications Equipment
WLDSW,Wearable Devices Ltd. Warrant,$3.22,0.00,0.00%,11370065.00,Israel,2022,9,Telecommunications,Computer Communications Equipment
WLFC,Willis Lease Finance Corporation Common Stock,$170.54,0.01,0.006%,1157351292.00,United States,1996,85854,Consumer Discretionary,Industrial Specialties
WLIIU,Willow Lane Acquisition Corp. II Unit,$10.20,0.01,0.098%,0.00,United States,2026,1101,,
WLK,Westlake Corporation Common Stock,$106.12,-5.11,-4.594%,13573845069.00,United States,2004,1522253,Industrials,Major Chemicals
WLKP,Westlake Chemical Partners LP Common Units representing limited partner interests,$22.22,-0.23,-1.024%,783163431.00,United States,2014,16017,Industrials,Major Chemicals
WLTH,Wealthfront Corporation Common Stock,$8.12,0.31,3.969%,1218977510.00,United States,2025,8471296,Finance,Finance: Consumer Services
WLY,John Wiley & Sons Inc. Common Stock,$36.17,-0.26,-0.714%,1856352765.00,United States,,1248493,Consumer Discretionary,Books
WLYB,John Wiley & Sons Inc. Common Stock,$33.50,-3.21,-8.744%,1719320366.00,United States,,16065,Consumer Discretionary,Books
WM,Waste Management Inc. Common Stock,$231.24,-2.59,-1.108%,93267365998.00,United States,,2526599,Utilities,Environmental Services
WMB,Williams Companies Inc. (The) Common Stock,$72.41,-1.65,-2.228%,88545183876.00,United States,,12676230,Utilities,Natural Gas Distribution
WMG,Warner Music Group Corp. Class A Common Stock,$23.89,-0.01,-0.042%,12478849954.00,United States,2020,3269107,Consumer Discretionary,Services-Misc. Amusement & Recreation
WMK,Weis Markets Inc. Common Stock,$66.21,-0.15,-0.226%,1638339767.00,United States,,244218,Consumer Staples,Food Chains
WMS,Advanced Drainage Systems Inc. Common Stock,$132.19,-2.46,-1.827%,10297017381.00,United States,2014,1445213,Consumer Discretionary,Containers/Packaging
WMT,Walmart Inc. Common Stock,$119.02,-1.8225,-1.508%,948875345669.00,United States,,57536022,Consumer Discretionary,Department/Specialty Retail Stores
WNC,Wabash National Corporation Common Stock,$7.92,0.06,0.763%,320256581.00,United States,1991,843626,Industrials,Construction/Ag Equipment/Trucks
WNEB,Western New England Bancorp Inc. Common Stock,$12.44,-0.09,-0.718%,252041839.00,United States,,120092,Finance,Savings Institutions
WNW,Meiwu Technology Company Limited Ordinary Shares,$0.149,0.0287,23.857%,7992860.00,China,2020,328831507,Consumer Discretionary,Catalog/Specialty Distribution
WOK,WORK Medical Technology Group LTD Class A Ordinary Shares,$1.11,-0.02,-1.77%,1914310.00,China,2024,13293,Health Care,Medical/Dental Instruments
WOLF,Wolfspeed Inc. Common Stock New,$16.32,-0.74,-4.338%,735846132.00,United States,2025,3273480,Technology,Semiconductors
WOOF,Petco Health and Wellness Company Inc. Class A Common Stock,$2.92,-0.20,-6.41%,940667564.00,United States,2021,5941062,Consumer Discretionary,Other Specialty Stores
WOR,Worthington Enterprises Inc. Common Shares,$47.64,-0.35,-0.729%,2360399119.00,United States,,563910,Industrials,Steel/Iron Ore
WORX,SCWorx Corp. Common Stock,$0.135,-0.0023,-1.675%,2136623.00,United States,2016,1657595,Consumer Discretionary,Services-Misc. Amusement & Recreation
WPAC,White Pearl Acquisition Corp. Class A Ordinary Shares,$9.89,0.01,0.101%,0.00,,2026,206,Finance,Blank Checks
WPC,W. P. Carey Inc. REIT,$67.55,-1.83,-2.638%,14804906548.00,United States,,2671380,Real Estate,Real Estate Investment Trusts
WPM,Wheaton Precious Metals Corp Common Shares (Canada),$114.62,-6.63,-5.468%,52041716126.00,Canada,,5930337,Basic Materials,Precious Metals
WPP,WPP plc American Depositary Shares,$15.11,-0.04,-0.264%,3260140732.00,Ireland,,596889,Consumer Discretionary,Advertising
WPRT,Westport Fuel Systems Inc Common Shares,$1.865,-0.08,-4.113%,32359624.00,Canada,2008,54343,Industrials,Industrial Machinery/Components
WRAP,Wrap Technologies Inc. Common Stock,$1.46,-0.05,-3.311%,79572391.00,United States,,320012,Industrials,Ordnance And Accessories
WRB,W.R. Berkley Corporation Common Stock,$65.74,-0.48,-0.725%,24619028873.00,United States,,8514251,Finance,Property-Casualty Insurers
WRB^E,W.R. Berkley Corporation 5.70% Subordinated Debentures due 2058,$21.26,-0.26,-1.208%,,United States,,7280,,
WRB^F,W.R. Berkley Corporation 5.10% Subordinated Debentures due 2059,$19.07,-0.21,-1.089%,,United States,,33171,,
WRB^G,W.R. Berkley Corporation 4.25% Subordinated Debentures due 2060,$16.43,-0.22,-1.321%,,United States,,6748,,
WRB^H,W.R. Berkley Corporation 4.125% Subordinated Debentures due 2061,$15.92,-0.255,-1.577%,,United States,,7530,,
WRBY,Warby Parker Inc. Class A Common Stock,$22.69,-1.68,-6.894%,2778340060.00,United States,2021,3301666,Health Care,Ophthalmic Goods
WRD,WeRide Inc. American Depositary Shares,$6.35,0.12,1.926%,1806758547.00,China,2024,25126414,Technology,EDP Services
WRLD,World Acceptance Corporation Common Stock,$130.85,-2.44,-1.831%,645990617.00,United States,1991,296851,Finance,Finance: Consumer Services
WRN,Western Copper and Gold Corporation Common Stock,$2.32,-0.05,-2.11%,468770908.00,Canada,2011,2177127,Basic Materials,Metal Mining
WS,Worthington Steel Inc. Common Shares,$31.55,0.19,0.606%,1602917784.00,United States,2023,1434403,Industrials,Steel/Iron Ore
WSBC,WesBanco Inc. Common Stock,$33.12,-0.09,-0.271%,3183264514.00,United States,,967670,Finance,Major Banks
WSBCO,WesBanco Inc. Depositary Shares each representing 1/40th interest in a share of 7.375% Fixed-Rate Reset Non-Cumulative Perpetual Preferred Stock Series B,$25.25,-0.1726,-0.679%,2426854740.00,United States,,47968,Finance,Major Banks
WSBF,Waterstone Financial Inc. Common Stock (MD),$17.80,-0.04,-0.224%,326806754.00,United States,2005,162781,Finance,Savings Institutions
WSBK,Winchester Bancorp Inc. Common Stock,$12.23,-0.64,-4.973%,0.00,United States,2025,36896,,
WSC,WillScot Holdings Corporation Class A Common Stock,$17.03,0.04,0.235%,3079951079.00,United States,2015,4131004,Industrials,Misc Corporate Leasing Services
WSFS,WSFS Financial Corporation Common Stock,$63.62,0.16,0.252%,3354820783.00,United States,,1493530,Finance,Major Banks
WSHP,WeShop Holdings Limited Class A Ordinary Shares,$11.67,1.39,13.521%,273587781.00,Jersey,,75276,Consumer Discretionary,Other Specialty Stores
WSM,Williams-Sonoma Inc. Common Stock (DE),$178.42,-4.16,-2.278%,21299906457.00,United States,,3121500,Consumer Discretionary,Home Furnishings
WSO,Watsco Inc. Common Stock,$373.24,-9.89,-2.581%,15154621171.00,United States,,1440806,Consumer Discretionary,Industrial Machinery/Components
WSO/B,Watsco Inc.,$368.33,0.00,0.00%,,United States,,31,,
WSR,Whitestone REIT Common Shares,$16.06,-0.21,-1.291%,825351248.00,United States,2010,815320,Real Estate,Real Estate Investment Trusts
WST,West Pharmaceutical Services Inc. Common Stock,$237.03,-3.30,-1.373%,17085504018.00,United States,,1187079,Health Care,Medical/Dental Instruments
WSTN,Westin Acquisition Corp Class A Ordinary Share,$9.99,-0.01,-0.10%,80469450.00,Singapore,2025,3432,,
WSTNR,Westin Acquisition Corp Right,$0.21,0.0299,16.602%,1691550.00,Singapore,2025,500,,
WSTNU,Westin Acquisition Corp Units,$10.14,0.01,0.099%,0.00,Singapore,2026,206,,
WT,WisdomTree Inc. Common Stock,$13.24,-0.62,-4.473%,1875005082.00,United States,2022,3226006,Finance,Investment Bankers/Brokers/Service
WTBA,West Bancorporation Common Stock,$22.75,-0.27,-1.173%,385402859.00,United States,,107244,Finance,Major Banks
WTF,Waton Financial Limited Ordinary Shares,$3.20,0.03,0.946%,154359910.00,Hong Kong,2025,10997,Finance,Investment Bankers/Brokers/Service
WTFC,Wintrust Financial Corporation Common Stock,$132.53,-0.69,-0.518%,8915357642.00,United States,,1329269,Finance,Major Banks
WTFCN,Wintrust Financial Corporation Depositary Shares Each Representing a 1/1000th Interest in a Share of 7.875% Fixed-Rate Reset Non-Cumulative Perpetual Preferred StocK,$25.77,-0.57,-2.164%,1733560450.00,United States,,20424,Finance,Major Banks
WTG,Wintergreen Acquisition Corp. Ordinary Shares,$10.26,0.00,0.00%,0.00,China,2025,9,Finance,Blank Checks
WTGUR,Wintergreen Acquisition Corp. Rights,$0.15,0.01,7.143%,0.00,China,2025,57800,Finance,Blank Checks
WTI,W&T Offshore Inc. Common Stock,$3.10,0.09,2.99%,461210864.00,United States,2005,10551424,Energy,Oil & Gas Production
WTM,White Mountains Insurance Group Ltd. Common Stock,$2155.01,-26.15,-1.199%,5316528196.00,United States,,22603,Finance,Property-Casualty Insurers
WTO,UTime Limited Class A Ordinary Shares,$2.65,-0.17,-6.028%,4484990.00,China,2021,12421,Technology,Consumer Electronics/Appliances
WTRG,Essential Utilities Inc. Common Stock,$39.93,-0.54,-1.334%,11312316621.00,United States,,4936832,Utilities,Water Supply
WTS,Watts Water Technologies Inc. Class A Common Stock,$289.56,-3.84,-1.309%,9653908973.00,United States,1986,466152,Industrials,Metal Fabrications
WTTR,Select Water Solutions Inc. Class A common stock,$14.41,-0.22,-1.504%,1946605615.00,United States,2017,1926451,Energy,Oilfield Services/Equipment
WTW,Willis Towers Watson Public Limited Company Ordinary Shares,$291.25,4.03,1.403%,27536494249.00,United Kingdom,,943299,Finance,Specialty Insurers
WU,Western Union Company (The) Common Stock,$9.02,-0.16,-1.743%,2827362377.00,United States,,22780023,Real Estate,Real Estate
WULF,TeraWulf Inc. Common Stock,$15.10,-0.64,-4.066%,6403428688.00,United States,,30721131,Technology,EDP Services
WVE,Wave Life Sciences Ltd. Ordinary Shares,$11.76,-0.36,-2.97%,2213878259.00,Singapore,2015,5817094,Health Care,Biotechnology: Pharmaceutical Preparations
WVVI,Willamette Valley Vineyards Inc. Common Stock,$2.50,-0.19,-7.063%,12411323.00,United States,,8017,Consumer Staples,Beverages (Production/Distribution)
WVVIP,Willamette Valley Vineyards Inc. Series A Redeemable Preferred Stock,$2.98,-0.04,-1.325%,14794296.00,United States,,17051,Consumer Staples,Beverages (Production/Distribution)
WW,WW International Inc.  Common Stock,$17.67,-1.08,-5.76%,176637590.00,United States,,264896,Consumer Discretionary,Other Consumer Services
WWD,Woodward Inc. Common Stock,$353.35,-14.64,-3.978%,21065267311.00,United States,,1271383,Energy,Industrial Machinery/Components
WWR,Westwater Resources Inc. Common Stock,$0.6503,-0.0724,-10.018%,76728548.00,United States,,2257557,Basic Materials,Metal Mining
WWW,Wolverine World Wide Inc. Common Stock,$15.89,-0.61,-3.697%,1292099910.00,United States,,2127111,Consumer Discretionary,Shoe Manufacturing
WXM,WF International Limited Ordinary Shares,$0.47,-0.01,-2.083%,4051723.00,China,2025,15672,Consumer Discretionary,Engineering & Construction
WY,Weyerhaeuser Company Common Stock,$22.47,-0.49,-2.134%,16193342550.00,United States,,8903184,Real Estate,Real Estate Investment Trusts
WYFI,WhiteFiber Inc. Ordinary Shares,$13.85,-1.28,-8.46%,529900848.00,United States,2025,799781,Finance,Finance: Consumer Services
WYHG,Wing Yip Food Holdings Group Limited American Depositary Shares,$0.4205,-0.0296,-6.576%,21164155.00,China,2024,16375,Consumer Staples,Specialty Foods
WYNN,Wynn Resorts Limited Common stock,$99.98,-3.18,-3.083%,10426243434.00,United States,2002,2186036,Consumer Discretionary,Hotels/Resorts
WYY,WidePoint Corporation Common Stock,$5.10,0.41,8.742%,50444110.00,United States,,54513,Technology,EDP Services
XAIR,Beyond Air Inc. Common Stock,$0.7889,0.0089,1.141%,8306599.00,United States,,173933,Health Care,Medical/Dental Instruments
XBIO,Xenetic Biosciences Inc. Common Stock,$3.26,0.23,7.591%,7468843.00,United States,,33872,Health Care,Biotechnology: Pharmaceutical Preparations
XBIT,XBiotech Inc. Common Stock,$2.39,0.04,1.702%,72865677.00,United States,2015,90253,Health Care,Biotechnology: Pharmaceutical Preparations
XBP,XBP Global Holdings Inc. Common Stock,$3.78,-0.50,-11.682%,44421037.00,United States,2021,43640,Technology,EDP Services
XCBE,X3 Acquisition Corp. Ltd. Class A Ordinary Shares,$9.80,-0.04,-0.407%,0.00,United States,2026,86993,,
XCBEU,X3 Acquisition Corp. Ltd. Unit,$9.98,0.00,0.00%,0.00,United States,2026,27,Finance,Blank Checks
XCBEW,X3 Acquisition Corp. Ltd. Warrant,$0.25,-0.03,-10.714%,0.00,United States,2026,151000,Finance,Blank Checks
XCH,XCHG Limited American Depositary Share,$1.20,-0.07,-5.512%,71341846.00,Germany,2024,37585,Industrials,Electrical Products
XCUR,Exicure Inc. Common Stock,$4.45,-0.30,-6.316%,28363717.00,United States,,85460,Health Care,Biotechnology: Pharmaceutical Preparations
XEL,Xcel Energy Inc. Common Stock,$76.77,-2.76,-3.47%,47895022934.00,United States,,9224333,Utilities,Power Generation
XELB,Xcel Brands Inc. Common Stock,$1.57,0.26,19.847%,9253290.00,United States,,134465,Miscellaneous,Multi-Sector Companies
XELLL,Xcel Energy Inc. 6.25% Junior Subordinated Notes Series due 2085,$24.46,-0.32,-1.291%,0.00,United States,,98227,Utilities,Power Generation
XENE,Xenon Pharmaceuticals Inc. Common Shares,$54.94,-0.23,-0.417%,4570475961.00,Canada,2014,1846483,Health Care,Biotechnology: Pharmaceutical Preparations
XERS,Xeris Biopharma Holdings Inc. Common Stock,$5.44,-0.14,-2.509%,938026218.00,United States,2018,2167726,Health Care,Biotechnology: Pharmaceutical Preparations
XFLH,XFLH Capital Corporation Ordinary Shares,$9.87,0.00,0.00%,0.00,,2026,159528,Finance,Blank Checks
XFLT,XAI Octagon Floating Rate & Alternative Income Trust Common Shares of Beneficial Interest,$3.18,-0.08,-2.454%,112789932.00,United States,2017,860720,Finance,Investment Managers
XFOR,X4 Pharmaceuticals Inc. Common Stock,$4.28,0.11,2.638%,389136299.00,United States,2017,684879,Health Care,Biotechnology: Biological Products (No Diagnostic Substances)
XGN,Exagen Inc. Common Stock,$2.78,-0.19,-6.397%,66867501.00,United States,2019,382107,Health Care,Medical Specialities
XHG,XChange TEC.INC American Depositary Shares ,$0.9888,0.1488,17.714%,50970589.00,China,2019,24790,Finance,Real Estate
XHLD,TEN Holdings Inc. Common Stock,$1.36,0.00,0.00%,5409322.00,United States,2025,48290,Real Estate,Real Estate
XHR,Xenia Hotels & Resorts Inc. Common Stock,$14.27,-0.45,-3.057%,1315036567.00,United States,2015,1406421,Consumer Discretionary,Hotels/Resorts
XIFR,XPLR Infrastructure LP Common Units representing limited partner interests,$9.92,-0.35,-3.408%,932146152.00,United States,2014,628616,Utilities,Electric Utilities: Central
XLO,Xilio Therapeutics Inc. Common Stock,$7.86,0.57,7.819%,41240972.00,United States,2021,107442,Health Care,Biotechnology: Pharmaceutical Preparations
XMTR,Xometry Inc. Class A Common Stock,$39.20,-0.74,-1.853%,2031517421.00,United States,2021,636404,Real Estate,Real Estate
XNCR,Xencor Inc. Common Stock,$12.13,0.01,0.083%,889597727.00,United States,2013,2315328,Health Care,Biotechnology: Pharmaceutical Preparations
XNET,Xunlei Limited American Depositary Shares,$5.83,-0.33,-5.357%,1818145730.00,China,2014,321969,Technology,Computer Software: Prepackaged Software
XOM,Exxon Mobil Corporation Common Stock,$159.67,1.51,0.955%,665307120541.00,United States,,53926255,Energy,Integrated oil Companies
XOMA,XOMA Royalty Corporation Common Stock,$28.71,-0.05,-0.174%,341811269.00,United States,1986,136245,Health Care,Biotechnology: Pharmaceutical Preparations
XOMAO,XOMA Royalty Corporation Depositary Shares Rep Series B 8.375% Cumulative Preferred Stock,$25.33,-0.01,-0.039%,301570165.00,United States,,641,Health Care,Biotechnology: Pharmaceutical Preparations
XOMAP,XOMA Royalty Corporation 8.625% Series A Cumulative Perpetual Preferred Stock,$25.60,-0.15,-0.583%,304784691.00,United States,,323,Health Care,Biotechnology: Pharmaceutical Preparations
XOS,Xos Inc. Common Stock,$2.07,0.15,7.813%,23461777.00,United States,2020,67479,Consumer Discretionary,Auto Parts:O.E.M.
XOSWW,Xos Inc. Warrants,$0.0037,0.00,0.00%,41937.00,United States,2020,933,Consumer Discretionary,Auto Parts:O.E.M.
XP,XP Inc. Class A Common Stock,$18.20,-0.72,-3.805%,9437921657.00,Brazil,2019,5975505,Finance,Investment Bankers/Brokers/Service
XPEL,XPEL Inc. Common Stock,$38.74,0.28,0.728%,1069386049.00,United States,,1002559,Industrials,Industrial Specialties
XPER,Xperi Inc. Common Stock ,$5.65,-0.18,-3.087%,265379376.00,United States,2022,332307,Technology,Computer Software: Prepackaged Software
XPEV,XPeng Inc. American depositary shares each representing two Class A ordinary shares,$17.55,-1.60,-8.355%,16676435816.00,China,2020,14263429,Industrials,Auto Manufacturing
XPL,Solitario Resources Corp. Common Stock,$0.8358,0.013,1.58%,77073286.00,United States,,760015,Basic Materials,Precious Metals
XPO,XPO Inc. Common Stock,$181.85,-5.52,-2.946%,21303246870.00,United States,,2292642,Consumer Discretionary,Transportation Services
XPOF,Xponential Fitness Inc. Class A Common Stock,$5.67,-0.05,-0.874%,278113500.00,United States,2021,557796,Consumer Discretionary,Services-Misc. Amusement & Recreation
XPON,Expion360 Inc. Common Stock,$0.57,-0.032,-5.316%,6182297.00,United States,2022,388522,Miscellaneous,Industrial Machinery/Components
XPRO,Expro Group Holdings N.V. Common Stock,$16.65,-0.10,-0.597%,1894196591.00,United States,2013,2754505,Energy,Oilfield Services/Equipment
XRAY,DENTSPLY SIRONA Inc. Common Stock,$10.95,-0.31,-2.753%,2187255196.00,United States,1987,6346763,Health Care,Medical/Dental Instruments
XRN,Chiron Real Estate Inc. Common Stock,$32.62,-1.71,-4.981%,431720155.00,United States,2016,226633,Real Estate,Real Estate Investment Trusts
XRN^A,Chiron Real Estate Inc. Series A Cumulative Redeemable Preferred Stock,$24.61,-0.17,-0.686%,,United States,,4351,,
XRN^B,Chiron Real Estate Inc. 8.00% Series B Cumulative Redeemable Preferred Stock $0.001 par value per share,$24.70,-0.13,-0.524%,,United States,,14301,,
XRPN,Armada Acquisition Corp. II Class A Ordinary Shares,$10.29,-0.01,-0.097%,0.00,United States,2025,75155,Finance,Blank Checks
XRPNU,Armada Acquisition Corp. II Units,$11.03,0.13,1.193%,0.00,United States,2025,515,Finance,Blank Checks
XRPNW,Armada Acquisition Corp. II Warrant,$0.65,0.00,0.00%,0.00,United States,2025,162220,Finance,Blank Checks
XRTX,XORTX Therapeutics Inc. Common Stock,$0.395,-0.015,-3.659%,2750076.00,Canada,,49787,Health Care,Biotechnology: Pharmaceutical Preparations
XRX,Xerox Holdings Corporation Common Stock,$1.36,-0.11,-7.483%,261201491.00,United States,,4367988,Technology,Computer peripheral equipment
XRXDW,Xerox Holdings Corporation Warrants,$0.09,-0.021,-18.919%,17285393.00,United States,,272980,Technology,Computer peripheral equipment
XSLL,Xsolla SPAC 1 Class A Ordinary Shares,$9.80,-0.01,-0.102%,0.00,United States,2026,4185,Finance,Blank Checks
XSLLU,Xsolla SPAC 1 Units,$9.905,0.00,0.00%,0.00,United States,2026,7008,Finance,Blank Checks
XSLLW,Xsolla SPAC 1 Warrants,$0.15,-0.02,-11.765%,0.00,United States,2026,215240,Finance,Blank Checks
XTIA,XTI Aerospace Inc. Common Stock,$2.16,-0.12,-5.263%,74538999.00,United States,2014,2305516,Technology,EDP Services
XTKG,X3 Holdings Co. Ltd. Class A Ordinary Shares,$1.11,0.04,3.738%,10778071.00,China,2019,174124,Technology,EDP Services
XTLB,XTL Biopharmaceuticals Ltd. American Depositary Shares,$0.59,-0.001,-0.169%,1300043.00,Israel,,13972,Health Care,Biotechnology: Pharmaceutical Preparations
XTNT,Xtant Medical Holdings Inc. Common Stock,$0.6148,0.0258,4.38%,86074607.00,United States,,345736,Health Care,Biotechnology: Biological Products (No Diagnostic Substances)
XWEL,XWELL Inc. Common Stock,$1.23,0.01,0.82%,7093045.00,United States,,269795,Consumer Discretionary,Other Consumer Services
XWIN,XMAX Inc. Common Stock,$7.00,0.35,5.263%,301512589.00,United States,,2384618,Consumer Discretionary,Home Furnishings
XXI,Twenty One Capital Inc. Class A Common Stock,$7.16,0.09,1.273%,4663958930.00,,2025,22579197,Finance,Finance: Consumer Services
XXII,22nd Century Group Inc. Common Stock,$3.57,-0.04,-1.108%,1821332.00,United States,,32384,Health Care, Medicinal Chemicals and Botanical Products 
XYF,X Financial American Depositary Shares each representing six Class A Ordinary Shares,$4.42,-0.01,-0.226%,186565521.00,Cayman Islands,2018,174482,Finance,Finance: Consumer Services
XYL,Xylem Inc. Common Stock New,$120.44,-0.06,-0.05%,29283950818.00,United States,2011,3835546,Industrials,Fluid Controls
XYZ,Block Inc. Class A Common Stock,$59.37,0.38,0.644%,35568329520.00,United States,2015,10013029,Technology,Computer Software: Prepackaged Software
XZO,Exzeo Group Inc. Common Stock,$14.71,-0.81,-5.219%,1337338173.00,,2025,900298,Finance,Property-Casualty Insurers
YAAS,Youxin Technology Ltd Class A Ordinary shares,$0.9739,-0.0361,-3.574%,4517143.00,China,2024,11232,Technology,Computer Software: Prepackaged Software
YALA,Yalla Group Limited American Depositary Shares each representing one Class A Ordinary Share,$6.28,0.06,0.965%,989325157.00,United Arab Emirates,2020,338688,Technology,Computer Software: Programming Data Processing
YB,Yuanbao Inc. American Depositary Shares,$17.92,1.21,7.241%,807922537.00,China,2025,77715,Finance,Specialty Insurers
YCBD,cbdMD Inc. Common Stock,$0.68,-0.041,-5.687%,7136981.00,United States,2017,353745,Consumer Discretionary,Package Goods/Cosmetics
YCY,AA Mission Acquisition Corp. II Class A Ordinary Shares,$10.03,0.00,0.00%,0.00,,2025,873,,
YDDL,One and One Green Technologies. Inc Class A Ordinary Shares,$9.61,-0.25,-2.535%,523745000.00,Philippines,2025,228759,Consumer Discretionary,Industrial Specialties
YDES,YD Bio Limited Ordinary Shares,$5.46,0.04,0.738%,385046620.00,United States,,55346,Health Care,Medical Specialities
YDESW,YD Bio Limited Warrants,$0.5796,-0.1104,-16.00%,40874180.00,United States,,7936,Health Care,Medical Specialities
YDKG,Yueda Digital Holding Class A Ordinary Share,$0.8651,0.0205,2.427%,4794578.00,China,2007,50670,Consumer Discretionary,Advertising
YELP,Yelp Inc. Common Stock,$24.56,0.15,0.615%,1461737839.00,United States,2012,1956057,Consumer Discretionary,Other Consumer Services
YETI,YETI Holdings Inc. Common Stock,$35.50,-0.93,-2.553%,2672027029.00,United States,2018,1559825,Consumer Discretionary,Recreational Games/Products/Toys
YEXT,Yext Inc. Common Stock,$4.74,-0.05,-1.044%,584655907.00,United States,2017,7570522,Technology,EDP Services
YHC,LQR House Inc. Common Stock,$1.08,0.1718,18.917%,23081388.00,United States,2023,1419121,Consumer Staples,Beverages (Production/Distribution)
YHGJ,Yunhong Green CTI Ltd. Common Stock,$2.87,-0.09,-3.041%,7960987.00,United States,,13695,Industrials,Specialty Chemicals
YI,111 Inc. American Depositary Shares,$6.85,0.26,3.945%,59371937.00,China,2018,21849,Consumer Staples,Retail-Drug Stores and Proprietary Stores
YIBO,Planet Image International Limited Class A Ordinary Shares,$1.00,0.0032,0.321%,53881600.00,China,2024,2439,Industrials,Industrial Machinery/Components
YJ,Yunji Inc. American Depository Shares,$1.85,0.18,10.778%,9112249.00,China,2019,3691,Consumer Discretionary,Other Specialty Stores
YMAT,J-Star Holding Co. Ltd. Class A Ordinary Shares,$0.331,-0.049,-12.895%,5631266.00,Taiwan,2025,19605,Consumer Discretionary,Recreational Games/Products/Toys
YMM,Full Truck Alliance Co. Ltd. American Depositary Shares (each representing 20 Class A Ordinary Shares),$8.30,-0.03,-0.36%,8680921802.00,China,2021,11599043,Technology,Computer Software: Prepackaged Software
YMT,Yimutian Inc. American Depositary Shares,$0.3021,-0.0476,-13.612%,34553313.00,China,2025,226989,Technology,EDP Services
YORW,York Water Company (The) Common Stock,$29.87,-0.37,-1.224%,431578129.00,United States,,1250146,Utilities,Water Supply
YOU,Clear Secure Inc. Class A Common Stock,$48.12,-0.67,-1.373%,6415435392.00,United States,2021,2263422,Technology,Computer Software: Prepackaged Software
YOUL,Youlife Group Inc. American Depositary Shares,$1.0599,-0.0001,-0.009%,80603911.00,China,,8394,Real Estate,Other Consumer Services
YPF,YPF Sociedad Anonima Common Stock,$41.92,0.33,0.793%,16487672283.00,Argentina,1993,5984425,Energy,Integrated oil Companies
YQ,17 Education & Technology Group Inc. American Depositary Shares,$2.516,-0.044,-1.719%,22270902.00,China,2020,812,Real Estate,Other Consumer Services
YRD,Yiren Digital Ltd. American Depositary Shares each representing two ordinary shares,$1.97,-0.06,-2.956%,170220773.00,China,2015,448876,Finance,Finance: Consumer Services
YSG,Yatsen Holding Limited American Depositary Shares each representing twenty (20) Class A Ordinary Shares,$3.81,-0.08,-2.057%,357561924.00,China,,151801,Consumer Discretionary,Package Goods/Cosmetics
YSS,York Space Systems Inc. Common Stock,$21.07,3.39,19.174%,2674718234.00,,2026,8691927,Industrials,Military/Government/Technical
YSXT,YSX Tech. Co. Ltd Class A Ordinary Shares,$1.63,0.09,5.844%,38203125.00,China,2024,196449,Consumer Discretionary,Automotive Aftermarket
YTRA,Yatra Online Inc. Ordinary Shares,$1.07,0.06,5.941%,66399653.00,India,,149574,Consumer Discretionary,Transportation Services
YUM,Yum! Brands Inc.,$156.41,0.16,0.102%,43236436633.00,United States,,3560373,Consumer Discretionary,Restaurants
YUMC,Yum China Holdings Inc. Common Stock,$51.74,-1.96,-3.65%,18269210013.00,United States,2016,1889101,Consumer Discretionary,Restaurants
YXT,YXT.COM GROUP HOLDING LIMITED American Depository Shares,$0.562,-0.018,-3.103%,33762449.00,China,2024,8637,Technology,Computer Software: Prepackaged Software
YYAI,AiRWA Inc. Common Stock,$0.9271,0.0381,4.286%,39026773.00,United States,,1213429,Consumer Discretionary,Recreational Games/Products/Toys
YYGH,YY Group Holding Limited Class A Ordinary Shares,$0.0278,-0.0024,-7.947%,2054036.00,Singapore,2024,106105841,Consumer Discretionary,Professional Services
Z,Zillow Group Inc. Class C Capital Stock,$43.95,-1.59,-3.491%,10544845093.00,United States,,5935342,Real Estate,Real Estate
ZBAI,ATIF Holdings Limited Ordinary Shares,$4.78,0.30,6.696%,49297923.00,United States,2019,16905,Consumer Discretionary,Professional Services
ZBAO,Zhibao Technology Inc. Class A Ordinary Shares,$0.7667,0.0031,0.406%,36996798.00,China,2024,2592,Finance,Specialty Insurers
ZBH,Zimmer Biomet Holdings Inc. Common Stock,$87.87,-1.97,-2.193%,17191941591.00,United States,,2751426,Health Care,Industrial Specialties
ZBIO,Zenas BioPharma Inc. Common Stock,$22.30,-1.07,-4.579%,1279374281.00,United States,2024,2323175,Health Care,Biotechnology: Pharmaceutical Preparations
ZBRA,Zebra Technologies Corporation Class A Common Stock,$203.62,-2.57,-1.246%,10016414768.00,United States,1991,1857880,Industrials,Industrial Machinery/Components
ZCMD,Zhongchao Inc. Class A Ordinary Shares,$1.54,-0.04,-2.532%,5920128.00,China,2020,31924,Real Estate,Other Consumer Services
ZD,Ziff Davis Inc. Common Stock,$42.26,-0.09,-0.213%,1591276465.00,United States,,2977373,Telecommunications,Telecommunications Equipment
ZDAI,DirectBooking Technology Co. Ltd. Class A Ordinary Shares,$3.81,-0.17,-4.271%,30646688.00,Hong Kong,2024,597,Consumer Discretionary,General Bldg Contractors - Nonresidential Bldgs
ZDGE,Zedge Inc. Class B Common Stock ,$2.96,0.10,3.497%,38604012.00,,2016,105662,Technology,Computer Software: Prepackaged Software
ZENA,ZenaTech Inc. Common Stock,$2.41,0.08,3.433%,135709233.00,Canada,,2100891,Technology,Computer Software: Prepackaged Software
ZEO,Zeo Energy Corporation Class A Common Stock,$0.8195,-0.0373,-4.353%,47171111.00,United States,2021,132722,Miscellaneous,Industrial Machinery/Components
ZEPP,Zepp Health Corporation American depositary shares each representing sixteen Class A ordinary shares,$13.41,-0.60,-4.283%,192675711.00,China,,108646,Technology,Computer Manufacturing
ZETA,Zeta Global Holdings Corp. Class A Common Stock,$16.95,-0.28,-1.625%,4137895020.00,United States,2021,8006753,Technology,Computer Software: Prepackaged Software
ZG,Zillow Group Inc. Class A Common Stock,$43.53,-1.36,-3.03%,10444075242.00,United States,2011,1629012,Real Estate,Real Estate
ZGM,Zenta Group Company Limited Class A Ordinary Shares,$1.61,0.11,7.333%,19012231.00,Macau,2025,7311,Consumer Discretionary,Professional Services
ZGN,Ermenegildo Zegna N.V. Ordinary Shares,$9.68,0.43,4.649%,2444973229.00,,2021,1465798,Consumer Discretionary,Apparel
ZH,Zhihu Inc. American Depositary Shares each representing three (3) Class A Ordinary Shares,$2.78,-0.12,-4.138%,243430314.00,China,,3761188,Real Estate,Real Estate
ZIM,ZIM Integrated Shipping Services Ltd. Ordinary Shares,$25.88,-1.08,-4.006%,3117657699.00,,2021,2681825,Consumer Discretionary,Marine Transportation
ZION,Zions Bancorporation N.A. Common Stock,$54.05,-0.23,-0.424%,7993391207.00,United States,,2810365,Finance,Major Banks
ZIONP,Zions Bancorporation N.A. Depositary Shares (Each representing 1/40th Interest in a Share of Series A Floating-Rate Non-Cumulative Perpetual Preferred Stock),$19.20,-0.006,-0.031%,2839465517.00,United States,,7100,Finance,Major Banks
ZIP,ZipRecruiter Inc. Class A Common Stock,$2.15,-0.18,-7.725%,306950714.00,United States,2021,1528186,Technology,Computer Software: Programming Data Processing
ZJK,ZJK Industrial Co. Ltd. Class A Ordinary Shares,$2.21,0.27,13.918%,135652560.00,China,2024,74520,Industrials,Metal Fabrications
ZJYL,JIN MEDICAL INTERNATIONAL LTD. Class A Ordinary Shares,$2.09,-0.05,-2.336%,16359172.00,China,2023,7708,Health Care,Industrial Specialties
ZKH,ZKH Group Limited American Depositary Shares each representing thirty-five (35) Class A Ordinary Shares,$2.92,0.58,24.786%,466655513.00,Cayman Islands,2023,95382,Consumer Discretionary,RETAIL: Building Materials
ZKIN,ZK International Group Co. Ltd Ordinary Share,$1.72,0.02,1.176%,29708370.00,China,2017,959,Industrials,Metal Fabrications
ZKP,Lafayette Digital Acquisition Corp. I Class A Ordinary Shares,$9.8675,0.00,0.00%,0.00,United States,2026,1,Finance,Blank Checks
ZKPU,Lafayette Digital Acquisition Corp. I Unit,$9.93,0.00,0.00%,0.00,United States,2026,35,Finance,Blank Checks
ZKPW,Lafayette Digital Acquisition Corp. I Warrant,$0.2231,0.00,0.00%,0.00,United States,2026,20,Finance,Blank Checks
ZLAB,Zai Lab Limited American Depositary Shares,$18.09,-0.52,-2.794%,2001490969.00,China,2017,1622491,Health Care,Biotechnology: Pharmaceutical Preparations
ZM,Zoom Communications Inc. Class A Common Stock,$76.61,-0.13,-0.169%,22574430136.00,United States,2019,5473800,Technology,Computer Software: Programming Data Processing
ZNB,Zeta Network Group Class A Ordinary Shares,$2.93,-0.37,-11.212%,4631735.00,United States,,59268,Consumer Discretionary,Engineering & Construction
ZNTL,Zentalis Pharmaceuticals Inc. Common Stock,$2.62,0.06,2.344%,189297041.00,United States,2020,528035,Health Care,Biotechnology: Pharmaceutical Preparations
ZONE,CleanCore Solutions Inc. Class B Common Stock,$0.3812,0.0212,5.889%,80264034.00,,2024,4324246,Industrials,Industrial Machinery/Components
ZOOZ,ZOOZ Strategy Ltd. Ordinary Shares,$0.3414,-0.0168,-4.69%,55272586.00,Israel,,123440,Technology,Industrial Machinery/Components
ZOOZW,ZOOZ Strategy Ltd. Warrant,$0.0309,0.0064,26.122%,5002703.00,Israel,,4139,Technology,Industrial Machinery/Components
ZS,Zscaler Inc. Common Stock,$151.47,-3.93,-2.529%,24354967783.00,United States,2018,5075408,Technology,EDP Services
ZSPC,zSpace Inc. Common stock,$0.1443,0.0021,1.477%,5143278.00,United States,2024,1192039,Technology,Computer Software: Prepackaged Software
ZSTK,ZeroStack Corp. Common Stock,$9.64,1.43,17.418%,23432989.00,Canada,2021,68136,Health Care,Biotechnology: Pharmaceutical Preparations
ZTEK,Zentek Ltd. Common Stock,$0.6022,0.0032,0.534%,64762729.00,Canada,,20557,Industrials,Major Chemicals
ZTO,ZTO Express (Cayman) Inc. American Depositary Shares each representing one Class A ordinary share.,$24.46,-0.81,-3.205%,19677299265.00,China,2016,2531220,Industrials,Trucking Freight/Courier Services
ZTR,Virtus Total Return Fund Inc.,$6.55,-0.15,-2.239%,0.00,United States,1988,272448,Finance,Investment Managers
ZTS,Zoetis Inc. Class A Common Stock,$115.67,-0.32,-0.276%,48827512100.00,United States,2013,11424826,Health Care,Biotechnology: Pharmaceutical Preparations
ZUMZ,Zumiez Inc. Common Stock,$20.86,-0.19,-0.903%,353986899.00,United States,2005,275176,Consumer Discretionary,Clothing/Shoe/Accessory Stores
ZURA,Zura Bio Limited Class A Ordinary Shares,$5.50,-0.62,-10.131%,405243905.00,Cayman Islands,,1204076,Health Care,Biotechnology: Biological Products (No Diagnostic Substances)
ZVIA,Zevia PBC Class A Common Stock,$1.18,0.00,0.00%,88619728.00,United States,2021,1042078,Consumer Staples,Beverages (Production/Distribution)
ZVRA,Zevra Therapeutics Inc. Common Stock,$9.23,-0.17,-1.809%,541907920.00,United States,,833899,Health Care,Biotechnology: Pharmaceutical Preparations
ZWS,Zurn Elkay Water Solutions Corporation Common Stock,$43.79,-0.25,-0.568%,7336677492.00,United States,2012,3255834,Industrials,Industrial Machinery/Components
ZYBT,Zhengye Biotechnology Holding Limited Ordinary Shares,$0.71,-0.38,-34.862%,33647877.00,China,2025,136201,Health Care,Biotechnology: Pharmaceutical Preparations
ZYME,Zymeworks Inc. Common Stock,$23.32,-0.575,-2.406%,1719840835.00,United States,,603840,Health Care,Biotechnology: Pharmaceutical Preparations
